frame,mode,preprocess_ms,threshold_or_post_ms,detect_ms,total_ms,fps,objects,counts
1,contour,4.882,2.624,39.458,208.462,4.8,9,"{'other': 4, 'triangle': 2, 'rectangle': 2, 'pentagon': 1}"
2,contour,0.725,4.659,4.187,10.044,9.15,10,"{'pentagon': 3, 'triangle': 2, 'other': 3, 'rectangle': 2}"
3,contour,0.537,2.433,3.706,7.18,13.29,10,"{'rectangle': 2, 'pentagon': 4, 'triangle': 2, 'other': 2}"
4,contour,0.582,2.325,3.83,7.226,17.17,10,"{'other': 4, 'pentagon': 3, 'triangle': 1, 'rectangle': 2}"
5,contour,0.412,2.037,2.949,5.918,20.94,10,"{'other': 4, 'rectangle': 4, 'pentagon': 1, 'triangle': 1}"
6,contour,0.526,2.248,3.032,6.35,24.47,8,"{'triangle': 3, 'pentagon': 1, 'other': 3, 'rectangle': 1}"
7,contour,0.397,2.033,2.84,5.736,27.9,8,"{'triangle': 2, 'rectangle': 2, 'other': 3, 'pentagon': 1}"
8,contour,0.438,1.921,3.111,6.062,31.13,9,"{'pentagon': 3, 'rectangle': 3, 'other': 2, 'triangle': 1}"
9,contour,0.577,2.087,2.897,6.012,34.22,9,"{'pentagon': 1, 'rectangle': 3, 'other': 4, 'triangle': 1}"
10,contour,0.413,2.122,2.9,5.879,37.19,10,"{'pentagon': 2, 'other': 4, 'rectangle': 2, 'triangle': 2}"
11,contour,0.554,2.368,3.562,6.942,39.88,10,"{'pentagon': 3, 'triangle': 4, 'rectangle': 2, 'other': 1}"
12,contour,0.501,2.102,3.094,6.136,42.56,9,"{'pentagon': 3, 'rectangle': 2, 'triangle': 2, 'other': 2}"
13,contour,0.524,2.103,3.482,6.684,45.04,8,"{'triangle': 3, 'rectangle': 1, 'other': 4}"
14,contour,0.328,1.546,2.389,4.699,47.73,10,"{'pentagon': 2, 'rectangle': 2, 'other': 5, 'triangle': 1}"
15,contour,0.298,2.391,2.186,5.248,50.24,12,"{'pentagon': 2, 'rectangle': 4, 'other': 5, 'triangle': 1}"
16,contour,0.428,3.143,2.56,6.936,52.37,10,"{'triangle': 3, 'other': 4, 'rectangle': 2, 'pentagon': 1}"
17,contour,0.52,1.639,2.918,5.413,54.68,12,"{'pentagon': 3, 'rectangle': 3, 'triangle': 2, 'other': 4}"
18,contour,0.407,2.303,2.146,5.208,56.94,12,"{'pentagon': 3, 'rectangle': 1, 'triangle': 3, 'other': 5}"
19,contour,0.46,1.477,2.36,4.782,59.21,11,"{'pentagon': 3, 'rectangle': 2, 'triangle': 2, 'other': 4}"
20,contour,0.45,1.447,2.162,4.345,61.49,8,"{'pentagon': 2, 'other': 3, 'triangle': 1, 'rectangle': 2}"
21,contour,0.601,1.655,2.528,5.098,63.57,9,"{'triangle': 4, 'rectangle': 2, 'other': 2, 'pentagon': 1}"
22,contour,0.355,1.365,2.741,4.761,65.65,8,"{'pentagon': 3, 'triangle': 3, 'other': 1, 'rectangle': 1}"
23,contour,0.32,2.169,2.059,4.899,67.64,7,"{'triangle': 2, 'other': 1, 'pentagon': 2, 'rectangle': 2}"
24,contour,0.284,1.494,2.638,4.871,69.59,8,"{'triangle': 4, 'other': 2, 'rectangle': 2}"
25,contour,0.383,3.956,3.162,7.955,70.85,9,"{'pentagon': 1, 'triangle': 3, 'other': 4, 'rectangle': 1}"
26,contour,0.585,2.244,2.741,6.262,72.4,7,"{'pentagon': 2, 'triangle': 3, 'other': 2}"
27,contour,0.527,3.514,2.818,7.248,73.7,8,"{'rectangle': 4, 'other': 2, 'triangle': 1, 'pentagon': 1}"
28,contour,0.421,1.781,2.999,5.893,75.22,9,"{'other': 5, 'triangle': 2, 'rectangle': 1, 'pentagon': 1}"
29,contour,0.535,1.816,1.758,4.462,76.98,9,"{'triangle': 4, 'pentagon': 1, 'other': 4}"
30,contour,0.344,2.7,2.081,5.475,78.5,9,"{'rectangle': 2, 'triangle': 3, 'pentagon': 3, 'other': 1}"
31,contour,0.308,1.615,2.018,4.388,168.43,6,"{'triangle': 3, 'other': 1, 'pentagon': 1, 'rectangle': 1}"
32,contour,0.336,1.372,2.073,4.129,174.22,10,"{'rectangle': 3, 'triangle': 3, 'other': 3, 'pentagon': 1}"
33,contour,0.647,1.945,1.919,4.929,176.53,11,"{'rectangle': 2, 'pentagon': 2, 'other': 5, 'triangle': 2}"
34,contour,0.337,1.271,1.759,3.766,180.2,11,"{'other': 3, 'rectangle': 3, 'pentagon': 3, 'triangle': 2}"
35,contour,0.302,1.305,2.321,4.462,181.79,9,"{'triangle': 3, 'pentagon': 1, 'other': 3, 'rectangle': 2}"
36,contour,0.301,1.527,2.295,4.519,183.83,12,"{'other': 5, 'triangle': 4, 'pentagon': 1, 'rectangle': 2}"
37,contour,0.437,1.463,2.078,4.353,185.4,12,"{'other': 9, 'rectangle': 2, 'triangle': 1}"
38,contour,0.277,1.494,2.435,4.527,187.17,10,"{'other': 5, 'rectangle': 2, 'triangle': 3}"
39,contour,0.37,1.576,2.317,4.604,188.83,10,"{'pentagon': 1, 'rectangle': 3, 'other': 4, 'triangle': 2}"
40,contour,0.369,1.894,1.917,4.506,190.48,11,"{'pentagon': 3, 'other': 5, 'rectangle': 2, 'triangle': 1}"
41,contour,0.292,1.409,1.711,3.781,194.38,8,"{'other': 4, 'rectangle': 1, 'triangle': 3}"
42,contour,0.355,1.391,1.747,3.838,197.32,10,"{'other': 6, 'pentagon': 1, 'rectangle': 3}"
43,contour,0.366,1.69,2.365,4.851,199.73,14,"{'other': 8, 'pentagon': 3, 'rectangle': 1, 'triangle': 2}"
44,contour,0.282,1.526,1.754,3.962,200.71,11,"{'pentagon': 4, 'other': 3, 'triangle': 1, 'rectangle': 3}"
45,contour,0.328,1.83,1.746,4.245,202.07,9,"{'pentagon': 2, 'other': 4, 'rectangle': 3}"
46,contour,0.384,1.723,1.695,4.181,205.89,9,"{'pentagon': 4, 'other': 2, 'rectangle': 2, 'triangle': 1}"
47,contour,0.4,1.754,2.072,4.789,206.77,9,"{'pentagon': 3, 'other': 2, 'rectangle': 3, 'triangle': 1}"
48,contour,0.312,1.532,2.17,4.324,208.04,10,"{'pentagon': 4, 'rectangle': 3, 'triangle': 1, 'other': 2}"
49,contour,0.529,2.415,1.607,4.901,207.87,11,"{'triangle': 2, 'pentagon': 2, 'other': 4, 'rectangle': 3}"
50,contour,0.271,1.375,1.724,3.76,208.71,12,"{'triangle': 3, 'pentagon': 1, 'other': 3, 'rectangle': 5}"
51,contour,0.277,1.297,1.597,3.625,210.87,10,"{'triangle': 2, 'pentagon': 2, 'other': 3, 'rectangle': 3}"
52,contour,0.327,1.397,1.581,3.706,212.45,10,"{'triangle': 2, 'pentagon': 2, 'rectangle': 3, 'other': 3}"
53,contour,0.276,1.518,1.551,3.727,214.22,10,"{'triangle': 3, 'other': 3, 'rectangle': 4}"
54,contour,0.298,1.493,1.618,3.834,215.82,12,"{'triangle': 1, 'pentagon': 1, 'rectangle': 5, 'other': 5}"
55,contour,0.354,2.475,3.314,6.843,217.56,9,"{'triangle': 1, 'rectangle': 4, 'pentagon': 2, 'other': 2}"
56,contour,0.576,1.955,1.948,5.124,219.37,9,"{'triangle': 1, 'rectangle': 5, 'pentagon': 1, 'other': 2}"
57,contour,0.518,1.397,1.604,4.018,224.68,9,"{'triangle': 1, 'rectangle': 3, 'pentagon': 2, 'other': 3}"
58,contour,0.387,1.298,1.6,3.633,228.55,8,"{'other': 4, 'pentagon': 1, 'triangle': 1, 'rectangle': 2}"
59,contour,0.278,2.08,1.636,4.367,228.72,11,"{'triangle': 1, 'pentagon': 2, 'other': 7, 'rectangle': 1}"
60,contour,0.272,1.308,1.448,3.338,232.5,9,"{'triangle': 1, 'pentagon': 3, 'other': 4, 'rectangle': 1}"
61,contour,0.273,1.513,1.512,3.78,233.6,9,"{'triangle': 2, 'pentagon': 3, 'other': 4}"
62,contour,0.359,1.524,1.505,3.733,234.33,9,"{'triangle': 2, 'pentagon': 4, 'rectangle': 1, 'other': 2}"
63,contour,0.398,1.596,2.068,4.45,235.21,7,"{'triangle': 2, 'pentagon': 2, 'other': 3}"
64,contour,0.279,1.295,1.512,3.536,235.63,10,"{'triangle': 1, 'other': 7, 'pentagon': 2}"
65,contour,0.29,1.701,1.548,4.031,236.43,9,"{'triangle': 2, 'other': 5, 'pentagon': 2}"
66,contour,0.328,1.702,1.461,3.903,237.59,8,"{'triangle': 3, 'pentagon': 3, 'other': 1, 'rectangle': 1}"
67,contour,0.401,1.268,1.44,3.438,239.32,7,"{'triangle': 2, 'pentagon': 2, 'other': 2, 'rectangle': 1}"
68,contour,0.437,1.7,1.311,3.863,240.59,6,"{'triangle': 1, 'other': 5}"
69,contour,0.334,1.7,1.375,3.805,242.14,6,"{'rectangle': 2, 'pentagon': 1, 'other': 3}"
70,contour,0.309,1.312,1.359,3.404,244.32,7,"{'rectangle': 1, 'other': 6}"
71,contour,0.332,1.315,1.392,3.433,245.01,8,"{'pentagon': 1, 'triangle': 1, 'other': 6}"
72,contour,0.369,1.258,1.431,3.476,245.74,10,"{'rectangle': 2, 'other': 7, 'triangle': 1}"
73,contour,0.313,1.569,1.423,3.705,248.07,8,"{'other': 5, 'rectangle': 1, 'triangle': 2}"
74,contour,0.328,1.409,1.471,3.722,248.56,9,"{'triangle': 2, 'other': 6, 'rectangle': 1}"
75,contour,0.432,1.35,1.496,3.752,249.58,9,"{'triangle': 2, 'pentagon': 1, 'rectangle': 1, 'other': 5}"
76,contour,0.314,1.602,1.658,3.989,249.98,9,"{'square': 1, 'triangle': 3, 'rectangle': 1, 'other': 4}"
77,contour,0.31,1.442,1.397,3.494,252.71,8,"{'square': 1, 'triangle': 1, 'rectangle': 1, 'other': 5}"
78,contour,0.314,1.562,1.431,3.775,253.88,10,"{'square': 1, 'triangle': 1, 'rectangle': 1, 'other': 6, 'pentagon': 1}"
79,contour,0.31,1.269,1.416,3.401,257.15,10,"{'rectangle': 2, 'triangle': 1, 'other': 6, 'pentagon': 1}"
80,contour,0.397,1.721,1.289,3.724,257.23,6,{'other': 6}
81,contour,0.361,1.412,1.302,3.396,257.73,6,{'other': 6}
82,contour,0.31,1.297,1.329,3.349,258.53,7,"{'triangle': 1, 'rectangle': 1, 'other': 5}"
83,contour,0.285,1.57,1.313,3.581,258.85,8,"{'rectangle': 2, 'pentagon': 1, 'other': 5}"
84,contour,0.315,1.479,1.31,3.537,259.52,7,"{'other': 5, 'rectangle': 2}"
85,contour,0.335,2.478,2.182,5.583,262.38,9,"{'triangle': 2, 'rectangle': 1, 'pentagon': 1, 'other': 5}"
86,contour,0.489,3.178,2.092,6.53,259.19,8,"{'rectangle': 2, 'triangle': 1, 'other': 5}"
87,contour,0.445,1.799,1.725,4.607,257.88,7,"{'other': 5, 'triangle': 1, 'rectangle': 1}"
88,contour,0.282,1.41,1.296,3.384,258.43,7,"{'triangle': 1, 'pentagon': 2, 'other': 4}"
89,contour,0.265,1.318,1.24,3.262,260.91,5,"{'other': 4, 'pentagon': 1}"
90,contour,0.275,1.308,1.309,3.275,261.06,7,"{'triangle': 1, 'other': 4, 'pentagon': 2}"
91,contour,0.333,1.279,1.311,3.394,261.94,6,"{'other': 5, 'pentagon': 1}"
92,contour,0.31,1.466,1.323,3.505,262.46,6,"{'other': 4, 'pentagon': 1, 'rectangle': 1}"
93,contour,0.327,1.275,1.432,3.504,264.65,7,"{'other': 4, 'pentagon': 1, 'rectangle': 2}"
94,contour,0.372,1.48,1.459,3.701,264.26,8,"{'pentagon': 2, 'other': 6}"
95,contour,0.337,1.309,1.486,3.597,265.28,8,"{'pentagon': 2, 'triangle': 1, 'other': 5}"
96,contour,0.372,1.613,1.508,3.898,265.29,8,"{'pentagon': 1, 'other': 7}"
97,contour,0.401,1.628,1.497,3.964,264.06,8,"{'rectangle': 1, 'other': 7}"
98,contour,0.345,1.418,1.5,3.682,264.48,8,"{'square': 1, 'triangle': 1, 'other': 6}"
99,contour,0.397,1.531,1.866,4.238,263.48,8,"{'other': 4, 'pentagon': 2, 'rectangle': 2}"
100,contour,0.396,1.636,1.591,4.092,261.9,6,"{'pentagon': 2, 'triangle': 1, 'other': 1, 'rectangle': 2}"
101,contour,0.34,1.381,1.624,3.772,261.12,8,"{'square': 1, 'other': 4, 'rectangle': 2, 'pentagon': 1}"
102,contour,0.383,1.444,1.597,3.945,260.06,8,"{'rectangle': 4, 'other': 2, 'triangle': 1, 'pentagon': 1}"
103,contour,0.343,1.374,1.575,3.64,260.21,6,"{'other': 5, 'rectangle': 1}"
104,contour,0.296,1.421,1.538,3.649,260.37,6,"{'other': 4, 'triangle': 1, 'rectangle': 1}"
105,contour,0.3,1.435,1.524,3.642,260.62,6,"{'other': 3, 'pentagon': 1, 'rectangle': 2}"
106,contour,0.414,1.436,1.648,3.901,260.82,7,"{'pentagon': 2, 'other': 3, 'rectangle': 2}"
107,contour,0.348,1.333,1.536,3.616,260.54,7,"{'other': 4, 'triangle': 1, 'pentagon': 1, 'rectangle': 1}"
108,contour,0.301,1.304,1.579,3.623,260.89,9,"{'pentagon': 2, 'other': 5, 'triangle': 1, 'rectangle': 1}"
109,contour,0.518,1.389,1.486,3.812,259.96,9,"{'rectangle': 2, 'other': 4, 'triangle': 1, 'pentagon': 2}"
110,contour,0.317,1.282,1.699,3.766,259.86,12,"{'other': 7, 'rectangle': 2, 'pentagon': 3}"
111,contour,0.341,1.427,1.708,3.905,258.72,11,"{'pentagon': 3, 'rectangle': 3, 'other': 4, 'triangle': 1}"
112,contour,0.28,1.44,1.603,3.741,257.85,8,"{'pentagon': 1, 'rectangle': 2, 'other': 3, 'triangle': 2}"
113,contour,0.448,1.443,1.593,3.949,257.04,8,"{'rectangle': 2, 'other': 4, 'pentagon': 2}"
114,contour,0.301,1.3,1.559,3.577,256.95,9,"{'rectangle': 2, 'other': 4, 'triangle': 2, 'pentagon': 1}"
115,contour,0.261,1.418,1.527,3.564,261.47,9,"{'rectangle': 4, 'other': 4, 'triangle': 1}"
116,contour,0.377,1.374,1.606,3.824,267.79,10,"{'pentagon': 2, 'rectangle': 2, 'other': 5, 'triangle': 1}"
117,contour,0.281,1.413,1.502,3.597,270.22,9,"{'rectangle': 3, 'other': 6}"
118,contour,0.337,1.314,1.563,3.669,269.53,9,"{'pentagon': 3, 'rectangle': 2, 'triangle': 1, 'other': 3}"
119,contour,0.371,1.498,1.566,3.788,268.26,9,"{'pentagon': 2, 'other': 4, 'triangle': 1, 'rectangle': 2}"
120,contour,0.317,1.581,1.562,3.929,266.71,8,"{'pentagon': 3, 'triangle': 1, 'other': 3, 'rectangle': 1}"
121,contour,0.401,1.467,1.58,3.86,265.61,8,"{'other': 3, 'pentagon': 2, 'triangle': 1, 'rectangle': 2}"
122,contour,0.328,1.325,1.663,3.722,265.1,10,"{'pentagon': 2, 'rectangle': 3, 'other': 4, 'triangle': 1}"
123,contour,0.387,2.437,2.849,6.225,258.87,9,"{'other': 5, 'rectangle': 2, 'triangle': 1, 'pentagon': 1}"
124,contour,0.302,1.555,1.632,4.161,257.85,9,"{'other': 5, 'rectangle': 2, 'pentagon': 2}"
125,contour,0.348,1.516,1.627,3.898,257.18,10,"{'other': 5, 'rectangle': 3, 'pentagon': 1, 'triangle': 1}"
126,contour,0.343,1.781,1.606,4.265,256.38,9,"{'pentagon': 3, 'rectangle': 3, 'other': 2, 'triangle': 1}"
127,contour,0.31,1.451,1.549,3.72,256.91,9,"{'pentagon': 3, 'rectangle': 3, 'other': 2, 'triangle': 1}"
128,contour,0.321,1.518,1.592,3.91,256.41,9,"{'pentagon': 3, 'other': 4, 'rectangle': 2}"
129,contour,0.322,1.709,1.552,3.998,256.94,8,"{'pentagon': 5, 'other': 1, 'rectangle': 2}"
130,contour,0.32,1.577,1.614,3.956,257.24,9,"{'pentagon': 3, 'other': 4, 'triangle': 1, 'rectangle': 1}"
131,contour,0.316,1.428,1.516,3.678,257.44,8,"{'pentagon': 3, 'other': 4, 'rectangle': 1}"
132,contour,0.403,1.867,2.498,5.367,254.34,8,"{'pentagon': 4, 'other': 3, 'rectangle': 1}"
133,contour,0.318,1.737,1.839,4.4,252.71,7,"{'other': 3, 'triangle': 1, 'pentagon': 2, 'rectangle': 1}"
134,contour,0.346,1.924,2.32,5.025,249.82,8,"{'rectangle': 4, 'other': 3, 'pentagon': 1}"
135,contour,0.33,1.332,1.552,3.563,249.98,8,"{'rectangle': 3, 'other': 4, 'pentagon': 1}"
136,contour,0.288,1.329,1.666,3.709,250.38,8,"{'pentagon': 4, 'other': 2, 'rectangle': 2}"
137,contour,0.32,1.402,1.736,3.865,249.86,8,"{'other': 6, 'pentagon': 1, 'rectangle': 1}"
138,contour,0.383,1.893,1.55,4.225,248.62,8,"{'pentagon': 1, 'other': 5, 'triangle': 1, 'rectangle': 1}"
139,contour,0.391,1.338,1.546,3.693,248.86,8,"{'rectangle': 3, 'other': 4, 'pentagon': 1}"
140,contour,0.34,1.576,1.598,3.97,248.44,6,"{'pentagon': 2, 'other': 2, 'rectangle': 2}"
141,contour,0.329,1.278,1.629,3.66,248.95,9,"{'pentagon': 4, 'other': 2, 'rectangle': 3}"
142,contour,0.304,1.487,1.633,3.853,248.71,8,"{'rectangle': 4, 'other': 2, 'pentagon': 2}"
143,contour,0.289,1.472,1.842,4.009,248.59,8,"{'rectangle': 4, 'other': 3, 'pentagon': 1}"
144,contour,0.399,1.969,1.8,4.614,246.47,8,"{'pentagon': 2, 'other': 4, 'rectangle': 2}"
145,contour,0.472,1.396,1.639,3.928,245.74,8,"{'rectangle': 3, 'other': 5}"
146,contour,0.412,1.44,1.552,3.93,245.53,7,"{'rectangle': 3, 'pentagon': 2, 'other': 2}"
147,contour,0.403,1.429,1.737,4.054,244.61,9,"{'rectangle': 3, 'pentagon': 2, 'other': 2, 'triangle': 2}"
148,contour,0.318,1.569,1.647,3.977,244.0,9,"{'pentagon': 2, 'rectangle': 4, 'other': 3}"
149,contour,0.263,1.342,1.625,3.65,244.27,8,"{'pentagon': 2, 'other': 4, 'rectangle': 1, 'triangle': 1}"
150,contour,0.264,1.362,1.708,3.711,244.7,11,"{'rectangle': 2, 'pentagon': 4, 'other': 5}"
151,contour,0.41,2.043,1.748,4.655,243.13,10,"{'rectangle': 2, 'other': 6, 'pentagon': 2}"
152,contour,0.307,1.494,1.656,3.871,242.83,9,"{'pentagon': 1, 'other': 5, 'rectangle': 3}"
153,contour,0.313,1.531,1.715,3.992,247.3,9,"{'pentagon': 1, 'other': 5, 'rectangle': 3}"
154,contour,0.319,1.368,1.705,3.854,247.93,9,"{'pentagon': 2, 'square': 1, 'other': 3, 'rectangle': 3}"
155,contour,0.354,1.396,1.698,3.866,248.0,9,"{'pentagon': 1, 'triangle': 2, 'other': 3, 'rectangle': 3}"
156,contour,0.386,1.384,1.648,3.856,248.84,10,"{'pentagon': 3, 'other': 4, 'triangle': 1, 'rectangle': 2}"
157,contour,0.373,1.757,1.667,4.227,247.8,10,"{'pentagon': 2, 'other': 5, 'triangle': 1, 'rectangle': 2}"
158,contour,0.621,2.238,1.676,4.963,245.66,9,"{'rectangle': 4, 'other': 3, 'pentagon': 1, 'triangle': 1}"
159,contour,0.331,1.409,1.891,4.375,244.9,10,"{'rectangle': 2, 'square': 1, 'pentagon': 1, 'triangle': 2, 'other': 4}"
160,contour,0.337,1.38,1.654,3.826,245.16,8,"{'rectangle': 3, 'square': 1, 'triangle': 1, 'other': 3}"
161,contour,0.332,1.536,1.669,4.177,244.17,9,"{'other': 3, 'square': 1, 'pentagon': 1, 'triangle': 1, 'rectangle': 3}"
162,contour,0.426,3.092,3.423,7.769,239.48,9,"{'pentagon': 2, 'other': 3, 'triangle': 1, 'rectangle': 3}"
163,contour,0.435,1.985,2.272,5.14,238.08,9,"{'pentagon': 1, 'rectangle': 4, 'other': 3, 'triangle': 1}"
164,contour,0.645,1.939,2.229,5.433,237.31,9,"{'pentagon': 2, 'other': 4, 'rectangle': 3}"
165,contour,0.403,1.522,1.789,4.132,236.25,9,"{'pentagon': 3, 'other': 4, 'rectangle': 2}"
166,contour,0.423,1.573,1.651,4.056,235.6,9,"{'pentagon': 1, 'other': 6, 'rectangle': 2}"
167,contour,0.4,1.773,1.665,4.243,234.91,9,"{'rectangle': 4, 'other': 5}"
168,contour,0.373,1.305,1.649,3.745,235.79,9,"{'rectangle': 4, 'other': 4, 'pentagon': 1}"
169,contour,0.346,1.608,1.516,3.9,235.41,8,"{'other': 4, 'rectangle': 2, 'pentagon': 1, 'triangle': 1}"
170,contour,0.436,1.639,1.727,4.208,234.97,7,"{'other': 3, 'pentagon': 2, 'rectangle': 2}"
171,contour,0.306,1.437,1.59,3.743,234.82,9,"{'rectangle': 2, 'pentagon': 2, 'other': 4, 'triangle': 1}"
172,contour,0.349,1.283,1.779,3.942,234.66,10,"{'pentagon': 3, 'other': 4, 'triangle': 1, 'rectangle': 2}"
173,contour,0.378,1.599,1.674,4.084,234.52,10,"{'pentagon': 2, 'triangle': 2, 'other': 4, 'rectangle': 2}"
174,contour,0.401,1.312,1.71,3.839,235.95,9,"{'pentagon': 3, 'rectangle': 3, 'other': 3}"
175,contour,0.398,1.568,1.68,4.06,235.7,9,"{'pentagon': 3, 'other': 4, 'triangle': 1, 'rectangle': 1}"
176,contour,0.368,1.439,1.612,3.859,235.84,8,"{'pentagon': 1, 'other': 6, 'triangle': 1}"
177,contour,0.381,1.498,1.627,3.934,236.06,8,"{'pentagon': 2, 'rectangle': 2, 'other': 4}"
178,contour,0.359,1.368,1.576,3.747,236.49,9,"{'pentagon': 2, 'other': 5, 'rectangle': 2}"
179,contour,0.402,1.346,1.608,3.806,236.2,8,"{'pentagon': 2, 'other': 4, 'rectangle': 2}"
180,contour,0.471,1.92,1.588,4.458,234.82,9,"{'rectangle': 4, 'pentagon': 2, 'other': 3}"
181,contour,0.296,1.434,1.707,3.976,236.07,10,"{'rectangle': 4, 'pentagon': 3, 'triangle': 1, 'other': 2}"
182,contour,0.294,1.49,1.697,3.868,236.08,9,"{'rectangle': 4, 'other': 5}"
183,contour,0.336,2.403,3.384,6.735,231.09,9,"{'rectangle': 5, 'other': 2, 'pentagon': 2}"
184,contour,0.32,1.547,1.885,4.126,230.6,8,"{'rectangle': 5, 'triangle': 1, 'pentagon': 1, 'other': 1}"
185,contour,0.325,1.439,1.645,3.765,230.78,8,"{'rectangle': 3, 'other': 3, 'pentagon': 1, 'triangle': 1}"
186,contour,0.323,1.355,1.513,3.54,231.35,7,"{'other': 5, 'rectangle': 2}"
187,contour,0.298,1.716,1.619,3.99,231.77,7,"{'pentagon': 3, 'other': 3, 'triangle': 1}"
188,contour,0.406,1.721,2.191,4.949,231.79,6,"{'other': 2, 'rectangle': 2, 'pentagon': 1, 'triangle': 1}"
189,contour,0.476,1.505,1.655,4.019,232.43,11,"{'pentagon': 4, 'rectangle': 3, 'other': 3, 'triangle': 1}"
190,contour,0.368,1.917,1.782,4.436,231.34,10,"{'other': 4, 'triangle': 4, 'pentagon': 1, 'rectangle': 1}"
191,contour,0.347,1.765,1.523,4.098,231.48,5,"{'other': 2, 'rectangle': 1, 'triangle': 1, 'pentagon': 1}"
192,contour,0.406,2.328,2.956,6.16,234.39,7,"{'pentagon': 2, 'other': 4, 'rectangle': 1}"
193,contour,0.399,2.544,2.448,5.86,233.08,6,"{'other': 4, 'rectangle': 1, 'triangle': 1}"
194,contour,0.342,1.662,2.025,4.533,234.72,8,"{'pentagon': 2, 'other': 5, 'rectangle': 1}"
195,contour,0.426,1.341,1.785,3.957,235.04,7,"{'pentagon': 2, 'other': 2, 'rectangle': 2, 'triangle': 1}"
196,contour,0.343,1.499,1.447,3.65,235.79,7,"{'pentagon': 2, 'other': 4, 'rectangle': 1}"
197,contour,0.43,1.493,1.503,3.778,236.65,8,"{'rectangle': 3, 'other': 5}"
198,contour,0.336,1.717,1.508,3.904,236.36,9,"{'pentagon': 2, 'rectangle': 2, 'other': 5}"
199,contour,0.315,1.766,1.726,4.183,235.83,9,"{'pentagon': 3, 'other': 4, 'rectangle': 2}"
200,contour,0.362,1.301,1.421,3.253,237.62,7,"{'triangle': 1, 'other': 4, 'rectangle': 2}"
201,contour,0.255,1.257,1.443,3.323,238.41,8,"{'other': 5, 'rectangle': 3}"
202,contour,0.59,1.72,1.687,4.446,237.46,8,"{'triangle': 1, 'other': 5, 'rectangle': 2}"
203,contour,0.367,1.338,1.445,3.542,238.48,7,"{'pentagon': 2, 'other': 4, 'rectangle': 1}"
204,contour,0.502,1.728,1.525,4.328,237.56,10,"{'triangle': 1, 'other': 6, 'pentagon': 2, 'rectangle': 1}"
205,contour,0.431,1.468,1.498,3.789,238.07,9,"{'triangle': 1, 'other': 3, 'pentagon': 2, 'rectangle': 3}"
206,contour,0.475,1.871,1.664,4.502,236.86,8,"{'triangle': 1, 'other': 4, 'pentagon': 1, 'rectangle': 2}"
207,contour,0.38,2.29,2.583,5.869,233.3,6,"{'other': 5, 'rectangle': 1}"
208,contour,0.323,1.766,2.374,5.094,230.88,6,"{'other': 5, 'rectangle': 1}"
209,contour,0.307,1.514,1.395,3.699,231.07,7,"{'triangle': 1, 'other': 5, 'rectangle': 1}"
210,contour,0.388,1.305,1.409,3.513,232.76,7,"{'other': 6, 'rectangle': 1}"
211,contour,0.334,1.238,1.392,3.389,233.83,6,"{'other': 5, 'rectangle': 1}"
212,contour,0.378,1.426,1.46,3.441,234.61,7,"{'rectangle': 2, 'other': 5}"
213,contour,0.256,1.624,1.716,4.231,239.3,8,"{'other': 7, 'rectangle': 1}"
214,contour,0.359,1.544,1.546,3.915,239.7,8,"{'other': 6, 'rectangle': 2}"
215,contour,0.433,1.483,1.524,3.618,239.98,9,"{'rectangle': 2, 'triangle': 1, 'other': 5, 'pentagon': 1}"
216,contour,0.273,1.576,1.897,4.205,238.71,9,"{'rectangle': 2, 'other': 6, 'pentagon': 1}"
217,contour,0.363,1.418,1.558,3.773,239.13,8,"{'other': 7, 'rectangle': 1}"
218,contour,0.396,1.397,1.653,4.058,240.84,7,"{'other': 5, 'rectangle': 2}"
219,contour,0.358,1.88,1.496,4.205,240.48,7,"{'other': 6, 'rectangle': 1}"
220,contour,0.379,1.321,1.442,3.598,242.1,7,"{'pentagon': 1, 'other': 4, 'rectangle': 2}"
221,contour,0.38,2.038,1.55,4.393,241.53,6,"{'other': 5, 'rectangle': 1}"
222,contour,0.345,2.074,2.311,5.458,242.9,7,"{'pentagon': 2, 'other': 4, 'rectangle': 1}"
223,contour,0.34,1.625,2.235,4.81,244.99,7,"{'other': 6, 'rectangle': 1}"
224,contour,0.312,1.764,1.898,4.674,244.7,7,"{'other': 6, 'rectangle': 1}"
225,contour,0.474,1.501,1.503,3.955,244.71,9,"{'other': 7, 'pentagon': 1, 'rectangle': 1}"
226,contour,0.336,1.535,1.469,3.779,244.45,8,"{'other': 6, 'pentagon': 2}"
227,contour,0.512,1.65,1.622,4.218,243.58,9,"{'other': 6, 'pentagon': 1, 'rectangle': 2}"
228,contour,0.488,1.81,1.835,4.32,242.76,9,"{'pentagon': 2, 'other': 5, 'rectangle': 2}"
229,contour,0.254,1.387,1.268,3.345,244.41,5,"{'other': 4, 'rectangle': 1}"
230,contour,0.403,1.416,1.5,3.728,243.47,8,"{'pentagon': 2, 'triangle': 2, 'other': 3, 'rectangle': 1}"
231,contour,0.307,1.259,1.467,3.52,243.08,8,"{'pentagon': 1, 'other': 5, 'rectangle': 2}"
232,contour,0.387,1.586,1.58,3.733,244.49,8,"{'pentagon': 2, 'rectangle': 2, 'square': 1, 'other': 3}"
233,contour,0.23,1.205,1.521,3.393,244.79,7,"{'other': 3, 'rectangle': 3, 'pentagon': 1}"
234,contour,0.436,1.437,1.574,3.87,245.71,7,"{'rectangle': 3, 'pentagon': 2, 'other': 2}"
235,contour,0.335,1.598,1.435,3.541,246.21,3,"{'triangle': 1, 'rectangle': 2}"
236,contour,0.332,1.275,1.467,3.502,248.24,6,"{'rectangle': 3, 'square': 1, 'other': 1, 'pentagon': 1}"
237,contour,0.388,1.39,1.518,3.474,253.26,5,"{'rectangle': 2, 'triangle': 1, 'square': 1, 'other': 1}"
238,contour,0.241,1.306,1.458,3.44,256.85,6,"{'rectangle': 3, 'other': 2, 'square': 1}"
239,contour,0.352,1.378,1.407,3.361,257.6,4,"{'square': 1, 'rectangle': 2, 'other': 1}"
240,contour,0.307,1.851,1.524,3.862,256.83,8,"{'triangle': 2, 'pentagon': 1, 'other': 2, 'square': 1, 'rectangle': 2}"
241,contour,0.283,1.759,1.495,4.012,255.47,8,"{'rectangle': 3, 'pentagon': 3, 'other': 2}"
242,contour,0.354,1.515,1.503,3.547,255.24,6,"{'rectangle': 2, 'pentagon': 2, 'other': 2}"
243,contour,0.256,2.015,3.355,6.338,250.74,9,"{'rectangle': 1, 'pentagon': 2, 'other': 6}"
244,contour,0.367,1.794,1.687,4.3,249.94,8,"{'other': 4, 'pentagon': 1, 'triangle': 1, 'rectangle': 2}"
245,contour,0.358,1.932,1.627,4.084,248.97,8,"{'triangle': 2, 'pentagon': 1, 'other': 5}"
246,contour,0.313,1.443,1.538,3.712,249.99,6,"{'pentagon': 2, 'other': 2, 'rectangle': 2}"
247,contour,0.422,1.326,1.604,3.517,250.53,8,"{'pentagon': 2, 'other': 6}"
248,contour,0.266,1.488,1.604,3.822,251.02,9,"{'pentagon': 4, 'other': 2, 'triangle': 2, 'rectangle': 1}"
249,contour,0.328,1.471,1.499,3.452,252.61,7,"{'pentagon': 1, 'other': 6}"
250,contour,0.291,1.298,1.535,3.299,253.25,7,"{'pentagon': 1, 'other': 6}"
251,contour,0.242,1.495,1.557,4.062,253.96,8,"{'pentagon': 1, 'other': 5, 'rectangle': 2}"
252,contour,0.464,2.398,2.115,5.152,254.62,8,"{'pentagon': 1, 'other': 4, 'triangle': 2, 'rectangle': 1}"
253,contour,0.33,1.952,1.702,4.461,255.38,8,"{'pentagon': 2, 'other': 5, 'rectangle': 1}"
254,contour,0.306,1.352,1.555,3.435,258.1,8,"{'rectangle': 2, 'pentagon': 2, 'other': 4}"
255,contour,0.199,1.227,1.537,3.382,259.38,8,"{'triangle': 2, 'pentagon': 3, 'other': 2, 'rectangle': 1}"
256,contour,0.325,1.457,1.561,3.512,259.98,7,"{'pentagon': 2, 'other': 3, 'triangle': 1, 'rectangle': 1}"
257,contour,0.24,1.207,1.64,3.556,261.48,9,"{'rectangle': 2, 'pentagon': 4, 'other': 3}"
258,contour,0.375,1.492,1.651,3.7,262.9,8,"{'pentagon': 2, 'other': 4, 'rectangle': 2}"
259,contour,0.262,1.313,1.6,3.62,262.27,7,"{'rectangle': 3, 'other': 4}"
260,contour,0.355,1.48,1.596,3.604,262.56,7,"{'triangle': 2, 'rectangle': 2, 'pentagon': 2, 'other': 1}"
261,contour,0.252,1.335,1.657,3.682,262.19,10,"{'triangle': 2, 'rectangle': 3, 'pentagon': 4, 'other': 1}"
262,contour,0.394,1.468,1.666,3.708,262.24,9,"{'triangle': 2, 'rectangle': 2, 'pentagon': 4, 'other': 1}"
263,contour,0.221,1.206,1.61,3.225,262.63,6,"{'triangle': 2, 'pentagon': 1, 'other': 2, 'rectangle': 1}"
264,contour,0.23,1.464,1.682,3.547,263.37,10,"{'triangle': 4, 'pentagon': 3, 'other': 2, 'rectangle': 1}"
265,contour,0.287,1.961,1.806,4.536,261.09,10,"{'triangle': 2, 'rectangle': 2, 'pentagon': 2, 'other': 4}"
266,contour,0.345,1.688,1.7,4.151,259.62,10,"{'triangle': 2, 'rectangle': 2, 'pentagon': 1, 'other': 5}"
267,contour,0.36,1.401,1.663,3.832,258.82,11,"{'rectangle': 3, 'triangle': 3, 'pentagon': 1, 'other': 4}"
268,contour,0.484,1.307,1.731,3.705,258.23,12,"{'pentagon': 4, 'triangle': 2, 'rectangle': 2, 'other': 4}"
269,contour,0.234,1.26,1.727,3.389,258.17,13,"{'pentagon': 4, 'triangle': 2, 'other': 6, 'rectangle': 1}"
270,contour,0.277,1.572,1.925,4.266,257.27,12,"{'rectangle': 5, 'pentagon': 3, 'triangle': 1, 'other': 3}"
271,contour,0.339,1.42,1.837,3.786,257.77,13,"{'pentagon': 5, 'triangle': 1, 'other': 6, 'rectangle': 1}"
272,contour,0.296,1.416,1.744,3.624,257.6,11,"{'pentagon': 3, 'triangle': 1, 'other': 5, 'rectangle': 2}"
273,contour,0.25,1.433,1.774,3.887,263.14,12,"{'rectangle': 3, 'pentagon': 3, 'triangle': 1, 'other': 5}"
274,contour,0.359,2.118,2.147,5.257,260.95,10,"{'pentagon': 4, 'triangle': 1, 'rectangle': 3, 'other': 2}"
275,contour,0.304,1.735,2.531,4.811,259.31,11,"{'pentagon': 2, 'triangle': 1, 'other': 5, 'rectangle': 3}"
276,contour,0.225,1.442,2.067,3.906,258.87,11,"{'rectangle': 4, 'triangle': 1, 'pentagon': 2, 'other': 4}"
277,contour,0.266,1.396,1.84,4.068,257.65,11,"{'square': 1, 'triangle': 2, 'pentagon': 1, 'other': 5, 'rectangle': 2}"
278,contour,0.3,1.621,1.734,3.848,257.59,12,"{'square': 1, 'triangle': 1, 'rectangle': 4, 'pentagon': 3, 'other': 3}"
279,contour,0.304,1.415,1.748,3.892,256.62,13,"{'square': 1, 'triangle': 1, 'rectangle': 4, 'pentagon': 3, 'other': 4}"
280,contour,0.318,1.427,2.46,4.461,254.09,12,"{'square': 1, 'triangle': 1, 'pentagon': 4, 'other': 4, 'rectangle': 2}"
281,contour,0.25,1.536,1.919,3.882,254.48,12,"{'other': 7, 'triangle': 1, 'rectangle': 2, 'pentagon': 2}"
282,contour,0.254,1.288,1.79,3.77,257.5,13,"{'rectangle': 4, 'triangle': 1, 'pentagon': 4, 'other': 4}"
283,contour,0.423,3.232,2.247,6.522,253.02,12,"{'pentagon': 4, 'triangle': 2, 'other': 3, 'rectangle': 3}"
284,contour,0.439,1.98,1.932,4.554,250.66,11,"{'pentagon': 6, 'triangle': 1, 'other': 2, 'rectangle': 2}"
285,contour,0.321,1.611,1.809,3.986,249.4,11,"{'pentagon': 4, 'triangle': 1, 'other': 5, 'rectangle': 1}"
286,contour,0.23,1.255,1.729,3.821,248.76,11,"{'pentagon': 5, 'triangle': 1, 'other': 4, 'rectangle': 1}"
287,contour,0.497,1.319,1.683,3.665,248.53,11,"{'square': 1, 'triangle': 1, 'pentagon': 4, 'other': 3, 'rectangle': 2}"
288,contour,0.383,1.768,1.816,4.15,247.61,12,"{'rectangle': 4, 'pentagon': 3, 'other': 5}"
289,contour,0.263,1.459,1.62,3.772,247.3,9,"{'other': 5, 'pentagon': 3, 'rectangle': 1}"
290,contour,0.301,1.287,1.629,3.388,247.74,8,"{'other': 4, 'pentagon': 3, 'rectangle': 1}"
291,contour,0.303,1.397,1.635,3.783,247.54,8,"{'pentagon': 2, 'other': 5, 'rectangle': 1}"
292,contour,0.383,1.685,1.581,4.054,246.83,8,"{'pentagon': 1, 'rectangle': 1, 'other': 6}"
293,contour,0.346,1.285,1.679,3.497,246.28,10,"{'other': 7, 'pentagon': 1, 'rectangle': 2}"
294,contour,0.339,1.573,1.594,3.675,246.02,8,"{'pentagon': 2, 'rectangle': 1, 'other': 4, 'triangle': 1}"
295,contour,0.202,1.377,1.652,3.644,247.84,8,"{'rectangle': 2, 'other': 6}"
296,contour,0.31,1.439,1.607,3.522,249.13,8,"{'pentagon': 1, 'rectangle': 3, 'other': 4}"
297,contour,0.308,1.397,1.566,3.468,249.89,9,"{'pentagon': 1, 'rectangle': 3, 'other': 5}"
298,contour,0.291,1.465,1.988,3.934,249.41,9,"{'pentagon': 2, 'rectangle': 3, 'other': 4}"
299,contour,0.375,1.271,1.566,3.392,249.41,7,"{'pentagon': 1, 'other': 3, 'rectangle': 3}"
300,contour,0.331,1.223,1.735,3.74,250.5,9,"{'pentagon': 1, 'rectangle': 3, 'other': 5}"
301,contour,0.41,1.886,1.795,4.261,249.51,6,"{'pentagon': 1, 'other': 3, 'rectangle': 2}"
302,contour,0.205,1.229,1.587,3.447,249.88,7,"{'pentagon': 2, 'other': 3, 'rectangle': 2}"
303,contour,0.311,1.584,1.556,3.616,250.45,7,"{'pentagon': 1, 'other': 3, 'rectangle': 3}"
304,contour,0.302,1.66,1.733,4.187,252.71,8,"{'triangle': 2, 'pentagon': 1, 'other': 3, 'rectangle': 2}"
305,contour,0.329,1.565,1.523,3.933,254.59,8,"{'rectangle': 3, 'other': 2, 'triangle': 2, 'pentagon': 1}"
306,contour,0.317,1.625,1.581,3.776,254.87,7,"{'pentagon': 2, 'other': 3, 'rectangle': 1, 'triangle': 1}"
307,contour,0.228,1.198,1.533,3.375,256.38,9,"{'rectangle': 1, 'pentagon': 1, 'triangle': 2, 'other': 5}"
308,contour,0.431,1.565,1.767,3.931,256.2,6,"{'other': 4, 'pentagon': 1, 'rectangle': 1}"
309,contour,0.299,1.413,1.518,3.435,257.2,8,"{'other': 5, 'pentagon': 1, 'rectangle': 2}"
310,contour,0.305,1.726,1.728,4.29,257.58,10,"{'rectangle': 1, 'other': 5, 'square': 1, 'triangle': 3}"
311,contour,0.304,1.497,1.53,3.51,258.4,9,"{'pentagon': 1, 'other': 7, 'rectangle': 1}"
312,contour,0.241,1.556,2.13,4.437,256.93,12,"{'pentagon': 3, 'triangle': 2, 'other': 5, 'rectangle': 2}"
313,contour,0.356,1.821,1.62,4.019,262.56,11,"{'rectangle': 3, 'other': 6, 'triangle': 1, 'pentagon': 1}"
314,contour,0.241,1.993,2.001,4.861,261.85,9,"{'other': 5, 'pentagon': 3, 'rectangle': 1}"
315,contour,0.404,1.753,1.487,3.804,262.27,7,"{'pentagon': 1, 'rectangle': 2, 'other': 3, 'triangle': 1}"
316,contour,0.248,1.45,1.385,3.251,263.58,9,"{'other': 4, 'pentagon': 3, 'triangle': 1, 'rectangle': 1}"
317,contour,0.429,1.608,1.259,3.761,263.36,7,"{'other': 4, 'rectangle': 2, 'pentagon': 1}"
318,contour,0.442,1.516,1.279,3.401,265.11,6,"{'other': 4, 'pentagon': 1, 'rectangle': 1}"
319,contour,0.309,1.601,1.359,3.433,265.9,7,"{'rectangle': 3, 'other': 2, 'pentagon': 1, 'triangle': 1}"
320,contour,0.335,1.782,1.363,3.9,264.7,7,"{'other': 4, 'pentagon': 1, 'rectangle': 2}"
321,contour,0.29,1.49,1.435,3.381,265.64,7,"{'rectangle': 2, 'other': 3, 'pentagon': 2}"
322,contour,0.338,1.425,1.412,3.632,266.64,9,"{'rectangle': 2, 'other': 6, 'pentagon': 1}"
323,contour,0.541,1.54,1.542,3.798,265.92,11,"{'rectangle': 4, 'other': 4, 'triangle': 2, 'pentagon': 1}"
324,contour,0.25,1.687,1.716,4.098,264.93,9,"{'rectangle': 3, 'other': 6}"
325,contour,0.451,1.699,1.896,4.494,262.96,9,"{'pentagon': 3, 'other': 5, 'rectangle': 1}"
326,contour,0.494,2.001,1.929,4.683,260.31,8,"{'other': 6, 'rectangle': 2}"
327,contour,0.321,1.569,1.843,3.941,259.24,5,"{'pentagon': 1, 'other': 3, 'rectangle': 1}"
328,contour,0.223,1.142,1.363,2.9,261.58,7,"{'pentagon': 1, 'other': 4, 'rectangle': 2}"
329,contour,0.269,1.228,1.442,3.377,261.62,7,"{'pentagon': 1, 'other': 4, 'rectangle': 2}"
330,contour,0.312,1.509,1.551,3.546,262.06,8,"{'other': 5, 'triangle': 1, 'rectangle': 2}"
331,contour,0.24,1.322,1.426,3.448,263.94,8,"{'other': 3, 'triangle': 1, 'pentagon': 2, 'rectangle': 2}"
332,contour,0.307,1.483,1.503,3.461,263.9,6,"{'pentagon': 2, 'other': 2, 'rectangle': 2}"
333,contour,0.332,1.587,1.598,3.963,263.1,9,"{'rectangle': 3, 'pentagon': 4, 'triangle': 1, 'other': 1}"
334,contour,0.327,2.017,2.383,4.968,261.31,8,"{'rectangle': 3, 'pentagon': 2, 'triangle': 1, 'other': 2}"
335,contour,0.387,1.623,1.6,4.079,260.97,9,"{'rectangle': 3, 'other': 1, 'pentagon': 4, 'triangle': 1}"
336,contour,0.481,1.685,1.584,3.917,260.65,8,"{'rectangle': 2, 'pentagon': 4, 'triangle': 1, 'other': 1}"
337,contour,0.225,1.364,1.405,3.414,260.57,5,"{'pentagon': 3, 'triangle': 1, 'other': 1}"
338,contour,0.417,1.254,1.538,3.445,261.67,8,"{'pentagon': 3, 'other': 3, 'rectangle': 2}"
339,contour,0.239,1.261,1.494,3.429,261.68,8,"{'pentagon': 3, 'other': 3, 'rectangle': 2}"
340,contour,0.334,1.432,1.538,3.477,263.55,9,"{'triangle': 1, 'pentagon': 3, 'other': 3, 'rectangle': 2}"
341,contour,0.28,1.319,1.494,3.254,264.15,8,"{'other': 5, 'rectangle': 3}"
342,contour,0.279,1.924,1.707,4.385,264.27,7,"{'rectangle': 3, 'other': 3, 'pentagon': 1}"
343,contour,0.378,1.988,2.128,4.685,262.73,7,"{'other': 3, 'rectangle': 2, 'pentagon': 2}"
344,contour,0.368,3.649,2.478,7.014,257.87,9,"{'other': 4, 'pentagon': 2, 'rectangle': 2, 'triangle': 1}"
345,contour,0.379,1.545,2.04,4.582,256.15,7,"{'pentagon': 2, 'other': 4, 'triangle': 1}"
346,contour,0.424,1.387,1.729,3.731,255.11,9,"{'pentagon': 1, 'other': 6, 'rectangle': 2}"
347,contour,0.3,1.373,1.634,3.836,254.95,9,"{'pentagon': 3, 'other': 6}"
348,contour,0.372,2.142,1.692,4.616,252.34,9,"{'pentagon': 2, 'rectangle': 2, 'other': 5}"
349,contour,0.447,1.442,1.595,3.649,251.88,9,"{'rectangle': 3, 'pentagon': 3, 'other': 3}"
350,contour,0.233,1.33,1.674,3.68,252.35,10,"{'other': 5, 'rectangle': 2, 'pentagon': 3}"
351,contour,0.418,1.581,1.577,3.757,251.55,5,"{'other': 1, 'rectangle': 2, 'pentagon': 2}"
352,contour,0.261,1.279,1.586,3.569,251.68,6,"{'other': 3, 'triangle': 1, 'pentagon': 1, 'rectangle': 1}"
353,contour,0.32,1.351,1.616,3.469,252.38,6,"{'other': 3, 'pentagon': 2, 'rectangle': 1}"
354,contour,0.223,1.38,1.586,3.638,253.36,6,"{'rectangle': 3, 'other': 2, 'pentagon': 1}"
355,contour,0.297,1.398,1.721,3.593,255.3,8,"{'triangle': 1, 'pentagon': 3, 'rectangle': 2, 'other': 2}"
356,contour,0.246,1.253,1.648,3.326,258.29,7,"{'triangle': 1, 'pentagon': 4, 'other': 1, 'rectangle': 1}"
357,contour,0.324,1.4,1.665,3.612,259.02,8,"{'triangle': 2, 'pentagon': 2, 'rectangle': 2, 'other': 2}"
358,contour,0.342,1.448,1.672,3.624,257.41,7,"{'triangle': 1, 'pentagon': 2, 'other': 3, 'rectangle': 1}"
359,contour,0.221,1.346,1.711,3.755,256.58,6,"{'pentagon': 3, 'other': 2, 'rectangle': 1}"
360,contour,0.319,1.579,1.776,3.845,255.93,9,"{'triangle': 1, 'rectangle': 2, 'other': 4, 'pentagon': 2}"
361,contour,0.397,1.433,1.706,3.747,255.27,7,"{'other': 5, 'pentagon': 1, 'rectangle': 1}"
362,contour,0.265,1.282,1.663,3.393,255.42,6,"{'other': 4, 'pentagon': 1, 'rectangle': 1}"
363,contour,0.331,1.854,1.632,4.248,254.8,7,"{'other': 3, 'rectangle': 2, 'pentagon': 2}"
364,contour,0.369,2.976,2.964,6.819,250.86,7,"{'other': 5, 'pentagon': 1, 'rectangle': 1}"
365,contour,0.321,1.615,1.844,3.993,251.04,7,"{'other': 3, 'rectangle': 2, 'pentagon': 2}"
366,contour,0.233,1.298,1.911,4.066,250.73,8,"{'other': 5, 'rectangle': 2, 'pentagon': 1}"
367,contour,0.691,1.72,1.795,4.374,248.73,10,"{'triangle': 1, 'pentagon': 4, 'rectangle': 2, 'other': 3}"
368,contour,0.211,1.217,1.813,3.74,248.12,12,"{'other': 7, 'pentagon': 2, 'rectangle': 2, 'triangle': 1}"
369,contour,0.433,2.166,1.858,4.636,245.67,10,"{'triangle': 2, 'other': 4, 'rectangle': 2, 'pentagon': 2}"
370,contour,0.338,1.812,1.987,4.603,243.43,9,"{'other': 5, 'rectangle': 2, 'pentagon': 2}"
371,contour,0.33,1.512,1.89,4.152,241.67,9,"{'other': 5, 'pentagon': 3, 'rectangle': 1}"
372,contour,0.296,1.521,1.87,4.177,242.07,10,"{'other': 7, 'pentagon': 2, 'rectangle': 1}"
373,contour,0.356,3.033,4.363,8.081,235.61,9,"{'triangle': 1, 'other': 5, 'pentagon': 2, 'rectangle': 1}"
374,contour,0.378,3.28,2.747,7.281,235.12,9,"{'other': 5, 'pentagon': 3, 'rectangle': 1}"
375,contour,0.41,1.854,2.105,4.765,234.79,9,"{'other': 7, 'rectangle': 1, 'pentagon': 1}"
376,contour,0.375,1.46,1.809,3.829,234.6,9,"{'other': 6, 'rectangle': 1, 'pentagon': 2}"
377,contour,0.253,1.263,1.733,3.698,234.86,9,"{'triangle': 1, 'pentagon': 3, 'other': 4, 'rectangle': 1}"
378,contour,0.344,1.352,1.65,3.517,236.9,7,"{'triangle': 1, 'pentagon': 2, 'other': 3, 'rectangle': 1}"
379,contour,0.289,1.988,1.667,4.357,235.58,8,"{'other': 5, 'pentagon': 1, 'triangle': 1, 'rectangle': 1}"
380,contour,0.415,2.321,1.717,4.639,233.82,7,"{'triangle': 1, 'other': 4, 'rectangle': 1, 'pentagon': 1}"
381,contour,0.232,1.274,1.711,3.38,234.51,8,"{'triangle': 2, 'pentagon': 1, 'other': 4, 'rectangle': 1}"
382,contour,0.42,2.372,2.064,5.336,231.31,7,"{'other': 4, 'pentagon': 1, 'rectangle': 1, 'triangle': 1}"
383,contour,0.436,1.537,1.702,3.838,230.66,6,"{'triangle': 1, 'other': 3, 'rectangle': 2}"
384,contour,0.276,1.418,1.701,3.884,230.22,9,"{'triangle': 2, 'other': 4, 'pentagon': 2, 'rectangle': 1}"
385,contour,0.319,1.253,1.694,3.443,230.49,8,"{'triangle': 1, 'other': 4, 'pentagon': 2, 'rectangle': 1}"
386,contour,0.239,1.463,1.812,3.961,229.37,9,"{'triangle': 2, 'pentagon': 2, 'other': 4, 'rectangle': 1}"
387,contour,0.35,1.85,1.732,4.335,228.11,7,"{'other': 4, 'pentagon': 1, 'rectangle': 2}"
388,contour,0.354,2.405,2.242,5.197,225.41,9,"{'triangle': 1, 'other': 5, 'pentagon': 2, 'rectangle': 1}"
389,contour,0.26,1.849,2.05,4.639,223.93,9,"{'other': 4, 'pentagon': 2, 'triangle': 1, 'rectangle': 2}"
390,contour,0.318,1.231,1.793,3.507,224.49,7,"{'other': 5, 'rectangle': 2}"
391,contour,0.313,1.774,1.768,4.294,223.58,8,"{'triangle': 2, 'other': 4, 'rectangle': 1, 'pentagon': 1}"
392,contour,0.372,1.511,2.087,4.459,221.81,9,"{'triangle': 2, 'other': 4, 'pentagon': 2, 'rectangle': 1}"
393,contour,0.36,1.553,2.237,4.366,221.62,8,"{'triangle': 3, 'pentagon': 2, 'other': 2, 'rectangle': 1}"
394,contour,0.312,1.661,2.097,4.555,225.39,10,"{'triangle': 3, 'other': 5, 'pentagon': 1, 'rectangle': 1}"
395,contour,0.304,1.431,1.849,3.755,225.79,9,"{'triangle': 1, 'other': 4, 'pentagon': 2, 'rectangle': 2}"
396,contour,0.199,1.411,2.072,4.157,225.64,10,"{'triangle': 1, 'other': 5, 'pentagon': 3, 'rectangle': 1}"
397,contour,0.451,1.558,1.982,4.175,225.98,10,"{'triangle': 2, 'other': 5, 'pentagon': 2, 'rectangle': 1}"
398,contour,0.322,1.482,2.162,4.434,224.8,11,"{'triangle': 2, 'pentagon': 2, 'rectangle': 4, 'other': 3}"
399,contour,0.481,1.862,3.061,5.924,222.66,11,"{'triangle': 1, 'pentagon': 2, 'other': 6, 'rectangle': 2}"
400,contour,0.516,1.92,2.022,4.921,222.13,9,"{'triangle': 1, 'other': 5, 'pentagon': 1, 'rectangle': 2}"
401,contour,0.419,1.45,1.81,3.863,222.61,11,"{'triangle': 1, 'other': 7, 'pentagon': 2, 'rectangle': 1}"
402,contour,0.235,1.377,1.821,3.9,223.06,11,"{'triangle': 1, 'pentagon': 2, 'other': 6, 'rectangle': 2}"
403,contour,0.352,1.692,2.636,4.936,228.41,11,"{'triangle': 1, 'pentagon': 3, 'other': 6, 'rectangle': 1}"
404,contour,0.253,1.827,1.74,4.231,233.83,10,"{'triangle': 1, 'other': 5, 'pentagon': 3, 'rectangle': 1}"
405,contour,0.349,1.554,1.779,3.858,235.5,10,"{'triangle': 1, 'other': 4, 'pentagon': 4, 'rectangle': 1}"
406,contour,0.347,2.068,1.843,4.727,233.85,10,"{'triangle': 1, 'other': 5, 'pentagon': 3, 'rectangle': 1}"
407,contour,0.342,1.431,1.904,3.85,233.58,9,"{'triangle': 1, 'other': 4, 'pentagon': 2, 'rectangle': 2}"
408,contour,0.277,2.201,1.925,4.978,230.95,9,"{'triangle': 2, 'other': 6, 'rectangle': 1}"
409,contour,0.472,1.556,2.078,4.291,231.06,10,"{'triangle': 1, 'pentagon': 2, 'other': 6, 'rectangle': 1}"
410,contour,0.285,1.411,1.774,3.936,232.32,11,"{'triangle': 1, 'other': 7, 'pentagon': 1, 'rectangle': 2}"
411,contour,0.375,1.413,1.796,3.774,231.61,11,"{'triangle': 1, 'other': 7, 'rectangle': 2, 'pentagon': 1}"
412,contour,0.276,1.275,1.88,3.851,234.3,11,"{'triangle': 1, 'other': 5, 'pentagon': 3, 'rectangle': 2}"
413,contour,0.389,1.546,1.715,4.053,233.91,10,"{'triangle': 2, 'other': 5, 'pentagon': 1, 'rectangle': 2}"
414,contour,0.324,1.333,1.743,3.57,234.48,9,"{'triangle': 1, 'other': 4, 'pentagon': 3, 'rectangle': 1}"
415,contour,0.237,1.524,1.759,4.014,233.44,9,"{'triangle': 2, 'pentagon': 2, 'other': 4, 'rectangle': 1}"
416,contour,0.343,1.439,1.662,3.632,234.04,9,"{'triangle': 1, 'other': 4, 'pentagon': 2, 'rectangle': 2}"
417,contour,0.27,1.652,1.922,4.306,234.1,10,"{'triangle': 1, 'other': 4, 'rectangle': 3, 'pentagon': 2}"
418,contour,0.369,1.467,1.664,3.678,236.9,9,"{'other': 3, 'pentagon': 3, 'triangle': 1, 'rectangle': 2}"
419,contour,0.238,1.464,1.675,3.805,238.47,10,"{'other': 5, 'rectangle': 1, 'pentagon': 4}"
420,contour,0.337,1.363,1.935,4.071,237.41,10,"{'other': 6, 'rectangle': 2, 'pentagon': 2}"
421,contour,0.318,1.781,2.151,4.62,236.8,11,"{'other': 7, 'rectangle': 1, 'pentagon': 2, 'triangle': 1}"
422,contour,0.308,1.728,1.807,4.028,237.61,8,"{'other': 7, 'pentagon': 1}"
423,contour,0.277,1.627,1.703,4.002,238.29,9,"{'other': 5, 'pentagon': 4}"
424,contour,0.289,1.649,1.838,4.167,239.03,9,"{'other': 5, 'pentagon': 4}"
425,contour,0.473,2.047,2.599,5.32,236.09,10,"{'other': 6, 'rectangle': 1, 'triangle': 1, 'pentagon': 2}"
426,contour,0.242,1.445,1.965,3.856,236.65,9,"{'other': 4, 'pentagon': 4, 'triangle': 1}"
427,contour,0.225,1.368,1.87,3.879,237.2,8,"{'other': 6, 'pentagon': 2}"
428,contour,0.417,1.494,2.043,4.164,237.71,10,"{'other': 6, 'pentagon': 3, 'triangle': 1}"
429,contour,0.382,1.447,1.803,4.021,241.35,9,"{'other': 5, 'triangle': 1, 'pentagon': 2, 'rectangle': 1}"
430,contour,0.471,1.573,2.262,4.484,242.2,11,"{'other': 7, 'triangle': 2, 'pentagon': 2}"
431,contour,0.375,1.719,1.797,4.265,241.42,10,"{'other': 6, 'pentagon': 2, 'triangle': 1, 'rectangle': 1}"
432,contour,0.355,1.979,2.415,5.018,239.27,11,"{'other': 5, 'pentagon': 5, 'triangle': 1}"
433,contour,0.278,2.212,2.89,5.85,237.54,10,"{'other': 4, 'pentagon': 3, 'triangle': 1, 'rectangle': 2}"
434,contour,0.332,1.583,2.556,4.904,236.28,12,"{'other': 8, 'rectangle': 1, 'pentagon': 2, 'triangle': 1}"
435,contour,0.366,1.596,1.805,3.93,236.14,9,"{'other': 6, 'rectangle': 1, 'triangle': 1, 'pentagon': 1}"
436,contour,0.196,1.473,2.035,3.888,237.71,8,"{'other': 4, 'pentagon': 3, 'rectangle': 1}"
437,contour,0.256,1.549,1.745,3.728,237.94,8,"{'other': 6, 'rectangle': 1, 'pentagon': 1}"
438,contour,0.391,1.912,1.992,4.489,238.87,8,"{'rectangle': 2, 'other': 3, 'pentagon': 3}"
439,contour,0.254,1.227,1.633,3.503,240.38,10,"{'rectangle': 3, 'other': 5, 'pentagon': 2}"
440,contour,0.4,1.539,1.637,3.744,240.75,7,"{'other': 4, 'rectangle': 2, 'pentagon': 1}"
441,contour,0.384,1.264,1.611,3.427,241.42,9,"{'other': 4, 'pentagon': 2, 'rectangle': 3}"
442,contour,0.21,1.69,1.565,3.841,241.44,8,"{'other': 5, 'pentagon': 1, 'rectangle': 2}"
443,contour,0.397,1.504,1.589,3.666,242.19,9,"{'other': 6, 'pentagon': 2, 'rectangle': 1}"
444,contour,0.219,1.153,1.675,3.235,242.85,12,"{'triangle': 1, 'rectangle': 3, 'other': 6, 'pentagon': 2}"
445,contour,0.33,1.585,1.448,3.546,243.77,9,"{'triangle': 1, 'pentagon': 4, 'other': 3, 'rectangle': 1}"
446,contour,0.246,1.208,1.41,3.032,244.97,9,"{'triangle': 2, 'pentagon': 2, 'other': 4, 'rectangle': 1}"
447,contour,0.267,1.673,1.678,3.789,246.0,7,"{'other': 3, 'pentagon': 2, 'rectangle': 2}"
448,contour,0.306,1.428,1.423,3.327,246.71,7,"{'other': 4, 'pentagon': 1, 'rectangle': 2}"
449,contour,0.266,1.626,1.478,3.548,247.24,6,"{'other': 3, 'pentagon': 2, 'triangle': 1}"
450,contour,0.335,1.595,1.405,3.491,248.42,6,"{'other': 3, 'pentagon': 2, 'triangle': 1}"
451,contour,0.269,1.588,1.539,3.565,250.61,7,"{'other': 4, 'pentagon': 1, 'triangle': 1, 'rectangle': 1}"
452,contour,0.33,1.352,1.418,3.279,252.19,6,"{'other': 3, 'pentagon': 1, 'triangle': 1, 'rectangle': 1}"
453,contour,0.295,1.303,1.35,3.39,253.5,6,"{'other': 1, 'pentagon': 4, 'rectangle': 1}"
454,contour,0.294,1.581,1.423,3.471,255.0,6,"{'pentagon': 1, 'other': 4, 'rectangle': 1}"
455,contour,0.256,1.676,1.545,3.683,258.59,6,"{'other': 4, 'rectangle': 2}"
456,contour,0.234,1.317,1.404,3.131,260.22,6,"{'triangle': 1, 'other': 4, 'rectangle': 1}"
457,contour,0.31,1.555,1.2,3.257,261.63,5,"{'other': 4, 'rectangle': 1}"
458,contour,0.254,1.333,1.154,2.918,264.51,5,"{'rectangle': 2, 'other': 3}"
459,contour,0.319,1.591,1.263,3.344,266.09,7,"{'pentagon': 2, 'rectangle': 2, 'other': 3}"
460,contour,0.307,1.638,1.389,3.493,268.45,5,"{'pentagon': 2, 'other': 2, 'rectangle': 1}"
461,contour,0.228,1.291,1.262,2.958,271.63,4,"{'other': 3, 'rectangle': 1}"
462,contour,0.237,1.203,1.215,2.83,277.12,5,"{'other': 4, 'rectangle': 1}"
463,contour,0.327,2.19,2.703,5.536,277.92,6,"{'other': 3, 'rectangle': 2, 'pentagon': 1}"
464,contour,0.237,2.0,1.799,4.493,278.99,5,"{'rectangle': 3, 'other': 2}"
465,contour,0.324,1.583,1.469,3.541,280.0,6,"{'triangle': 1, 'pentagon': 1, 'other': 3, 'rectangle': 1}"
466,contour,0.207,1.462,1.33,3.177,281.87,7,"{'rectangle': 3, 'triangle': 1, 'other': 3}"
467,contour,0.292,1.194,1.441,3.143,283.43,7,"{'rectangle': 3, 'triangle': 1, 'other': 3}"
468,contour,0.247,1.386,1.341,3.141,287.08,8,"{'rectangle': 2, 'triangle': 3, 'other': 3}"
469,contour,0.304,1.453,1.355,3.575,286.89,9,"{'rectangle': 4, 'pentagon': 2, 'other': 3}"
470,contour,0.293,1.279,1.413,3.148,288.53,9,"{'rectangle': 3, 'other': 4, 'triangle': 2}"
471,contour,0.23,1.454,1.37,3.227,289.09,9,"{'rectangle': 4, 'triangle': 2, 'pentagon': 1, 'other': 2}"
472,contour,0.338,1.643,1.646,4.091,288.39,7,"{'rectangle': 4, 'other': 3}"
473,contour,0.381,1.403,1.342,3.325,289.34,6,"{'rectangle': 3, 'other': 3}"
474,contour,0.279,1.332,1.336,3.107,289.7,7,"{'rectangle': 2, 'triangle': 2, 'other': 3}"
475,contour,0.325,1.475,1.285,3.245,290.54,8,"{'rectangle': 3, 'pentagon': 2, 'triangle': 1, 'other': 2}"
476,contour,0.352,1.953,1.369,3.855,288.25,7,"{'rectangle': 2, 'other': 5}"
477,contour,0.298,1.477,1.312,3.265,289.7,7,"{'rectangle': 2, 'square': 1, 'other': 4}"
478,contour,0.349,1.464,1.317,3.327,289.7,7,"{'rectangle': 4, 'other': 3}"
479,contour,0.319,1.491,1.549,3.538,289.73,8,"{'rectangle': 2, 'pentagon': 1, 'other': 4, 'square': 1}"
480,contour,0.287,1.297,1.465,3.571,289.51,9,"{'rectangle': 2, 'other': 6, 'pentagon': 1}"
481,contour,0.345,1.325,1.391,3.22,290.48,7,"{'rectangle': 2, 'other': 5}"
482,contour,0.283,1.318,1.391,3.169,290.78,7,"{'rectangle': 2, 'other': 4, 'pentagon': 1}"
483,contour,0.227,1.238,1.416,3.331,290.95,8,"{'rectangle': 4, 'other': 4}"
484,contour,0.263,1.261,1.457,3.149,291.86,7,"{'rectangle': 4, 'other': 3}"
485,contour,0.238,1.781,1.89,4.071,290.76,7,"{'rectangle': 3, 'other': 4}"
486,contour,0.223,1.178,1.357,2.937,291.31,7,"{'rectangle': 4, 'other': 3}"
487,contour,0.27,1.29,1.287,3.024,291.97,7,"{'rectangle': 3, 'other': 4}"
488,contour,0.256,1.219,1.352,2.986,291.78,7,"{'rectangle': 4, 'pentagon': 1, 'other': 2}"
489,contour,0.256,1.319,1.393,3.118,292.42,7,"{'rectangle': 3, 'other': 4}"
490,contour,0.33,1.424,1.414,3.63,292.03,9,"{'other': 6, 'rectangle': 3}"
491,contour,0.404,1.424,1.412,3.689,289.97,8,"{'other': 5, 'rectangle': 3}"
492,contour,0.332,1.275,1.262,3.134,289.12,7,"{'rectangle': 3, 'other': 4}"
493,contour,0.246,1.551,1.645,3.591,294.64,8,"{'rectangle': 3, 'other': 4, 'pentagon': 1}"
494,contour,0.292,1.741,1.653,3.874,296.44,7,"{'rectangle': 2, 'other': 5}"
495,contour,0.283,1.576,1.722,3.756,295.81,7,"{'rectangle': 2, 'other': 5}"
496,contour,0.203,1.512,1.353,3.231,295.65,6,"{'rectangle': 2, 'other': 4}"
497,contour,0.25,1.301,1.314,3.266,295.3,8,"{'rectangle': 3, 'pentagon': 1, 'other': 3, 'triangle': 1}"
498,contour,0.467,1.576,1.347,3.56,294.09,7,"{'rectangle': 2, 'other': 4, 'pentagon': 1}"
499,contour,0.241,1.522,1.373,3.317,294.83,8,"{'rectangle': 3, 'other': 4, 'pentagon': 1}"
500,contour,0.258,1.634,1.27,3.32,294.34,7,"{'rectangle': 1, 'pentagon': 2, 'triangle': 1, 'other': 3}"
501,contour,0.355,1.652,1.419,3.596,293.28,9,"{'rectangle': 3, 'other': 5, 'pentagon': 1}"
502,contour,0.37,1.545,1.364,3.733,294.3,9,"{'rectangle': 3, 'other': 4, 'pentagon': 2}"
503,contour,0.371,1.78,1.43,3.76,293.06,8,"{'rectangle': 2, 'triangle': 2, 'pentagon': 1, 'other': 3}"
504,contour,0.3,1.41,1.324,3.225,292.72,8,"{'rectangle': 3, 'triangle': 1, 'pentagon': 1, 'other': 3}"
505,contour,0.323,1.505,1.292,3.285,292.6,8,"{'rectangle': 4, 'pentagon': 1, 'other': 3}"
506,contour,0.234,1.334,1.261,3.008,295.04,7,"{'rectangle': 2, 'pentagon': 1, 'other': 4}"
507,contour,0.24,1.478,1.257,3.4,294.65,8,"{'rectangle': 4, 'other': 4}"
508,contour,0.416,1.267,1.405,3.248,294.88,9,"{'rectangle': 3, 'pentagon': 1, 'other': 5}"
509,contour,0.268,1.196,1.322,3.21,295.83,8,"{'other': 5, 'pentagon': 1, 'triangle': 1, 'rectangle': 1}"
510,contour,0.364,1.385,1.302,3.22,296.86,7,"{'square': 1, 'other': 5, 'rectangle': 1}"
511,contour,0.4,1.827,1.302,3.948,294.74,8,"{'pentagon': 3, 'other': 3, 'triangle': 1, 'rectangle': 1}"
512,contour,0.272,1.396,1.439,3.278,294.43,7,"{'other': 4, 'rectangle': 2, 'pentagon': 1}"
513,contour,0.235,1.22,1.426,3.319,294.46,8,"{'rectangle': 3, 'other': 4, 'pentagon': 1}"
514,contour,0.418,2.41,1.785,4.913,289.45,7,"{'other': 3, 'rectangle': 2, 'pentagon': 2}"
515,contour,0.261,1.474,1.502,3.389,291.37,10,"{'other': 5, 'rectangle': 3, 'triangle': 2}"
516,contour,0.281,1.313,1.414,3.184,290.67,9,"{'rectangle': 4, 'triangle': 2, 'other': 3}"
517,contour,0.257,1.27,1.388,3.102,290.45,7,"{'other': 4, 'pentagon': 1, 'rectangle': 2}"
518,contour,0.26,1.237,1.413,3.089,290.16,7,"{'other': 5, 'rectangle': 1, 'pentagon': 1}"
519,contour,0.243,1.489,1.477,3.374,289.45,9,"{'other': 4, 'pentagon': 2, 'rectangle': 2, 'triangle': 1}"
520,contour,0.289,1.33,1.476,3.246,290.52,7,"{'other': 2, 'pentagon': 1, 'rectangle': 3, 'triangle': 1}"
521,contour,0.363,1.403,1.42,3.366,291.43,8,"{'other': 5, 'rectangle': 3}"
522,contour,0.252,1.605,1.406,3.411,290.65,7,"{'other': 3, 'pentagon': 2, 'rectangle': 2}"
523,contour,0.373,1.79,2.145,4.48,288.17,6,"{'rectangle': 3, 'other': 2, 'triangle': 1}"
524,contour,0.273,1.824,2.025,4.618,286.13,7,"{'triangle': 2, 'pentagon': 1, 'rectangle': 2, 'other': 2}"
525,contour,0.338,1.459,1.623,3.577,286.62,7,"{'other': 2, 'rectangle': 3, 'pentagon': 2}"
526,contour,0.258,1.271,1.482,3.461,285.99,5,"{'rectangle': 3, 'other': 1, 'triangle': 1}"
527,contour,0.475,1.51,1.587,3.752,284.67,5,"{'pentagon': 1, 'rectangle': 2, 'other': 1, 'triangle': 1}"
528,contour,0.261,1.543,1.452,3.678,284.35,6,"{'pentagon': 2, 'rectangle': 2, 'other': 1, 'triangle': 1}"
529,contour,0.306,1.417,1.438,3.319,284.34,6,"{'pentagon': 1, 'other': 2, 'rectangle': 2, 'triangle': 1}"
530,contour,0.265,1.316,1.373,3.363,284.23,5,"{'pentagon': 1, 'rectangle': 3, 'triangle': 1}"
531,contour,0.301,1.438,1.47,3.374,284.83,4,"{'rectangle': 2, 'triangle': 2}"
532,contour,0.32,1.365,1.401,3.48,285.51,5,"{'pentagon': 1, 'rectangle': 2, 'other': 1, 'triangle': 1}"
533,contour,0.373,1.352,1.499,3.404,286.48,6,"{'pentagon': 2, 'other': 1, 'rectangle': 2, 'square': 1}"
534,contour,0.266,1.299,1.481,3.26,286.39,7,"{'pentagon': 3, 'other': 2, 'rectangle': 2}"
535,contour,0.304,1.234,1.442,3.162,286.72,8,"{'pentagon': 3, 'rectangle': 4, 'other': 1}"
536,contour,0.292,1.318,1.468,3.244,286.08,7,"{'pentagon': 3, 'other': 2, 'rectangle': 2}"
537,contour,0.276,1.235,1.506,3.18,286.68,8,"{'other': 3, 'square': 1, 'rectangle': 3, 'pentagon': 1}"
538,contour,0.242,1.396,1.525,3.38,286.32,9,"{'pentagon': 3, 'rectangle': 3, 'other': 3}"
539,contour,0.348,1.55,1.48,3.549,285.39,6,"{'rectangle': 3, 'triangle': 1, 'other': 2}"
540,contour,0.258,1.394,1.454,3.29,285.21,8,"{'pentagon': 3, 'rectangle': 4, 'other': 1}"
541,contour,0.434,1.238,1.418,3.259,287.08,8,"{'pentagon': 3, 'rectangle': 5}"
542,contour,0.476,1.477,1.408,3.537,286.37,7,"{'pentagon': 3, 'rectangle': 4}"
543,contour,0.247,1.414,1.377,3.198,286.7,8,"{'pentagon': 2, 'other': 3, 'rectangle': 3}"
544,contour,0.319,1.792,1.699,3.988,289.26,6,"{'other': 3, 'rectangle': 3}"
545,contour,0.286,1.677,1.941,4.131,287.21,5,"{'other': 2, 'rectangle': 2, 'pentagon': 1}"
546,contour,0.316,1.542,1.84,3.891,285.28,7,"{'pentagon': 2, 'other': 3, 'rectangle': 2}"
547,contour,0.278,1.227,1.442,3.382,284.52,7,"{'pentagon': 3, 'rectangle': 2, 'other': 2}"
548,contour,0.391,1.331,1.473,3.391,283.71,7,"{'pentagon': 3, 'rectangle': 2, 'other': 1, 'triangle': 1}"
549,contour,0.345,1.454,1.496,3.743,282.72,7,"{'pentagon': 3, 'rectangle': 3, 'other': 1}"
550,contour,0.423,1.765,1.538,3.906,280.97,6,"{'pentagon': 2, 'rectangle': 2, 'other': 2}"
551,contour,0.268,1.905,1.625,3.975,279.38,6,"{'other': 3, 'rectangle': 2, 'pentagon': 1}"
552,contour,0.267,1.584,1.583,3.595,278.9,6,"{'pentagon': 3, 'rectangle': 2, 'other': 1}"
553,contour,0.222,1.345,1.597,3.338,281.89,6,"{'pentagon': 2, 'rectangle': 2, 'other': 2}"
554,contour,0.22,1.376,1.498,3.253,285.55,6,"{'other': 3, 'rectangle': 2, 'pentagon': 1}"
555,contour,0.228,1.374,1.473,3.243,286.46,6,"{'other': 3, 'rectangle': 2, 'pentagon': 1}"
556,contour,0.242,1.479,1.509,3.392,286.65,7,"{'other': 5, 'rectangle': 2}"
557,contour,0.259,1.37,1.573,3.377,287.68,7,"{'other': 4, 'rectangle': 3}"
558,contour,0.285,1.289,1.53,3.273,288.81,7,"{'other': 3, 'pentagon': 2, 'rectangle': 2}"
559,contour,0.413,1.574,1.532,3.7,287.75,8,"{'other': 4, 'rectangle': 2, 'pentagon': 2}"
560,contour,0.308,1.79,1.672,3.96,286.11,7,"{'other': 3, 'rectangle': 3, 'pentagon': 1}"
561,contour,0.319,1.32,1.626,3.469,285.85,7,"{'other': 3, 'rectangle': 4}"
562,contour,0.344,1.337,1.517,3.649,285.39,8,"{'other': 2, 'pentagon': 3, 'rectangle': 3}"
563,contour,0.284,1.605,1.538,3.584,284.9,9,"{'other': 5, 'pentagon': 3, 'rectangle': 1}"
564,contour,0.215,1.21,1.517,3.359,284.64,8,"{'other': 4, 'pentagon': 1, 'rectangle': 3}"
565,contour,0.358,1.493,1.456,3.469,283.81,7,"{'other': 4, 'rectangle': 1, 'pentagon': 2}"
566,contour,0.227,1.239,1.434,3.328,283.59,6,"{'other': 3, 'rectangle': 2, 'triangle': 1}"
567,contour,0.406,1.314,1.517,3.408,282.97,9,"{'other': 2, 'pentagon': 3, 'rectangle': 3, 'triangle': 1}"
568,contour,0.234,1.272,1.463,3.139,283.62,10,"{'other': 3, 'pentagon': 4, 'rectangle': 2, 'square': 1}"
569,contour,0.299,1.257,1.452,3.172,284.63,9,"{'other': 3, 'pentagon': 3, 'rectangle': 2, 'square': 1}"
570,contour,0.275,1.784,1.366,3.603,283.79,8,"{'other': 4, 'rectangle': 2, 'pentagon': 1, 'square': 1}"
571,contour,0.275,1.255,1.514,3.223,283.89,11,"{'other': 5, 'triangle': 1, 'rectangle': 2, 'square': 1, 'pentagon': 2}"
572,contour,0.32,1.384,1.519,3.407,284.24,11,"{'pentagon': 2, 'other': 5, 'rectangle': 3, 'square': 1}"
573,contour,0.333,1.734,1.494,3.972,282.17,10,"{'other': 5, 'triangle': 1, 'rectangle': 3, 'square': 1}"
574,contour,0.3,1.439,1.697,3.604,283.19,10,"{'pentagon': 1, 'rectangle': 3, 'other': 6}"
575,contour,0.242,1.444,2.213,4.101,283.27,9,"{'pentagon': 1, 'rectangle': 4, 'other': 3, 'square': 1}"
576,contour,0.246,1.222,1.579,3.213,285.09,10,"{'pentagon': 1, 'rectangle': 4, 'other': 4, 'square': 1}"
577,contour,0.273,1.306,1.477,3.265,285.41,10,"{'pentagon': 1, 'rectangle': 3, 'other': 4, 'triangle': 1, 'square': 1}"
578,contour,0.349,1.569,1.701,4.121,283.45,11,"{'other': 6, 'pentagon': 1, 'rectangle': 3, 'square': 1}"
579,contour,0.315,1.474,1.543,3.503,284.09,10,"{'other': 5, 'pentagon': 2, 'rectangle': 3}"
580,contour,0.207,1.196,1.621,3.202,286.0,11,"{'pentagon': 4, 'rectangle': 2, 'other': 5}"
581,contour,0.214,1.293,1.592,3.559,287.13,10,"{'pentagon': 2, 'rectangle': 3, 'other': 5}"
582,contour,0.288,1.302,1.61,3.42,287.62,11,"{'other': 5, 'rectangle': 3, 'pentagon': 3}"
583,contour,0.248,1.693,2.473,4.648,284.05,11,"{'other': 6, 'triangle': 1, 'rectangle': 2, 'pentagon': 1, 'square': 1}"
584,contour,0.293,1.741,1.761,3.981,282.11,10,"{'other': 7, 'rectangle': 2, 'pentagon': 1}"
585,contour,0.181,2.104,2.399,4.892,277.8,9,"{'other': 4, 'triangle': 1, 'rectangle': 2, 'pentagon': 1, 'square': 1}"
586,contour,0.228,1.312,1.657,3.397,277.79,9,"{'other': 5, 'triangle': 1, 'rectangle': 2, 'pentagon': 1}"
587,contour,0.356,1.513,1.664,3.7,276.96,9,"{'other': 4, 'triangle': 1, 'rectangle': 2, 'pentagon': 1, 'square': 1}"
588,contour,0.241,1.306,1.497,3.488,276.41,9,"{'other': 2, 'triangle': 1, 'rectangle': 3, 'pentagon': 2, 'square': 1}"
589,contour,0.33,1.306,1.601,3.419,277.13,9,"{'other': 5, 'rectangle': 3, 'square': 1}"
590,contour,0.302,1.526,1.499,3.498,278.32,9,"{'other': 5, 'rectangle': 2, 'pentagon': 1, 'square': 1}"
591,contour,0.219,1.597,1.609,3.595,277.99,10,"{'other': 5, 'triangle': 1, 'rectangle': 3, 'pentagon': 1}"
592,contour,0.287,1.347,1.531,3.341,278.79,9,"{'other': 2, 'triangle': 1, 'rectangle': 4, 'pentagon': 2}"
593,contour,0.331,1.448,1.524,3.779,278.29,10,"{'other': 3, 'rectangle': 4, 'pentagon': 2, 'square': 1}"
594,contour,0.345,1.469,1.555,3.537,277.83,9,"{'other': 4, 'triangle': 1, 'rectangle': 2, 'pentagon': 2}"
595,contour,0.317,1.382,1.485,3.613,277.46,10,"{'other': 5, 'triangle': 1, 'rectangle': 2, 'pentagon': 2}"
596,contour,0.562,1.969,1.713,4.44,274.63,9,"{'other': 5, 'triangle': 1, 'rectangle': 2, 'square': 1}"
597,contour,0.28,1.479,1.494,3.435,274.57,9,"{'other': 4, 'triangle': 1, 'rectangle': 3, 'pentagon': 1}"
598,contour,0.294,2.117,1.792,4.369,271.51,12,"{'other': 6, 'pentagon': 3, 'rectangle': 2, 'square': 1}"
599,contour,0.231,1.376,1.569,3.341,271.1,12,"{'other': 9, 'pentagon': 1, 'rectangle': 2}"
600,contour,0.254,1.155,1.482,3.299,271.84,9,"{'other': 4, 'rectangle': 3, 'square': 1, 'pentagon': 1}"
601,contour,0.363,1.418,1.611,3.553,271.03,9,"{'other': 3, 'pentagon': 1, 'rectangle': 4, 'square': 1}"
602,contour,0.229,1.397,1.567,3.372,271.12,13,"{'other': 8, 'rectangle': 3, 'pentagon': 1, 'square': 1}"
603,contour,0.383,1.461,1.651,3.679,271.84,13,"{'other': 8, 'rectangle': 3, 'pentagon': 1, 'square': 1}"
604,contour,0.236,1.578,1.68,3.674,271.67,11,"{'other': 8, 'rectangle': 2, 'square': 1}"
605,contour,0.236,1.549,1.718,3.728,272.58,12,"{'other': 8, 'triangle': 1, 'rectangle': 2, 'square': 1}"
606,contour,0.27,1.313,1.566,3.338,272.28,12,"{'other': 8, 'pentagon': 1, 'rectangle': 2, 'square': 1}"
607,contour,0.259,1.468,1.554,3.451,271.82,12,"{'other': 6, 'pentagon': 2, 'rectangle': 3, 'square': 1}"
608,contour,0.235,1.367,1.613,3.436,273.51,12,"{'other': 6, 'pentagon': 2, 'rectangle': 3, 'square': 1}"
609,contour,0.341,1.892,1.63,4.041,272.18,11,"{'other': 6, 'pentagon': 1, 'rectangle': 3, 'square': 1}"
610,contour,0.25,1.522,1.497,3.75,270.83,10,"{'other': 6, 'pentagon': 1, 'rectangle': 2, 'square': 1}"
611,contour,0.309,1.37,1.581,3.464,271.06,12,"{'other': 5, 'triangle': 1, 'rectangle': 2, 'pentagon': 3, 'square': 1}"
612,contour,0.265,1.638,2.153,4.306,268.91,11,"{'other': 6, 'triangle': 1, 'rectangle': 3, 'square': 1}"
613,contour,0.289,1.672,2.052,4.233,269.91,11,"{'other': 6, 'triangle': 1, 'rectangle': 3, 'pentagon': 1}"
614,contour,0.256,1.618,2.426,4.477,268.71,11,"{'other': 7, 'triangle': 2, 'rectangle': 1, 'square': 1}"
615,contour,0.272,1.452,1.506,3.714,271.58,11,"{'other': 5, 'triangle': 2, 'rectangle': 2, 'pentagon': 1, 'square': 1}"
616,contour,0.434,1.565,1.587,3.764,270.68,10,"{'other': 4, 'triangle': 2, 'rectangle': 3, 'pentagon': 1}"
617,contour,0.317,1.687,1.478,3.906,270.17,10,"{'other': 4, 'pentagon': 2, 'rectangle': 3, 'square': 1}"
618,contour,0.456,1.33,1.468,3.421,270.34,9,"{'other': 7, 'rectangle': 2}"
619,contour,0.251,1.32,1.486,3.256,270.73,9,"{'other': 5, 'pentagon': 1, 'rectangle': 2, 'square': 1}"
620,contour,0.279,1.236,1.507,3.209,271.44,10,"{'other': 6, 'rectangle': 2, 'pentagon': 1, 'square': 1}"
621,contour,0.25,1.94,1.516,3.87,270.77,9,"{'other': 6, 'pentagon': 1, 'rectangle': 2}"
622,contour,0.24,1.236,1.583,3.547,270.27,11,"{'other': 6, 'pentagon': 2, 'rectangle': 2, 'square': 1}"
623,contour,0.451,1.592,1.642,3.887,270.0,12,"{'other': 7, 'triangle': 1, 'rectangle': 2, 'pentagon': 1, 'square': 1}"
624,contour,0.263,1.144,1.58,3.182,270.87,9,"{'other': 4, 'triangle': 1, 'rectangle': 2, 'pentagon': 1, 'square': 1}"
625,contour,0.266,1.315,1.504,3.583,270.94,10,"{'triangle': 2, 'rectangle': 2, 'other': 3, 'pentagon': 2, 'square': 1}"
626,contour,0.342,1.422,1.482,3.416,273.47,9,"{'pentagon': 1, 'rectangle': 2, 'other': 5, 'square': 1}"
627,contour,0.295,1.243,1.539,3.255,273.92,9,"{'pentagon': 2, 'rectangle': 3, 'other': 3, 'square': 1}"
628,contour,0.319,1.239,1.483,3.216,276.84,9,"{'triangle': 1, 'rectangle': 3, 'other': 4, 'square': 1}"
629,contour,0.264,1.407,1.89,3.736,275.83,9,"{'pentagon': 1, 'rectangle': 3, 'other': 3, 'square': 1, 'triangle': 1}"
630,contour,0.261,1.224,1.5,3.397,275.58,10,"{'rectangle': 4, 'other': 4, 'square': 1, 'pentagon': 1}"
631,contour,0.361,1.686,1.464,3.674,275.28,10,"{'other': 7, 'rectangle': 2, 'triangle': 1}"
632,contour,0.282,1.431,1.315,3.472,275.02,6,"{'rectangle': 1, 'other': 5}"
633,contour,0.397,1.562,1.342,3.476,275.53,5,{'other': 5}
634,contour,0.241,1.597,1.855,3.898,274.97,5,{'other': 5}
635,contour,0.24,1.751,1.895,4.079,274.09,9,"{'other': 4, 'pentagon': 2, 'rectangle': 2, 'triangle': 1}"
636,contour,0.241,1.209,1.473,3.333,274.1,9,"{'other': 4, 'rectangle': 3, 'triangle': 2}"
637,contour,0.404,1.281,1.5,3.399,274.23,8,"{'other': 7, 'triangle': 1}"
638,contour,0.243,1.237,1.445,3.107,275.06,9,"{'other': 6, 'pentagon': 1, 'rectangle': 2}"
639,contour,0.26,1.343,1.419,3.211,277.17,8,"{'other': 4, 'pentagon': 1, 'triangle': 2, 'rectangle': 1}"
640,contour,0.264,1.531,1.446,3.414,278.03,9,"{'other': 6, 'rectangle': 3}"
641,contour,0.234,1.377,1.411,3.21,278.69,7,"{'rectangle': 2, 'other': 3, 'triangle': 2}"
642,contour,0.282,1.35,1.377,3.188,281.61,7,"{'other': 5, 'pentagon': 1, 'triangle': 1}"
643,contour,0.319,2.024,1.537,4.058,282.07,8,"{'other': 7, 'rectangle': 1}"
644,contour,0.226,1.482,1.459,3.346,285.11,9,"{'other': 7, 'rectangle': 1, 'pentagon': 1}"
645,contour,0.224,1.519,2.096,4.02,284.28,8,"{'rectangle': 3, 'other': 3, 'pentagon': 2}"
646,contour,0.187,1.228,1.452,3.026,286.28,9,"{'other': 4, 'rectangle': 3, 'pentagon': 1, 'triangle': 1}"
647,contour,0.238,1.44,1.376,3.223,288.16,8,"{'pentagon': 2, 'other': 4, 'square': 1, 'rectangle': 1}"
648,contour,0.313,1.755,1.394,3.635,287.57,8,"{'rectangle': 2, 'other': 4, 'square': 1, 'triangle': 1}"
649,contour,0.261,1.254,1.45,3.127,287.92,8,"{'pentagon': 1, 'other': 5, 'rectangle': 2}"
650,contour,0.313,1.497,1.436,3.412,287.36,9,"{'other': 4, 'rectangle': 4, 'triangle': 1}"
651,contour,0.31,1.264,1.371,3.113,289.46,8,"{'pentagon': 1, 'other': 5, 'rectangle': 1, 'triangle': 1}"
652,contour,0.235,1.323,1.427,3.162,290.54,8,"{'pentagon': 1, 'other': 4, 'rectangle': 1, 'triangle': 2}"
653,contour,0.256,1.368,1.303,3.089,292.8,8,"{'rectangle': 3, 'other': 4, 'triangle': 1}"
654,contour,0.358,1.554,1.303,3.38,292.24,6,"{'rectangle': 2, 'other': 4}"
655,contour,0.295,1.469,1.397,3.614,292.15,7,"{'rectangle': 2, 'other': 5}"
656,contour,0.409,1.502,1.463,3.538,291.81,6,"{'other': 5, 'rectangle': 1}"
657,contour,0.332,1.215,1.35,3.336,291.57,6,"{'rectangle': 2, 'other': 4}"
658,contour,0.299,1.315,1.447,3.261,291.45,7,"{'other': 6, 'rectangle': 1}"
659,contour,0.237,1.292,1.4,3.101,293.26,7,"{'rectangle': 3, 'other': 4}"
660,contour,0.234,1.202,1.432,3.051,294.25,7,"{'other': 5, 'pentagon': 1, 'rectangle': 1}"
661,contour,0.224,1.383,1.377,3.156,295.75,6,"{'other': 5, 'rectangle': 1}"
662,contour,0.322,1.501,1.36,3.364,296.07,6,"{'other': 5, 'rectangle': 1}"
663,contour,0.29,1.296,2.2,3.975,294.62,8,"{'pentagon': 2, 'other': 5, 'rectangle': 1}"
664,contour,0.22,1.51,1.353,3.411,296.04,5,"{'pentagon': 1, 'other': 3, 'rectangle': 1}"
665,contour,0.227,1.682,1.358,3.683,297.2,6,"{'other': 4, 'rectangle': 2}"
666,contour,0.336,1.41,1.477,3.391,297.02,9,"{'pentagon': 2, 'other': 5, 'rectangle': 2}"
667,contour,0.429,1.378,1.422,3.686,296.18,8,"{'other': 6, 'pentagon': 2}"
668,contour,0.295,1.469,1.416,3.345,295.49,5,"{'other': 3, 'rectangle': 1, 'pentagon': 1}"
669,contour,0.189,1.214,1.404,2.971,296.19,5,"{'other': 2, 'triangle': 1, 'rectangle': 1, 'pentagon': 1}"
670,contour,0.323,1.553,1.395,3.467,296.04,6,"{'pentagon': 2, 'other': 2, 'triangle': 1, 'rectangle': 1}"
671,contour,0.236,1.508,1.417,3.591,294.93,7,"{'pentagon': 2, 'other': 3, 'triangle': 1, 'rectangle': 1}"
672,contour,0.343,1.698,1.533,3.739,293.34,6,"{'other': 3, 'triangle': 1, 'rectangle': 1, 'pentagon': 1}"
673,contour,0.307,1.574,1.618,3.655,294.5,6,"{'other': 4, 'triangle': 1, 'rectangle': 1}"
674,contour,0.248,1.673,1.641,3.743,293.36,6,"{'other': 2, 'pentagon': 2, 'triangle': 1, 'rectangle': 1}"
675,contour,0.227,1.749,1.589,3.716,294.23,8,"{'other': 5, 'pentagon': 1, 'triangle': 1, 'rectangle': 1}"
676,contour,0.217,1.296,1.459,3.126,293.95,8,"{'other': 4, 'rectangle': 2, 'triangle': 2}"
677,contour,0.32,1.423,1.443,3.359,293.56,9,"{'pentagon': 1, 'rectangle': 3, 'other': 4, 'triangle': 1}"
678,contour,0.206,1.202,1.852,3.439,294.12,7,"{'pentagon': 3, 'other': 2, 'triangle': 1, 'rectangle': 1}"
679,contour,0.22,1.656,1.426,3.477,293.12,7,"{'rectangle': 3, 'other': 3, 'triangle': 1}"
680,contour,0.312,1.439,1.45,3.682,292.34,7,"{'rectangle': 2, 'other': 4, 'triangle': 1}"
681,contour,0.234,1.417,1.94,3.742,290.56,7,"{'rectangle': 2, 'other': 4, 'triangle': 1}"
682,contour,0.264,1.152,1.49,3.073,290.81,9,"{'rectangle': 3, 'other': 3, 'pentagon': 2, 'triangle': 1}"
683,contour,0.576,1.306,1.425,3.485,289.7,7,"{'rectangle': 1, 'other': 5, 'triangle': 1}"
684,contour,0.244,1.389,1.454,3.545,289.24,7,"{'rectangle': 2, 'other': 3, 'pentagon': 1, 'triangle': 1}"
685,contour,0.345,1.41,1.577,3.527,289.48,7,"{'rectangle': 2, 'other': 3, 'triangle': 1, 'pentagon': 1}"
686,contour,0.266,1.745,1.373,3.552,289.44,5,"{'other': 3, 'triangle': 1, 'rectangle': 1}"
687,contour,0.218,1.19,1.485,3.042,290.26,7,"{'other': 4, 'pentagon': 1, 'triangle': 1, 'rectangle': 1}"
688,contour,0.251,1.36,1.321,3.104,290.71,5,"{'other': 4, 'triangle': 1}"
689,contour,0.232,1.31,1.369,3.12,290.65,5,"{'other': 3, 'triangle': 1, 'rectangle': 1}"
690,contour,0.338,1.534,1.468,3.789,288.59,6,"{'other': 3, 'triangle': 1, 'rectangle': 2}"
691,contour,0.412,1.95,1.451,3.977,286.33,5,"{'other': 4, 'rectangle': 1}"
692,contour,0.304,1.588,1.461,3.528,285.88,7,"{'other': 5, 'pentagon': 1, 'rectangle': 1}"
693,contour,0.23,1.246,1.39,3.015,288.52,6,"{'other': 5, 'pentagon': 1}"
694,contour,0.266,1.381,1.423,3.288,288.86,7,"{'other': 5, 'pentagon': 1, 'rectangle': 1}"
695,contour,0.222,1.662,1.479,3.771,288.62,6,"{'other': 4, 'pentagon': 2}"
696,contour,0.296,1.337,1.391,3.206,289.13,5,"{'other': 3, 'rectangle': 1, 'pentagon': 1}"
697,contour,0.242,1.61,1.451,3.803,288.8,6,"{'other': 5, 'rectangle': 1}"
698,contour,0.314,1.667,1.56,4.279,286.23,5,"{'other': 3, 'rectangle': 1, 'pentagon': 1}"
699,contour,0.262,1.51,1.391,3.398,285.07,5,"{'other': 2, 'pentagon': 1, 'rectangle': 2}"
700,contour,0.279,1.164,1.399,3.006,286.32,5,"{'other': 2, 'pentagon': 2, 'rectangle': 1}"
701,contour,0.314,1.343,1.349,3.4,286.85,5,"{'pentagon': 2, 'other': 2, 'rectangle': 1}"
702,contour,0.388,2.08,1.455,4.199,285.59,6,"{'other': 4, 'pentagon': 1, 'rectangle': 1}"
703,contour,0.362,1.863,1.592,4.45,283.45,5,"{'other': 3, 'rectangle': 1, 'pentagon': 1}"
704,contour,0.375,2.251,2.674,5.559,278.67,7,"{'other': 5, 'pentagon': 1, 'rectangle': 1}"
705,contour,0.292,1.784,2.24,5.491,274.15,6,"{'pentagon': 1, 'other': 4, 'rectangle': 1}"
706,contour,0.287,1.296,1.694,3.461,273.31,7,"{'other': 4, 'pentagon': 1, 'rectangle': 2}"
707,contour,0.223,1.343,1.401,3.117,273.91,5,"{'pentagon': 2, 'other': 1, 'rectangle': 2}"
708,contour,0.223,1.348,1.662,3.404,274.0,5,"{'other': 3, 'rectangle': 2}"
709,contour,0.228,1.23,1.422,3.32,274.39,6,"{'other': 3, 'pentagon': 2, 'rectangle': 1}"
710,contour,0.296,1.722,1.448,3.627,274.53,6,"{'other': 4, 'rectangle': 1, 'pentagon': 1}"
711,contour,0.391,1.964,1.389,4.982,271.46,5,"{'other': 3, 'pentagon': 1, 'rectangle': 1}"
712,contour,0.297,1.388,1.453,3.297,270.9,6,"{'other': 4, 'pentagon': 2}"
713,contour,0.218,1.522,1.84,4.266,269.01,6,"{'other': 4, 'pentagon': 1, 'rectangle': 1}"
714,contour,0.355,1.739,1.481,3.756,268.5,6,"{'other': 3, 'pentagon': 2, 'rectangle': 1}"
715,contour,0.199,1.382,1.47,3.446,268.69,6,"{'other': 5, 'pentagon': 1}"
716,contour,0.425,1.354,1.461,4.194,267.16,5,"{'other': 2, 'pentagon': 2, 'rectangle': 1}"
717,contour,0.311,1.908,1.925,4.593,263.52,6,"{'other': 5, 'rectangle': 1}"
718,contour,0.433,1.611,1.636,3.891,261.71,5,"{'other': 3, 'rectangle': 2}"
719,contour,0.305,2.24,1.507,4.225,259.21,6,"{'other': 4, 'pentagon': 1, 'rectangle': 1}"
720,contour,0.233,1.176,1.792,3.347,260.2,6,"{'other': 4, 'pentagon': 1, 'rectangle': 1}"
721,contour,0.345,1.536,1.444,3.49,261.31,5,"{'other': 3, 'pentagon': 1, 'rectangle': 1}"
722,contour,0.276,1.458,1.692,3.867,260.54,6,"{'other': 4, 'rectangle': 1, 'pentagon': 1}"
723,contour,0.324,1.369,1.558,3.433,259.6,7,"{'other': 2, 'pentagon': 4, 'rectangle': 1}"
724,contour,0.422,1.568,1.538,3.953,258.11,7,"{'other': 4, 'pentagon': 2, 'rectangle': 1}"
725,contour,0.274,1.715,1.907,4.063,257.46,7,"{'other': 4, 'pentagon': 2, 'rectangle': 1}"
726,contour,0.235,1.895,2.193,4.603,254.41,7,"{'other': 3, 'pentagon': 3, 'rectangle': 1}"
727,contour,0.343,1.583,1.508,3.622,254.8,7,"{'other': 4, 'pentagon': 2, 'rectangle': 1}"
728,contour,0.25,1.491,1.523,3.438,256.64,7,"{'other': 4, 'pentagon': 2, 'rectangle': 1}"
729,contour,0.284,1.233,1.566,3.283,256.89,7,"{'other': 3, 'pentagon': 2, 'rectangle': 2}"
730,contour,0.43,1.442,1.663,3.759,255.24,6,"{'other': 2, 'pentagon': 2, 'rectangle': 2}"
731,contour,0.244,1.47,1.593,3.477,255.07,6,"{'other': 2, 'pentagon': 3, 'rectangle': 1}"
732,contour,0.288,3.261,2.214,5.947,251.34,7,"{'other': 2, 'pentagon': 4, 'rectangle': 1}"
733,contour,0.352,3.093,3.256,7.52,245.04,6,"{'other': 2, 'pentagon': 3, 'rectangle': 1}"
734,contour,0.44,3.328,3.755,7.839,240.56,7,"{'other': 3, 'pentagon': 2, 'rectangle': 2}"
735,contour,0.326,1.358,2.786,4.72,242.05,8,"{'other': 4, 'pentagon': 2, 'rectangle': 2}"
736,contour,0.343,2.903,1.579,5.018,239.05,8,"{'other': 4, 'pentagon': 2, 'rectangle': 2}"
737,contour,0.263,1.59,2.102,4.182,237.04,5,"{'other': 3, 'pentagon': 1, 'rectangle': 1}"
738,contour,0.284,1.313,1.593,3.386,237.07,6,"{'other': 4, 'pentagon': 1, 'rectangle': 1}"
739,contour,0.367,2.953,3.995,7.807,228.95,6,"{'other': 4, 'rectangle': 1, 'pentagon': 1}"
740,contour,0.418,3.453,4.247,9.085,219.8,6,"{'other': 2, 'pentagon': 2, 'rectangle': 2}"
741,contour,0.638,6.028,4.772,11.763,209.39,7,"{'other': 4, 'pentagon': 2, 'rectangle': 1}"
742,contour,0.367,4.595,3.108,8.831,201.61,7,"{'other': 5, 'pentagon': 1, 'rectangle': 1}"
743,contour,0.412,5.65,5.094,11.441,192.33,7,"{'other': 5, 'rectangle': 1, 'pentagon': 1}"
744,contour,0.301,4.307,5.611,10.945,183.86,8,"{'other': 4, 'pentagon': 3, 'rectangle': 1}"
745,contour,0.588,4.324,4.139,9.418,177.37,7,"{'other': 3, 'pentagon': 3, 'rectangle': 1}"
746,contour,0.451,4.596,6.072,12.289,169.27,6,"{'other': 3, 'pentagon': 2, 'rectangle': 1}"
747,contour,0.397,4.456,3.761,9.212,164.97,6,"{'other': 2, 'pentagon': 2, 'rectangle': 2}"
748,contour,0.254,1.335,1.576,3.67,165.17,8,"{'other': 4, 'pentagon': 2, 'rectangle': 2}"
749,contour,0.454,3.109,3.341,7.147,162.55,6,"{'other': 2, 'pentagon': 2, 'rectangle': 2}"
750,contour,0.308,3.198,3.502,7.318,159.13,7,"{'other': 2, 'pentagon': 3, 'rectangle': 2}"
751,contour,0.65,5.847,6.588,13.557,151.07,7,"{'other': 3, 'pentagon': 3, 'rectangle': 1}"
752,contour,0.444,3.032,3.358,7.297,148.5,6,"{'other': 3, 'pentagon': 2, 'rectangle': 1}"
753,contour,0.511,3.423,3.259,7.525,145.55,6,"{'other': 3, 'pentagon': 2, 'rectangle': 1}"
754,contour,0.489,4.271,3.031,8.12,142.67,6,"{'other': 2, 'pentagon': 3, 'rectangle': 1}"
755,contour,0.314,2.926,3.163,6.73,140.88,5,"{'other': 4, 'rectangle': 1}"
756,contour,0.304,1.698,2.254,4.488,140.96,5,"{'other': 3, 'pentagon': 1, 'rectangle': 1}"
757,contour,0.387,1.95,2.837,5.51,139.72,6,"{'other': 4, 'pentagon': 1, 'rectangle': 1}"
758,contour,0.55,5.333,5.845,12.208,134.23,6,"{'other': 4, 'pentagon': 1, 'rectangle': 1}"
759,contour,0.477,4.847,5.557,11.379,129.54,7,"{'other': 4, 'pentagon': 2, 'rectangle': 1}"
760,contour,0.279,1.224,1.533,3.524,129.67,6,"{'other': 4, 'pentagon': 1, 'rectangle': 1}"
761,contour,0.461,3.339,4.766,8.945,126.68,5,"{'other': 3, 'pentagon': 1, 'rectangle': 1}"
762,contour,0.433,3.636,3.996,8.969,125.08,7,"{'other': 6, 'rectangle': 1}"
763,contour,0.503,3.115,1.684,5.47,126.16,5,"{'other': 4, 'rectangle': 1}"
764,contour,0.3,1.683,2.713,4.964,127.71,6,"{'other': 3, 'pentagon': 2, 'rectangle': 1}"
765,contour,0.31,2.967,3.331,6.909,126.53,7,"{'other': 3, 'pentagon': 2, 'rectangle': 1, 'triangle': 1}"
766,contour,0.307,2.894,3.267,6.77,125.6,7,"{'other': 5, 'pentagon': 1, 'rectangle': 1}"
767,contour,0.521,3.859,3.368,8.073,123.58,7,"{'other': 3, 'pentagon': 3, 'rectangle': 1}"
768,contour,0.481,4.74,4.391,9.956,120.33,8,"{'other': 3, 'pentagon': 3, 'rectangle': 2}"
769,contour,0.29,1.833,2.532,4.882,121.76,8,"{'other': 3, 'pentagon': 3, 'rectangle': 2}"
770,contour,0.527,4.348,5.294,10.597,121.01,8,"{'other': 3, 'pentagon': 3, 'rectangle': 2}"
771,contour,0.428,4.594,4.144,9.581,122.09,7,"{'other': 5, 'pentagon': 1, 'rectangle': 1}"
772,contour,0.374,4.014,4.604,9.547,121.73,7,"{'other': 4, 'pentagon': 2, 'rectangle': 1}"
773,contour,0.478,2.978,4.265,8.103,123.41,7,"{'other': 4, 'pentagon': 2, 'rectangle': 1}"
774,contour,0.446,3.742,4.045,9.174,124.31,6,"{'other': 2, 'pentagon': 3, 'rectangle': 1}"
775,contour,0.412,1.528,2.282,4.956,126.65,6,"{'other': 2, 'pentagon': 3, 'rectangle': 1}"
776,contour,0.36,2.756,2.974,6.417,129.87,6,"{'other': 3, 'pentagon': 2, 'rectangle': 1}"
777,contour,0.34,2.595,3.775,6.994,131.13,8,"{'other': 4, 'pentagon': 3, 'rectangle': 1}"
778,contour,0.352,2.804,3.35,7.632,128.9,6,"{'other': 5, 'rectangle': 1}"
779,contour,0.308,3.782,3.917,8.366,128.23,7,"{'other': 4, 'pentagon': 2, 'rectangle': 1}"
780,contour,0.276,2.588,2.869,6.464,128.7,7,"{'other': 5, 'pentagon': 1, 'rectangle': 1}"
781,contour,0.382,3.208,3.043,6.91,132.47,7,"{'other': 4, 'pentagon': 1, 'rectangle': 2}"
782,contour,0.258,1.352,3.06,4.889,133.9,7,"{'other': 5, 'pentagon': 1, 'rectangle': 1}"
783,contour,0.369,3.729,4.113,8.554,133.29,8,"{'other': 3, 'pentagon': 3, 'rectangle': 2}"
784,contour,0.309,2.693,3.41,6.821,134.06,6,"{'other': 4, 'pentagon': 1, 'rectangle': 1}"
785,contour,0.299,2.957,2.637,6.75,134.05,6,"{'other': 2, 'pentagon': 3, 'rectangle': 1}"
786,contour,0.439,3.132,3.135,7.019,132.55,6,"{'other': 4, 'pentagon': 1, 'rectangle': 1}"
787,contour,0.317,3.656,3.163,7.87,131.18,6,"{'other': 3, 'pentagon': 1, 'rectangle': 2}"
788,contour,0.536,3.535,3.393,7.793,133.76,7,"{'other': 3, 'pentagon': 3, 'rectangle': 1}"
789,contour,0.485,6.691,5.663,13.218,132.68,7,"{'other': 3, 'pentagon': 2, 'rectangle': 2}"
790,contour,0.497,3.502,3.172,7.566,130.35,6,"{'other': 3, 'pentagon': 2, 'rectangle': 1}"
791,contour,0.366,2.41,3.365,6.642,131.66,7,"{'other': 3, 'pentagon': 3, 'rectangle': 1}"
792,contour,0.59,3.046,2.877,7.316,132.62,7,"{'other': 2, 'pentagon': 3, 'rectangle': 2}"
793,contour,0.534,3.115,3.086,7.011,131.73,6,"{'other': 3, 'pentagon': 2, 'rectangle': 1}"
794,contour,0.267,2.933,3.127,7.077,130.52,7,"{'other': 3, 'pentagon': 3, 'rectangle': 1}"
795,contour,0.438,3.508,3.654,7.947,129.93,7,"{'other': 3, 'pentagon': 3, 'rectangle': 1}"
796,contour,0.274,2.982,3.427,6.956,129.83,7,"{'other': 3, 'pentagon': 3, 'rectangle': 1}"
797,contour,0.342,3.254,4.585,8.457,129.61,8,"{'other': 4, 'pentagon': 3, 'rectangle': 1}"
798,contour,0.471,2.952,3.076,6.843,131.38,8,"{'other': 4, 'pentagon': 3, 'rectangle': 1}"
799,contour,0.467,3.194,2.879,7.286,130.01,6,"{'other': 4, 'pentagon': 1, 'rectangle': 1}"
800,contour,0.36,2.929,2.997,6.585,132.31,6,"{'other': 3, 'pentagon': 2, 'rectangle': 1}"
801,contour,0.216,1.243,1.607,3.235,136.12,6,"{'other': 4, 'rectangle': 2}"
802,contour,0.648,7.507,6.721,15.256,132.68,7,"{'other': 3, 'pentagon': 2, 'rectangle': 2}"
803,contour,0.358,2.634,3.411,6.737,133.49,8,"{'other': 5, 'pentagon': 2, 'rectangle': 1}"
804,contour,0.339,3.549,4.213,8.472,133.91,6,"{'other': 4, 'pentagon': 1, 'rectangle': 1}"
805,contour,0.338,2.842,2.726,6.164,133.19,7,"{'other': 3, 'pentagon': 3, 'rectangle': 1}"
806,contour,0.263,1.339,1.957,3.788,134.76,6,"{'other': 3, 'pentagon': 2, 'rectangle': 1}"
807,contour,0.259,2.398,2.456,5.373,135.75,6,"{'other': 4, 'rectangle': 1, 'pentagon': 1}"
808,contour,0.289,6.841,6.857,14.501,131.66,5,"{'other': 3, 'pentagon': 1, 'rectangle': 1}"
809,contour,0.472,3.339,3.28,7.413,132.21,7,"{'other': 4, 'pentagon': 2, 'rectangle': 1}"
810,contour,0.443,3.461,3.613,7.881,131.39,7,"{'other': 5, 'pentagon': 1, 'rectangle': 1}"
811,contour,0.282,1.49,2.54,4.645,132.71,6,"{'other': 5, 'triangle': 1}"
812,contour,0.36,3.277,3.506,7.994,130.91,6,"{'other': 4, 'pentagon': 1, 'rectangle': 1}"
813,contour,0.538,3.221,5.45,9.642,130.29,8,"{'other': 4, 'pentagon': 1, 'rectangle': 2, 'triangle': 1}"
814,contour,0.229,1.246,1.708,3.453,132.22,6,"{'other': 4, 'triangle': 1, 'pentagon': 1}"
815,contour,0.261,2.966,3.426,6.913,132.13,6,"{'other': 3, 'rectangle': 1, 'pentagon': 2}"
816,contour,0.322,3.173,3.347,7.131,132.06,7,"{'other': 3, 'pentagon': 2, 'triangle': 1, 'rectangle': 1}"
817,contour,0.237,1.231,1.844,3.514,134.65,6,"{'other': 3, 'pentagon': 2, 'rectangle': 1}"
818,contour,0.287,1.3,3.62,5.507,136.04,7,"{'other': 4, 'rectangle': 1, 'pentagon': 2}"
819,contour,0.267,2.571,2.502,5.612,140.9,8,"{'other': 5, 'rectangle': 3}"
820,contour,0.388,3.311,3.12,7.047,141.25,7,"{'other': 4, 'rectangle': 3}"
821,contour,0.35,3.073,3.167,7.294,140.81,7,"{'other': 4, 'rectangle': 2, 'pentagon': 1}"
822,contour,0.567,3.115,3.397,7.372,140.78,7,"{'other': 4, 'rectangle': 1, 'triangle': 2}"
823,contour,0.296,3.294,3.26,7.859,140.22,6,"{'other': 2, 'pentagon': 2, 'rectangle': 2}"
824,contour,0.287,3.462,2.195,6.284,140.74,5,"{'other': 3, 'pentagon': 1, 'rectangle': 1}"
825,contour,0.258,2.35,3.47,6.46,141.73,5,"{'other': 3, 'pentagon': 1, 'rectangle': 1}"
826,contour,0.302,1.541,2.206,4.264,143.55,5,"{'other': 2, 'pentagon': 1, 'rectangle': 2}"
827,contour,0.233,1.499,2.256,4.531,146.3,7,"{'other': 5, 'rectangle': 1, 'pentagon': 1}"
828,contour,0.337,3.038,3.051,7.5,145.84,6,"{'other': 4, 'rectangle': 1, 'pentagon': 1}"
829,contour,0.358,3.185,3.17,7.01,146.03,6,"{'other': 2, 'pentagon': 1, 'rectangle': 3}"
830,contour,0.31,5.328,6.751,12.791,141.75,5,"{'other': 4, 'rectangle': 1}"
831,contour,0.372,3.705,6.014,10.469,137.06,6,"{'other': 3, 'rectangle': 3}"
832,contour,0.234,1.6,2.353,5.072,143.75,6,"{'other': 3, 'rectangle': 3}"
833,contour,0.562,3.236,3.686,7.806,143.02,7,"{'other': 4, 'rectangle': 1, 'pentagon': 2}"
834,contour,0.301,1.653,2.225,4.391,145.86,6,"{'other': 3, 'pentagon': 2, 'rectangle': 1}"
835,contour,0.368,2.968,2.908,6.433,145.67,8,"{'other': 5, 'rectangle': 2, 'pentagon': 1}"
836,contour,0.327,2.821,3.187,6.65,143.67,9,"{'other': 4, 'pentagon': 3, 'rectangle': 2}"
837,contour,0.359,4.953,5.291,11.466,139.6,8,"{'other': 3, 'pentagon': 3, 'rectangle': 2}"
838,contour,0.345,1.37,2.614,4.592,146.35,9,"{'other': 4, 'pentagon': 3, 'rectangle': 2}"
839,contour,0.287,2.216,3.293,6.058,147.32,9,"{'other': 4, 'pentagon': 2, 'rectangle': 3}"
840,contour,0.338,2.714,3.757,7.142,147.86,6,"{'other': 2, 'pentagon': 1, 'rectangle': 3}"
841,contour,0.55,3.364,4.166,8.555,145.06,6,"{'other': 2, 'pentagon': 1, 'rectangle': 3}"
842,contour,0.407,2.931,3.821,7.5,145.41,7,"{'other': 3, 'pentagon': 2, 'rectangle': 2}"
843,contour,0.385,2.845,3.152,6.709,147.5,5,"{'other': 4, 'rectangle': 1}"
844,contour,0.34,2.772,3.25,7.21,144.83,7,"{'other': 3, 'rectangle': 2, 'pentagon': 1, 'triangle': 1}"
845,contour,0.519,2.24,2.296,5.275,145.98,7,"{'other': 3, 'pentagon': 3, 'rectangle': 1}"
846,contour,0.319,2.914,3.26,6.818,146.21,6,"{'other': 4, 'rectangle': 1, 'pentagon': 1}"
847,contour,0.304,2.874,3.34,7.457,143.45,8,"{'pentagon': 4, 'other': 3, 'rectangle': 1}"
848,contour,0.49,3.539,3.667,8.072,141.71,7,"{'pentagon': 3, 'other': 3, 'rectangle': 1}"
849,contour,0.41,4.517,3.399,8.693,139.68,7,"{'other': 3, 'pentagon': 3, 'rectangle': 1}"
850,contour,0.425,2.817,2.407,5.941,140.4,7,"{'other': 2, 'pentagon': 4, 'rectangle': 1}"
851,contour,0.401,1.508,2.402,4.602,142.19,8,"{'other': 4, 'pentagon': 2, 'rectangle': 2}"
852,contour,0.339,6.509,6.838,14.125,137.78,8,"{'other': 4, 'pentagon': 2, 'rectangle': 2}"
853,contour,0.345,3.031,3.414,7.099,138.27,9,"{'pentagon': 5, 'other': 2, 'rectangle': 2}"
854,contour,0.38,4.341,4.958,10.515,135.62,9,"{'other': 5, 'pentagon': 2, 'rectangle': 2}"
855,contour,0.412,2.959,3.416,7.087,135.24,9,"{'other': 5, 'pentagon': 3, 'rectangle': 1}"
856,contour,0.307,3.058,3.436,7.084,133.54,8,"{'other': 3, 'pentagon': 3, 'rectangle': 2}"
857,contour,0.386,2.98,3.004,7.126,132.02,8,"{'other': 5, 'pentagon': 2, 'rectangle': 1}"
858,contour,0.379,4.871,4.237,9.755,130.72,8,"{'other': 4, 'pentagon': 3, 'rectangle': 1}"
859,contour,0.505,3.647,2.994,7.458,130.46,8,"{'other': 5, 'pentagon': 2, 'rectangle': 1}"
860,contour,0.353,3.108,3.186,6.938,133.87,8,"{'rectangle': 3, 'other': 4, 'pentagon': 1}"
861,contour,0.257,1.594,1.822,3.873,137.93,8,"{'other': 5, 'pentagon': 2, 'rectangle': 1}"
862,contour,0.32,2.861,3.165,6.73,136.89,7,"{'other': 3, 'pentagon': 1, 'rectangle': 3}"
863,contour,0.442,2.948,3.163,6.856,137.48,9,"{'pentagon': 3, 'other': 4, 'rectangle': 2}"
864,contour,0.365,3.123,3.443,7.228,135.72,8,"{'other': 4, 'pentagon': 2, 'rectangle': 2}"
865,contour,0.291,2.606,1.586,4.711,136.78,7,"{'other': 4, 'pentagon': 1, 'rectangle': 2}"
866,contour,0.313,3.131,3.273,7.005,136.56,9,"{'other': 6, 'pentagon': 1, 'rectangle': 2}"
867,contour,0.381,2.828,4.057,7.569,139.03,9,"{'other': 4, 'triangle': 1, 'pentagon': 2, 'rectangle': 2}"
868,contour,0.311,2.552,2.781,5.899,138.19,10,"{'pentagon': 5, 'other': 3, 'rectangle': 2}"
869,contour,0.29,1.493,2.818,5.077,138.82,10,"{'other': 5, 'rectangle': 2, 'pentagon': 3}"
870,contour,0.449,1.587,3.035,5.327,139.99,8,"{'other': 3, 'pentagon': 3, 'rectangle': 2}"
871,contour,0.265,4.745,7.158,12.706,137.33,8,"{'other': 3, 'pentagon': 4, 'rectangle': 1}"
872,contour,0.261,1.26,2.516,4.352,139.34,9,"{'other': 2, 'pentagon': 4, 'rectangle': 3}"
873,contour,0.459,5.828,3.075,9.669,137.45,6,"{'pentagon': 2, 'other': 2, 'rectangle': 2}"
874,contour,0.396,2.647,3.257,6.616,137.83,8,"{'pentagon': 4, 'rectangle': 3, 'other': 1}"
875,contour,0.3,1.514,3.317,5.548,137.65,9,"{'rectangle': 2, 'triangle': 1, 'pentagon': 4, 'other': 2}"
876,contour,0.317,3.002,3.371,7.442,137.26,8,"{'other': 4, 'pentagon': 2, 'rectangle': 2}"
877,contour,0.352,3.02,3.043,6.694,137.74,8,"{'rectangle': 3, 'pentagon': 3, 'other': 2}"
878,contour,0.294,3.003,3.478,7.11,138.35,10,"{'rectangle': 2, 'pentagon': 3, 'other': 5}"
879,contour,0.539,2.584,2.965,6.344,139.87,10,"{'rectangle': 4, 'pentagon': 2, 'other': 4}"
880,contour,0.319,2.655,2.267,5.448,140.19,8,"{'rectangle': 4, 'pentagon': 2, 'other': 2}"
881,contour,0.236,1.521,1.68,4.131,140.5,10,"{'rectangle': 3, 'pentagon': 5, 'other': 2}"
882,contour,0.391,2.388,3.632,6.749,145.53,9,"{'other': 4, 'rectangle': 2, 'pentagon': 3}"
883,contour,0.289,2.986,3.807,7.426,145.3,11,"{'rectangle': 4, 'pentagon': 4, 'other': 3}"
884,contour,0.322,3.263,3.693,7.609,147.37,9,"{'rectangle': 3, 'pentagon': 2, 'other': 4}"
885,contour,0.627,6.857,3.8,11.611,144.17,9,"{'rectangle': 2, 'pentagon': 2, 'other': 4, 'triangle': 1}"
886,contour,0.279,3.352,3.777,7.709,143.74,7,"{'rectangle': 3, 'pentagon': 1, 'other': 3}"
887,contour,0.273,2.758,1.585,4.876,145.3,9,"{'other': 3, 'rectangle': 4, 'pentagon': 2}"
888,contour,0.217,1.138,1.507,3.036,150.19,10,"{'other': 5, 'rectangle': 3, 'triangle': 1, 'pentagon': 1}"
889,contour,0.216,1.563,1.521,3.72,153.05,10,"{'other': 4, 'rectangle': 3, 'triangle': 1, 'pentagon': 2}"
890,contour,0.342,1.661,1.608,3.783,155.56,10,"{'other': 6, 'rectangle': 2, 'pentagon': 2}"
891,contour,0.411,1.716,1.701,4.01,155.45,10,"{'rectangle': 4, 'triangle': 1, 'pentagon': 2, 'other': 3}"
892,contour,0.329,1.678,1.658,3.847,157.8,10,"{'rectangle': 3, 'pentagon': 3, 'other': 4}"
893,contour,0.339,1.643,1.707,3.865,160.33,11,"{'pentagon': 4, 'rectangle': 3, 'other': 4}"
894,contour,0.24,1.601,2.295,4.326,162.85,10,"{'other': 5, 'rectangle': 3, 'pentagon': 2}"
895,contour,0.27,1.308,1.596,3.366,164.05,9,"{'other': 4, 'rectangle': 4, 'pentagon': 1}"
896,contour,0.286,1.436,1.661,3.545,167.21,9,"{'other': 5, 'rectangle': 3, 'pentagon': 1}"
897,contour,0.243,1.22,1.587,3.217,171.37,10,"{'other': 3, 'rectangle': 4, 'pentagon': 3}"
898,contour,0.263,1.433,1.648,3.511,173.74,10,"{'other': 5, 'rectangle': 3, 'pentagon': 2}"
899,contour,0.232,1.26,1.648,3.306,175.54,9,"{'rectangle': 3, 'pentagon': 2, 'other': 4}"
900,contour,0.24,1.532,1.644,3.589,177.35,11,"{'other': 6, 'rectangle': 3, 'pentagon': 2}"
901,contour,0.231,1.271,1.706,3.388,187.68,8,"{'rectangle': 3, 'pentagon': 2, 'other': 3}"
902,contour,0.265,1.26,2.29,4.119,187.96,9,"{'other': 4, 'rectangle': 2, 'triangle': 1, 'pentagon': 2}"
903,contour,0.328,1.531,1.568,3.804,195.13,9,"{'other': 3, 'rectangle': 4, 'triangle': 1, 'pentagon': 1}"
904,contour,0.417,1.939,1.678,4.204,198.24,10,"{'other': 4, 'rectangle': 5, 'pentagon': 1}"
905,contour,0.267,2.276,2.323,5.064,198.87,10,"{'other': 5, 'rectangle': 3, 'pentagon': 2}"
906,contour,0.238,1.51,1.731,3.879,203.69,10,"{'other': 5, 'rectangle': 3, 'pentagon': 2}"
907,contour,0.343,1.703,1.57,3.893,207.64,10,"{'other': 4, 'rectangle': 3, 'triangle': 1, 'pentagon': 2}"
908,contour,0.22,1.224,1.73,3.367,213.16,10,"{'other': 4, 'rectangle': 3, 'pentagon': 3}"
909,contour,0.274,1.235,1.543,3.223,217.99,10,"{'pentagon': 4, 'rectangle': 3, 'other': 3}"
910,contour,0.22,1.801,2.392,4.593,219.36,10,"{'other': 6, 'pentagon': 2, 'triangle': 1, 'rectangle': 1}"
911,contour,0.234,1.494,1.733,3.639,220.15,10,"{'other': 4, 'rectangle': 3, 'pentagon': 3}"
912,contour,0.266,1.243,1.569,3.235,225.97,10,"{'other': 4, 'rectangle': 3, 'pentagon': 3}"
913,contour,0.237,1.648,1.692,3.955,232.04,11,"{'other': 4, 'rectangle': 3, 'pentagon': 4}"
914,contour,0.312,2.547,2.873,5.935,235.08,8,"{'other': 5, 'pentagon': 2, 'rectangle': 1}"
915,contour,0.313,2.925,2.251,5.656,246.59,8,"{'other': 4, 'pentagon': 3, 'rectangle': 1}"
916,contour,0.29,3.227,2.005,5.693,250.74,9,"{'other': 5, 'pentagon': 3, 'rectangle': 1}"
917,contour,0.246,1.464,1.649,3.537,253.58,9,"{'other': 5, 'rectangle': 3, 'pentagon': 1}"
918,contour,0.33,3.431,1.808,5.781,247.83,10,"{'other': 6, 'rectangle': 2, 'pentagon': 2}"
919,contour,0.251,1.297,1.691,3.428,248.43,8,"{'rectangle': 2, 'pentagon': 2, 'other': 4}"
920,contour,0.245,1.746,1.57,3.856,248.28,8,"{'rectangle': 2, 'pentagon': 1, 'other': 5}"
921,contour,0.242,1.461,1.546,3.612,249.1,9,"{'rectangle': 2, 'pentagon': 3, 'other': 4}"
922,contour,0.473,1.938,1.649,4.243,248.29,11,"{'pentagon': 4, 'rectangle': 2, 'other': 5}"
923,contour,0.25,1.363,1.511,3.772,248.48,9,"{'other': 4, 'rectangle': 3, 'pentagon': 1, 'triangle': 1}"
924,contour,0.256,1.484,1.564,3.473,250.24,9,"{'other': 3, 'rectangle': 2, 'pentagon': 4}"
925,contour,0.241,1.279,1.743,3.44,250.09,9,"{'other': 4, 'rectangle': 2, 'pentagon': 2, 'triangle': 1}"
926,contour,0.237,1.533,1.61,3.742,249.68,9,"{'other': 4, 'rectangle': 1, 'pentagon': 3, 'triangle': 1}"
927,contour,0.341,1.485,1.644,3.679,248.72,9,"{'other': 3, 'rectangle': 2, 'pentagon': 2, 'triangle': 2}"
928,contour,0.393,2.377,1.538,4.483,246.73,9,"{'other': 3, 'rectangle': 3, 'pentagon': 2, 'triangle': 1}"
929,contour,0.211,1.573,1.983,4.148,245.04,8,"{'rectangle': 3, 'other': 4, 'pentagon': 1}"
930,contour,0.372,1.37,1.623,3.536,245.14,8,"{'rectangle': 3, 'pentagon': 3, 'other': 2}"
931,contour,0.223,1.249,1.554,3.783,244.36,9,"{'rectangle': 2, 'other': 5, 'pentagon': 2}"
932,contour,0.237,1.47,1.556,3.834,244.93,8,"{'rectangle': 1, 'pentagon': 3, 'other': 4}"
933,contour,0.225,1.392,1.493,3.289,245.96,8,"{'other': 4, 'rectangle': 1, 'triangle': 2, 'pentagon': 1}"
934,contour,0.294,1.292,1.449,3.214,247.97,8,"{'other': 5, 'rectangle': 1, 'triangle': 1, 'pentagon': 1}"
935,contour,0.255,1.614,1.987,4.134,249.89,9,"{'pentagon': 2, 'rectangle': 1, 'other': 6}"
936,contour,0.251,1.9,1.641,4.184,249.26,9,"{'pentagon': 3, 'rectangle': 2, 'other': 4}"
937,contour,0.55,1.844,1.613,4.189,248.65,9,"{'other': 6, 'rectangle': 2, 'pentagon': 1}"
938,contour,0.276,1.448,1.424,3.301,248.78,8,"{'pentagon': 2, 'rectangle': 1, 'other': 5}"
939,contour,0.267,1.364,1.501,3.294,248.64,9,"{'other': 6, 'rectangle': 2, 'pentagon': 1}"
940,contour,0.274,1.889,1.619,3.932,250.0,9,"{'other': 6, 'rectangle': 2, 'pentagon': 1}"
941,contour,0.313,1.475,1.463,3.427,250.45,8,"{'other': 5, 'rectangle': 1, 'pentagon': 2}"
942,contour,0.325,1.588,1.861,3.929,249.01,9,"{'other': 5, 'pentagon': 2, 'triangle': 2}"
943,contour,0.224,1.215,1.582,3.683,249.57,9,"{'pentagon': 2, 'rectangle': 1, 'other': 5, 'triangle': 1}"
944,contour,0.332,1.818,2.117,4.907,251.72,11,"{'pentagon': 3, 'other': 7, 'triangle': 1}"
945,contour,0.281,1.498,1.92,4.387,254.43,10,"{'other': 6, 'rectangle': 2, 'pentagon': 2}"
946,contour,0.35,1.649,1.684,3.877,258.41,9,"{'other': 7, 'rectangle': 2}"
947,contour,0.293,1.814,1.858,4.139,257.08,9,"{'pentagon': 1, 'other': 7, 'rectangle': 1}"
948,contour,0.248,1.506,2.009,4.025,261.0,10,"{'pentagon': 1, 'rectangle': 1, 'triangle': 1, 'other': 7}"
949,contour,0.314,1.324,1.494,3.514,260.81,10,{'other': 10}
950,contour,0.335,1.421,1.688,4.55,259.24,9,"{'other': 8, 'pentagon': 1}"
951,contour,0.252,1.327,1.506,3.248,260.06,9,"{'pentagon': 1, 'other': 6, 'triangle': 1, 'rectangle': 1}"
952,contour,0.347,1.431,1.587,3.561,261.61,10,"{'pentagon': 1, 'other': 8, 'triangle': 1}"
953,contour,0.274,1.712,1.624,4.279,260.46,10,"{'pentagon': 2, 'rectangle': 3, 'other': 5}"
954,contour,0.27,1.192,1.611,3.772,259.79,9,"{'other': 6, 'triangle': 1, 'rectangle': 1, 'pentagon': 1}"
955,contour,0.388,1.878,1.546,3.982,258.57,9,"{'pentagon': 2, 'other': 6, 'triangle': 1}"
956,contour,0.246,1.381,1.537,3.601,258.89,10,"{'other': 9, 'triangle': 1}"
957,contour,0.481,1.656,1.609,3.921,258.35,10,"{'pentagon': 1, 'other': 8, 'triangle': 1}"
958,contour,0.268,1.348,1.531,3.301,261.01,11,"{'other': 7, 'pentagon': 2, 'triangle': 1, 'rectangle': 1}"
959,contour,0.293,1.573,1.51,3.555,262.36,11,"{'other': 7, 'triangle': 1, 'pentagon': 3}"
960,contour,0.299,2.066,1.5,4.036,261.21,10,"{'pentagon': 3, 'other': 7}"
961,contour,0.322,1.467,1.491,3.451,261.97,9,"{'pentagon': 1, 'other': 7, 'rectangle': 1}"
962,contour,0.285,1.649,1.477,3.579,262.55,9,"{'pentagon': 2, 'other': 6, 'rectangle': 1}"
963,contour,0.314,1.427,1.432,3.356,262.4,7,{'other': 7}
964,contour,0.326,2.127,1.577,4.193,260.18,10,"{'rectangle': 1, 'other': 6, 'pentagon': 2, 'triangle': 1}"
965,contour,0.257,1.499,1.5,3.681,261.2,8,"{'pentagon': 2, 'other': 4, 'rectangle': 1, 'triangle': 1}"
966,contour,0.434,1.524,1.549,3.689,262.33,9,"{'other': 6, 'pentagon': 1, 'rectangle': 2}"
967,contour,0.21,1.236,1.673,4.039,262.67,9,"{'pentagon': 2, 'other': 7}"
968,contour,0.336,1.827,1.961,4.305,260.39,9,"{'other': 8, 'pentagon': 1}"
969,contour,0.346,1.624,1.636,3.802,259.24,10,"{'pentagon': 3, 'rectangle': 2, 'other': 5}"
970,contour,0.27,1.332,1.522,3.603,259.98,10,"{'pentagon': 3, 'rectangle': 2, 'other': 3, 'triangle': 2}"
971,contour,0.316,1.265,1.594,3.352,260.15,10,"{'other': 8, 'pentagon': 2}"
972,contour,0.283,1.821,1.512,4.05,259.88,9,"{'pentagon': 2, 'other': 6, 'triangle': 1}"
973,contour,0.347,1.91,1.539,3.952,259.28,9,"{'other': 5, 'pentagon': 3, 'triangle': 1}"
974,contour,0.268,1.818,1.532,3.797,261.79,9,"{'rectangle': 1, 'other': 6, 'pentagon': 1, 'triangle': 1}"
975,contour,0.38,3.547,2.875,19.18,231.86,10,"{'other': 6, 'pentagon': 2, 'rectangle': 2}"
976,contour,0.224,1.558,1.665,3.811,231.98,7,"{'rectangle': 2, 'other': 5}"
977,contour,0.266,1.63,1.561,3.64,232.88,7,"{'rectangle': 3, 'other': 4}"
978,contour,0.246,1.275,1.356,3.037,234.68,6,"{'rectangle': 1, 'other': 5}"
979,contour,0.23,1.762,1.404,3.594,234.53,7,"{'rectangle': 1, 'triangle': 1, 'other': 5}"
980,contour,0.292,1.504,1.384,3.35,236.75,7,"{'rectangle': 3, 'other': 4}"
981,contour,0.357,1.544,1.86,3.952,235.44,7,"{'rectangle': 1, 'pentagon': 1, 'other': 5}"
982,contour,0.446,1.506,1.42,3.557,235.45,7,"{'rectangle': 2, 'other': 5}"
983,contour,0.348,1.53,1.615,3.662,236.6,7,"{'other': 6, 'rectangle': 1}"
984,contour,0.335,1.666,1.549,3.718,236.7,9,"{'rectangle': 1, 'pentagon': 4, 'other': 4}"
985,contour,0.281,1.229,1.696,3.385,237.82,8,"{'rectangle': 1, 'pentagon': 2, 'other': 5}"
986,contour,0.22,1.755,1.529,3.665,237.7,7,"{'rectangle': 1, 'triangle': 1, 'other': 3, 'pentagon': 2}"
987,contour,0.25,1.509,1.537,3.464,238.56,8,"{'pentagon': 3, 'rectangle': 3, 'other': 2}"
988,contour,0.282,1.289,1.623,3.392,238.39,7,"{'rectangle': 3, 'other': 4}"
989,contour,0.234,1.358,1.434,3.772,237.98,8,"{'rectangle': 2, 'other': 5, 'pentagon': 1}"
990,contour,0.248,1.298,1.524,3.253,239.47,8,"{'rectangle': 1, 'triangle': 1, 'other': 5, 'pentagon': 1}"
991,contour,0.261,1.394,1.462,3.527,239.32,9,"{'rectangle': 2, 'triangle': 1, 'pentagon': 2, 'other': 4}"
992,contour,0.414,1.715,1.536,3.827,238.85,8,"{'rectangle': 2, 'triangle': 1, 'other': 3, 'pentagon': 2}"
993,contour,0.266,1.464,1.71,4.565,236.57,9,"{'other': 6, 'rectangle': 1, 'triangle': 1, 'pentagon': 1}"
994,contour,0.377,1.263,1.451,3.264,238.32,8,"{'rectangle': 2, 'other': 6}"
995,contour,0.231,1.807,1.619,3.87,237.96,8,"{'rectangle': 1, 'triangle': 1, 'other': 6}"
996,contour,0.239,1.424,2.14,3.96,237.45,8,"{'rectangle': 1, 'triangle': 1, 'other': 6}"
997,contour,0.264,1.355,1.521,3.287,238.87,8,"{'rectangle': 2, 'triangle': 1, 'other': 4, 'pentagon': 1}"
998,contour,0.411,1.511,1.595,3.671,240.09,8,"{'rectangle': 1, 'triangle': 1, 'other': 5, 'pentagon': 1}"
999,contour,0.254,1.208,1.504,3.126,241.39,10,"{'pentagon': 3, 'rectangle': 1, 'other': 6}"
1000,contour,0.228,1.405,1.456,3.257,242.06,9,"{'rectangle': 1, 'triangle': 1, 'pentagon': 2, 'other': 5}"
1001,contour,0.26,1.361,1.471,3.259,242.25,9,"{'rectangle': 1, 'other': 5, 'pentagon': 3}"
1002,contour,0.236,1.237,1.439,3.331,243.66,8,"{'rectangle': 2, 'triangle': 1, 'other': 4, 'pentagon': 1}"
1003,contour,0.358,1.533,1.561,3.626,244.31,10,"{'pentagon': 2, 'rectangle': 1, 'triangle': 1, 'other': 6}"
1004,contour,0.351,1.631,1.473,3.888,244.13,8,"{'rectangle': 2, 'triangle': 1, 'other': 4, 'pentagon': 1}"
1005,contour,0.313,1.474,1.518,3.472,279.91,10,"{'rectangle': 2, 'other': 6, 'pentagon': 2}"
1006,contour,0.355,1.624,1.564,3.707,280.18,10,"{'rectangle': 2, 'triangle': 1, 'other': 6, 'pentagon': 1}"
1007,contour,0.257,1.344,1.979,3.759,279.87,11,"{'pentagon': 2, 'rectangle': 3, 'triangle': 1, 'other': 5}"
1008,contour,0.218,1.397,1.66,3.519,278.61,10,"{'rectangle': 2, 'pentagon': 3, 'other': 5}"
1009,contour,0.282,1.494,1.609,3.981,277.62,9,"{'rectangle': 1, 'pentagon': 1, 'other': 7}"
1010,contour,0.357,1.311,1.551,3.388,277.52,10,"{'rectangle': 2, 'pentagon': 1, 'other': 7}"
1011,contour,0.236,1.563,1.507,3.483,278.73,8,"{'rectangle': 3, 'pentagon': 1, 'other': 4}"
1012,contour,0.293,1.431,1.458,3.343,279.28,8,"{'rectangle': 3, 'other': 4, 'triangle': 1}"
1013,contour,0.237,2.139,1.843,4.397,277.38,9,"{'rectangle': 3, 'pentagon': 2, 'other': 4}"
1014,contour,0.205,1.215,1.462,3.045,279.12,9,"{'rectangle': 2, 'pentagon': 1, 'other': 6}"
1015,contour,0.281,1.63,1.856,3.931,277.71,9,"{'rectangle': 3, 'pentagon': 3, 'other': 3}"
1016,contour,0.321,1.44,1.477,3.441,278.28,9,"{'rectangle': 2, 'other': 7}"
1017,contour,0.29,2.822,1.685,4.995,274.39,7,"{'rectangle': 4, 'other': 3}"
1018,contour,0.27,1.755,1.474,3.691,273.64,8,"{'rectangle': 2, 'pentagon': 2, 'other': 4}"
1019,contour,0.304,1.625,1.537,3.619,274.02,9,"{'rectangle': 3, 'other': 5, 'pentagon': 1}"
1020,contour,0.247,1.448,1.592,3.457,273.51,7,"{'rectangle': 2, 'other': 5}"
1021,contour,0.264,1.596,1.431,3.439,273.73,8,"{'rectangle': 2, 'other': 6}"
1022,contour,0.376,1.261,1.4,3.207,275.28,9,"{'rectangle': 2, 'pentagon': 3, 'other': 4}"
1023,contour,0.254,1.409,1.411,3.25,278.65,8,"{'rectangle': 3, 'other': 5}"
1024,contour,0.253,1.315,1.449,3.199,278.82,9,"{'rectangle': 2, 'triangle': 1, 'other': 5, 'pentagon': 1}"
1025,contour,0.244,1.412,1.422,3.257,280.41,9,"{'rectangle': 3, 'other': 5, 'pentagon': 1}"
1026,contour,0.273,1.509,1.404,3.366,281.98,8,"{'rectangle': 1, 'triangle': 1, 'other': 6}"
1027,contour,0.303,1.896,1.437,4.099,279.85,8,"{'rectangle': 1, 'triangle': 1, 'other': 6}"
1028,contour,0.304,1.319,1.509,4.077,278.79,10,"{'rectangle': 2, 'triangle': 1, 'other': 6, 'pentagon': 1}"
1029,contour,0.28,1.555,1.488,3.76,277.15,8,"{'rectangle': 2, 'triangle': 1, 'other': 4, 'pentagon': 1}"
1030,contour,0.631,1.797,2.516,22.592,235.15,8,"{'rectangle': 1, 'triangle': 1, 'other': 5, 'pentagon': 1}"
1031,contour,0.277,2.542,2.21,5.232,231.57,8,"{'rectangle': 2, 'triangle': 1, 'other': 5}"
1032,contour,0.273,2.48,2.035,4.986,228.65,9,"{'pentagon': 3, 'triangle': 1, 'other': 4, 'rectangle': 1}"
1033,contour,0.241,1.606,1.69,3.701,228.52,8,"{'rectangle': 3, 'pentagon': 1, 'other': 4}"
1034,contour,0.257,1.874,2.985,5.361,225.98,8,"{'rectangle': 3, 'other': 3, 'pentagon': 1, 'triangle': 1}"
1035,contour,0.261,1.618,1.825,4.025,225.04,7,"{'rectangle': 1, 'triangle': 1, 'other': 5}"
1036,contour,0.274,1.529,1.469,3.485,225.42,9,"{'pentagon': 2, 'rectangle': 1, 'other': 6}"
1037,contour,0.311,1.736,1.457,3.696,225.52,8,"{'rectangle': 2, 'pentagon': 1, 'other': 5}"
1038,contour,0.307,1.754,1.441,3.959,224.78,7,"{'rectangle': 2, 'triangle': 1, 'other': 3, 'pentagon': 1}"
1039,contour,0.408,2.11,1.55,4.269,224.3,7,"{'rectangle': 2, 'other': 5}"
1040,contour,0.307,1.374,1.293,3.441,224.21,6,"{'rectangle': 2, 'other': 4}"
1041,contour,0.333,1.699,1.454,3.706,223.83,9,"{'rectangle': 2, 'triangle': 1, 'other': 5, 'pentagon': 1}"
1042,contour,0.238,1.688,2.18,4.297,222.25,8,"{'rectangle': 3, 'other': 4, 'pentagon': 1}"
1043,contour,0.281,1.683,1.55,3.691,223.42,8,"{'rectangle': 3, 'other': 4, 'pentagon': 1}"
1044,contour,0.267,1.553,1.431,3.411,222.81,8,"{'rectangle': 2, 'other': 5, 'pentagon': 1}"
1045,contour,0.229,1.336,1.434,3.136,224.14,8,"{'rectangle': 2, 'pentagon': 2, 'other': 4}"
1046,contour,0.255,1.378,1.556,3.412,224.18,8,"{'rectangle': 1, 'other': 5, 'pentagon': 2}"
1047,contour,0.442,1.362,1.383,3.36,226.96,8,"{'rectangle': 1, 'triangle': 1, 'other': 5, 'pentagon': 1}"
1048,contour,0.37,1.256,1.436,3.53,227.24,9,"{'rectangle': 1, 'triangle': 1, 'other': 5, 'pentagon': 2}"
1049,contour,0.409,1.709,1.473,3.762,226.99,9,"{'rectangle': 1, 'other': 6, 'pentagon': 2}"
1050,contour,0.344,1.533,1.37,3.433,227.03,7,"{'rectangle': 2, 'other': 4, 'pentagon': 1}"
1051,contour,0.261,1.219,1.637,3.317,227.24,8,"{'rectangle': 1, 'triangle': 1, 'other': 5, 'pentagon': 1}"
1052,contour,0.327,2.265,1.755,5.264,223.75,7,"{'rectangle': 2, 'triangle': 1, 'other': 4}"
1053,contour,0.316,1.435,1.437,3.859,222.74,10,"{'rectangle': 1, 'triangle': 1, 'pentagon': 3, 'other': 5}"
1054,contour,0.277,1.229,1.388,3.048,222.99,8,"{'rectangle': 2, 'triangle': 1, 'pentagon': 1, 'other': 4}"
1055,contour,0.279,1.368,1.393,3.187,223.11,9,"{'rectangle': 1, 'triangle': 1, 'pentagon': 2, 'other': 5}"
1056,contour,0.256,1.214,1.382,3.362,223.11,7,"{'rectangle': 3, 'other': 4}"
1057,contour,0.369,1.58,1.585,3.71,223.76,7,"{'rectangle': 3, 'pentagon': 1, 'other': 3}"
1058,contour,0.363,1.784,1.443,4.052,223.8,9,"{'rectangle': 3, 'triangle': 1, 'other': 4, 'pentagon': 1}"
1059,contour,0.36,1.438,1.435,4.322,222.87,8,"{'pentagon': 1, 'triangle': 1, 'other': 6}"
1060,contour,0.274,1.528,1.533,3.496,259.71,9,"{'pentagon': 2, 'triangle': 1, 'other': 6}"
1061,contour,0.292,1.171,1.67,3.301,264.12,7,"{'rectangle': 1, 'other': 6}"
1062,contour,0.242,1.507,1.672,3.77,266.98,8,"{'rectangle': 2, 'other': 5, 'pentagon': 1}"
1063,contour,0.236,1.405,1.386,3.186,268.21,7,"{'rectangle': 1, 'pentagon': 2, 'other': 4}"
1064,contour,0.235,1.564,1.554,3.525,272.69,7,"{'rectangle': 3, 'other': 3, 'pentagon': 1}"
1065,contour,0.229,1.96,1.754,4.156,272.36,7,"{'rectangle': 2, 'other': 4, 'pentagon': 1}"
1066,contour,0.266,1.57,1.47,3.48,272.37,6,"{'rectangle': 2, 'pentagon': 1, 'other': 3}"
1067,contour,0.321,1.673,1.432,3.594,272.63,8,"{'rectangle': 2, 'pentagon': 1, 'other': 5}"
1068,contour,0.205,1.746,1.626,3.732,273.19,7,"{'rectangle': 2, 'pentagon': 2, 'other': 3}"
1069,contour,0.322,2.044,1.859,4.403,272.86,8,"{'rectangle': 1, 'other': 5, 'pentagon': 2}"
1070,contour,0.302,1.606,1.397,3.502,272.71,7,"{'rectangle': 3, 'pentagon': 2, 'other': 2}"
1071,contour,0.335,1.515,1.357,3.361,273.56,6,"{'rectangle': 1, 'other': 4, 'pentagon': 1}"
1072,contour,0.293,2.132,2.058,5.437,270.75,9,"{'rectangle': 1, 'other': 6, 'pentagon': 2}"
1073,contour,0.241,1.578,1.432,3.521,271.17,7,"{'rectangle': 3, 'pentagon': 2, 'other': 2}"
1074,contour,0.252,1.565,1.53,4.582,268.33,7,"{'rectangle': 1, 'pentagon': 2, 'other': 4}"
1075,contour,0.293,1.623,1.39,3.463,267.55,7,"{'rectangle': 3, 'pentagon': 1, 'other': 3}"
1076,contour,0.419,1.701,1.573,3.864,266.47,6,"{'rectangle': 2, 'other': 4}"
1077,contour,0.241,1.751,1.418,3.571,265.98,6,"{'rectangle': 2, 'other': 4}"
1078,contour,0.38,1.908,1.417,3.885,265.14,8,"{'rectangle': 1, 'other': 6, 'pentagon': 1}"
1079,contour,0.212,1.363,1.368,3.273,266.29,6,"{'rectangle': 2, 'other': 4}"
1080,contour,0.288,1.653,1.34,3.483,266.18,6,"{'rectangle': 1, 'other': 5}"
1081,contour,0.264,1.347,1.387,3.169,266.53,8,"{'rectangle': 3, 'pentagon': 2, 'other': 3}"
1082,contour,0.256,1.652,1.46,3.569,270.6,7,"{'rectangle': 2, 'pentagon': 1, 'other': 4}"
1083,contour,0.246,1.258,1.453,3.12,272.42,7,"{'rectangle': 2, 'pentagon': 1, 'other': 4}"
1084,contour,0.259,1.502,1.476,3.411,271.53,8,"{'rectangle': 3, 'pentagon': 2, 'other': 3}"
1085,contour,0.256,1.699,2.028,4.204,269.05,9,"{'rectangle': 3, 'pentagon': 2, 'other': 4}"
1086,contour,0.406,1.2,1.484,3.288,269.23,9,"{'rectangle': 3, 'pentagon': 1, 'other': 5}"
1087,contour,0.444,1.371,1.424,3.415,269.95,8,"{'rectangle': 3, 'pentagon': 1, 'other': 4}"
1088,contour,0.358,1.328,1.401,3.252,271.9,8,"{'rectangle': 1, 'pentagon': 3, 'other': 4}"
1089,contour,0.279,1.681,1.512,3.869,273.02,8,"{'rectangle': 2, 'pentagon': 2, 'other': 4}"
1090,contour,0.448,2.523,1.455,4.589,270.34,7,"{'rectangle': 1, 'pentagon': 1, 'other': 5}"
1091,contour,0.272,1.331,1.409,3.378,270.15,7,"{'rectangle': 2, 'pentagon': 1, 'other': 4}"
1092,contour,0.322,1.65,1.866,4.498,268.39,9,"{'rectangle': 3, 'pentagon': 2, 'other': 4}"
1093,contour,0.29,1.497,1.429,3.747,267.05,9,"{'rectangle': 2, 'pentagon': 2, 'other': 5}"
1094,contour,0.429,3.429,3.416,8.326,256.11,7,"{'rectangle': 1, 'pentagon': 2, 'other': 4}"
1095,contour,0.288,2.076,2.118,5.045,254.18,7,"{'rectangle': 1, 'other': 6}"
1096,contour,0.636,2.1,2.271,5.225,250.47,7,"{'rectangle': 1, 'other': 5, 'pentagon': 1}"
1097,contour,0.305,2.215,1.527,4.244,249.12,7,"{'rectangle': 1, 'other': 6}"
1098,contour,0.234,1.376,1.374,3.147,250.34,6,"{'rectangle': 2, 'other': 3, 'pentagon': 1}"
1099,contour,0.284,1.55,1.522,3.664,251.89,7,"{'rectangle': 1, 'other': 5, 'pentagon': 1}"
1100,contour,0.322,1.41,1.391,3.3,252.32,7,"{'rectangle': 1, 'other': 5, 'pentagon': 1}"
1101,contour,0.205,1.58,1.352,3.306,252.44,6,"{'rectangle': 1, 'other': 4, 'pentagon': 1}"
1102,contour,0.317,1.686,1.408,3.71,256.16,7,"{'rectangle': 1, 'pentagon': 2, 'other': 4}"
1103,contour,0.395,1.927,2.161,4.679,253.65,7,"{'rectangle': 1, 'other': 6}"
1104,contour,0.266,1.749,1.487,4.713,253.37,6,"{'rectangle': 1, 'other': 5}"
1105,contour,0.231,1.832,1.537,3.77,252.71,7,"{'rectangle': 2, 'pentagon': 1, 'other': 4}"
1106,contour,0.23,1.844,1.656,4.126,252.16,7,"{'rectangle': 2, 'pentagon': 1, 'other': 4}"
1107,contour,0.376,1.936,1.62,4.102,251.04,8,"{'rectangle': 2, 'pentagon': 2, 'other': 4}"
1108,contour,0.282,1.977,1.459,4.123,250.54,8,"{'rectangle': 2, 'other': 6}"
1109,contour,0.508,1.557,1.751,4.016,248.99,10,"{'rectangle': 2, 'pentagon': 2, 'other': 6}"
1110,contour,0.254,1.279,1.37,4.497,246.91,6,"{'rectangle': 1, 'pentagon': 1, 'other': 4}"
1111,contour,0.304,1.6,1.562,3.699,245.84,6,"{'rectangle': 1, 'other': 5}"
1112,contour,0.324,2.033,1.983,4.527,243.93,6,"{'rectangle': 1, 'other': 5}"
1113,contour,0.281,1.884,1.352,3.679,242.82,6,"{'rectangle': 2, 'other': 4}"
1114,contour,0.26,1.485,1.524,3.436,242.77,8,"{'rectangle': 1, 'pentagon': 2, 'other': 5}"
1115,contour,0.226,1.427,1.435,3.255,244.65,8,"{'rectangle': 1, 'pentagon': 2, 'other': 5}"
1116,contour,0.24,1.557,1.81,4.045,243.15,9,"{'rectangle': 1, 'pentagon': 4, 'other': 4}"
1117,contour,0.375,1.839,1.565,3.932,242.13,10,"{'rectangle': 1, 'pentagon': 2, 'other': 7}"
1118,contour,0.261,1.319,1.498,3.252,242.14,8,"{'rectangle': 2, 'other': 6}"
1119,contour,0.296,1.906,1.439,4.548,240.82,8,"{'rectangle': 2, 'other': 5, 'pentagon': 1}"
1120,contour,0.256,1.442,1.697,3.921,242.11,8,"{'rectangle': 2, 'pentagon': 2, 'other': 4}"
1121,contour,0.553,2.036,2.027,4.813,239.34,8,"{'rectangle': 2, 'other': 4, 'pentagon': 2}"
1122,contour,0.409,1.641,1.525,4.221,239.87,7,"{'rectangle': 2, 'pentagon': 1, 'other': 4}"
1123,contour,0.261,1.855,1.382,3.679,240.0,6,"{'pentagon': 1, 'other': 5}"
1124,contour,0.297,1.779,1.935,4.21,248.17,5,"{'other': 4, 'rectangle': 1}"
1125,contour,0.258,1.797,2.02,4.256,249.8,5,{'other': 5}
1126,contour,0.307,1.814,1.939,4.246,251.85,7,"{'pentagon': 1, 'other': 6}"
1127,contour,0.363,1.794,1.932,4.28,251.78,5,{'other': 5}
1128,contour,0.272,1.366,1.487,3.987,250.02,6,"{'other': 5, 'rectangle': 1}"
1129,contour,0.373,1.568,1.409,3.518,250.32,5,"{'rectangle': 1, 'pentagon': 2, 'other': 2}"
1130,contour,0.321,1.765,1.82,4.095,248.68,5,"{'rectangle': 1, 'other': 3, 'pentagon': 1}"
1131,contour,0.264,1.775,1.46,3.67,247.93,6,"{'rectangle': 1, 'pentagon': 3, 'other': 2}"
1132,contour,0.328,2.28,1.777,4.644,246.03,7,"{'pentagon': 2, 'other': 4, 'rectangle': 1}"
1133,contour,0.241,1.939,1.856,4.216,246.97,7,"{'rectangle': 1, 'other': 6}"
1134,contour,0.26,1.789,2.287,4.587,247.22,5,"{'rectangle': 1, 'other': 3, 'pentagon': 1}"
1135,contour,0.328,1.566,1.414,3.475,247.82,6,"{'rectangle': 2, 'other': 3, 'pentagon': 1}"
1136,contour,0.297,1.721,1.964,4.272,247.52,6,"{'rectangle': 3, 'pentagon': 2, 'other': 1}"
1137,contour,0.306,1.468,1.389,3.911,247.91,7,"{'pentagon': 2, 'rectangle': 1, 'other': 4}"
1138,contour,0.342,3.091,2.811,6.536,243.07,7,"{'pentagon': 2, 'other': 4, 'rectangle': 1}"
1139,contour,0.34,2.981,5.844,9.83,232.13,6,"{'pentagon': 2, 'rectangle': 1, 'other': 3}"
1140,contour,0.372,3.869,4.879,9.574,223.36,6,"{'pentagon': 1, 'rectangle': 1, 'other': 4}"
1141,contour,0.349,3.669,6.414,10.905,211.98,7,"{'pentagon': 2, 'rectangle': 1, 'other': 4}"
1142,contour,0.33,2.815,2.604,6.027,209.76,7,"{'pentagon': 2, 'rectangle': 1, 'other': 4}"
1143,contour,0.373,3.571,3.539,7.774,203.92,6,"{'pentagon': 1, 'rectangle': 1, 'other': 4}"
1144,contour,0.321,3.892,2.485,7.001,199.1,6,"{'pentagon': 1, 'rectangle': 3, 'other': 2}"
1145,contour,0.404,5.208,3.41,9.329,191.38,8,"{'pentagon': 3, 'other': 3, 'rectangle': 2}"
1146,contour,0.368,3.498,3.172,7.384,187.39,7,"{'pentagon': 1, 'other': 5, 'rectangle': 1}"
1147,contour,0.337,1.504,3.264,5.394,185.69,8,"{'pentagon': 2, 'other': 5, 'rectangle': 1}"
1148,contour,0.419,3.355,3.487,7.616,180.81,9,"{'pentagon': 1, 'other': 6, 'rectangle': 1, 'triangle': 1}"
1149,contour,0.689,5.761,4.488,11.398,173.64,7,"{'pentagon': 2, 'other': 4, 'rectangle': 1}"
1150,contour,0.444,6.848,6.173,13.865,164.19,6,"{'pentagon': 2, 'rectangle': 1, 'other': 3}"
1151,contour,0.394,4.088,5.647,10.62,159.13,7,"{'pentagon': 2, 'rectangle': 1, 'other': 4}"
1152,contour,0.38,3.025,5.197,9.102,155.12,6,"{'pentagon': 1, 'rectangle': 1, 'other': 4}"
1153,contour,0.538,3.303,4.881,9.105,150.88,8,"{'pentagon': 3, 'other': 4, 'rectangle': 1}"
1154,contour,0.288,3.097,3.534,7.246,148.62,7,"{'pentagon': 1, 'other': 5, 'rectangle': 1}"
1155,contour,0.352,3.969,5.163,9.919,144.56,6,"{'pentagon': 2, 'other': 4}"
1156,contour,0.345,3.114,4.235,8.748,141.49,7,"{'pentagon': 2, 'other': 5}"
1157,contour,0.496,2.197,2.444,5.395,140.75,6,"{'pentagon': 1, 'other': 4, 'rectangle': 1}"
1158,contour,0.33,2.971,2.861,6.446,139.15,7,"{'pentagon': 2, 'rectangle': 1, 'other': 4}"
1159,contour,0.312,2.58,2.987,6.175,137.45,7,"{'pentagon': 2, 'rectangle': 1, 'other': 4}"
1160,contour,0.325,2.843,2.699,6.169,136.16,7,"{'pentagon': 2, 'other': 3, 'rectangle': 2}"
1161,contour,0.384,3.131,3.324,7.222,134.0,8,"{'pentagon': 2, 'other': 6}"
1162,contour,0.355,3.368,3.324,7.408,132.36,7,"{'pentagon': 1, 'other': 5, 'rectangle': 1}"
1163,contour,0.308,3.559,3.68,7.939,130.22,8,"{'pentagon': 2, 'other': 5, 'rectangle': 1}"
1164,contour,0.391,3.864,3.438,8.028,128.31,6,"{'pentagon': 2, 'rectangle': 1, 'other': 3}"
1165,contour,0.269,3.373,3.632,7.589,126.09,6,"{'pentagon': 1, 'rectangle': 2, 'other': 3}"
1166,contour,0.306,3.569,3.384,7.628,124.34,6,"{'pentagon': 2, 'rectangle': 1, 'other': 3}"
1167,contour,0.388,3.641,3.324,7.688,122.42,6,"{'pentagon': 1, 'rectangle': 1, 'other': 4}"
1168,contour,0.367,4.27,2.891,7.778,121.8,6,"{'pentagon': 1, 'rectangle': 2, 'other': 3}"
1169,contour,0.317,3.225,3.121,6.982,123.23,7,"{'pentagon': 2, 'rectangle': 2, 'other': 3}"
1170,contour,0.466,5.889,5.475,12.214,121.9,7,"{'pentagon': 2, 'other': 5}"
1171,contour,0.432,4.946,3.01,8.694,123.01,6,"{'pentagon': 1, 'other': 4, 'rectangle': 1}"
1172,contour,0.332,3.438,3.262,7.363,122.34,6,"{'pentagon': 1, 'rectangle': 1, 'other': 4}"
1173,contour,0.494,5.606,3.16,10.168,121.16,6,"{'pentagon': 1, 'rectangle': 1, 'other': 4}"
1174,contour,0.348,4.802,4.273,9.815,119.8,7,"{'pentagon': 2, 'other': 4, 'rectangle': 1}"
1175,contour,0.528,4.1,2.95,7.869,120.5,7,"{'pentagon': 3, 'rectangle': 1, 'other': 3}"
1176,contour,0.358,3.844,1.59,6.025,121.16,6,"{'pentagon': 1, 'other': 5}"
1177,contour,0.414,3.723,4.072,8.648,119.59,6,"{'pentagon': 1, 'rectangle': 2, 'other': 3}"
1178,contour,0.308,3.412,3.048,7.533,119.63,7,"{'pentagon': 3, 'rectangle': 1, 'other': 3}"
1179,contour,0.558,3.686,3.082,7.687,121.42,6,"{'pentagon': 2, 'rectangle': 1, 'other': 3}"
1180,contour,0.468,3.686,2.881,7.795,124.48,7,"{'pentagon': 3, 'rectangle': 2, 'other': 2}"
1181,contour,0.644,1.953,2.191,5.044,127.43,6,"{'pentagon': 1, 'rectangle': 2, 'other': 3}"
1182,contour,0.27,1.332,2.099,3.969,130.27,7,"{'pentagon': 2, 'rectangle': 2, 'other': 3}"
1183,contour,0.384,3.457,4.025,8.152,130.81,6,"{'pentagon': 1, 'rectangle': 1, 'other': 4}"
1184,contour,0.363,1.837,2.149,5.142,132.02,7,"{'pentagon': 2, 'other': 4, 'triangle': 1}"
1185,contour,0.5,4.412,3.406,8.681,132.75,8,"{'pentagon': 2, 'other': 5, 'rectangle': 1}"
1186,contour,0.348,3.562,5.57,10.79,131.56,6,"{'pentagon': 1, 'rectangle': 2, 'other': 3}"
1187,contour,0.808,5.879,4.871,12.051,127.83,6,"{'pentagon': 1, 'rectangle': 1, 'other': 4}"
1188,contour,0.376,3.623,4.7,9.147,126.37,7,"{'pentagon': 2, 'rectangle': 1, 'other': 4}"
1189,contour,0.561,5.121,4.94,11.038,123.84,8,"{'pentagon': 2, 'rectangle': 2, 'other': 4}"
1190,contour,0.367,3.38,3.845,8.094,122.86,6,"{'pentagon': 1, 'rectangle': 3, 'other': 2}"
1191,contour,0.548,5.444,5.211,11.739,120.63,6,"{'pentagon': 1, 'rectangle': 1, 'other': 4}"
1192,contour,0.407,6.22,6.232,13.278,117.85,7,"{'pentagon': 3, 'rectangle': 1, 'other': 3}"
1193,contour,0.275,1.696,2.157,4.338,119.54,7,"{'pentagon': 2, 'rectangle': 2, 'other': 3}"
1194,contour,0.282,3.685,3.829,8.182,119.46,6,"{'pentagon': 2, 'rectangle': 1, 'other': 3}"
1195,contour,0.248,1.621,2.769,4.869,120.77,6,"{'pentagon': 1, 'rectangle': 1, 'other': 4}"
1196,contour,0.274,1.307,3.049,4.873,122.13,7,"{'pentagon': 3, 'rectangle': 1, 'other': 3}"
1197,contour,0.423,3.479,3.159,7.709,122.12,8,"{'pentagon': 3, 'rectangle': 1, 'other': 4}"
1198,contour,0.425,3.472,3.151,7.463,122.27,7,"{'pentagon': 3, 'rectangle': 1, 'other': 3}"
1199,contour,0.304,3.014,2.799,6.429,122.55,6,"{'pentagon': 1, 'other': 5}"
1200,contour,0.362,3.103,2.837,6.601,125.43,7,"{'pentagon': 3, 'rectangle': 1, 'other': 3}"
1201,contour,0.358,3.087,2.796,6.516,126.58,7,"{'pentagon': 2, 'other': 5}"
1202,contour,0.514,3.287,3.264,7.421,126.55,7,"{'pentagon': 1, 'triangle': 1, 'other': 4, 'rectangle': 1}"
1203,contour,0.482,5.677,5.557,12.721,125.2,6,"{'pentagon': 2, 'rectangle': 1, 'other': 3}"
1204,contour,0.672,3.747,3.107,8.007,126.15,7,"{'pentagon': 3, 'rectangle': 2, 'other': 2}"
1205,contour,0.522,5.031,4.638,11.091,124.46,9,"{'pentagon': 5, 'rectangle': 1, 'other': 3}"
1206,contour,0.589,3.652,4.29,8.93,122.98,8,"{'pentagon': 4, 'other': 4}"
1207,contour,0.461,4.869,3.282,8.911,122.85,6,"{'pentagon': 1, 'other': 3, 'rectangle': 2}"
1208,contour,0.466,4.685,4.243,9.722,121.76,7,"{'pentagon': 2, 'other': 3, 'rectangle': 2}"
1209,contour,0.518,3.348,4.086,8.861,121.18,9,"{'pentagon': 3, 'other': 6}"
1210,contour,0.448,3.27,4.115,8.231,120.97,8,"{'pentagon': 3, 'other': 4, 'rectangle': 1}"
1211,contour,0.3,2.838,2.688,6.123,120.44,6,"{'pentagon': 2, 'other': 4}"
1212,contour,0.32,1.958,1.594,4.059,120.4,8,"{'pentagon': 2, 'other': 5, 'rectangle': 1}"
1213,contour,0.435,3.048,4.826,8.702,120.14,8,"{'pentagon': 2, 'other': 6}"
1214,contour,0.318,4.748,1.964,7.614,118.96,8,"{'pentagon': 3, 'rectangle': 1, 'other': 4}"
1215,contour,0.337,3.498,3.42,7.569,119.48,6,"{'pentagon': 2, 'other': 4}"
1216,contour,0.24,1.351,1.436,3.185,123.22,8,"{'pentagon': 4, 'rectangle': 2, 'other': 2}"
1217,contour,0.374,4.008,3.88,8.626,124.98,6,"{'pentagon': 1, 'rectangle': 2, 'other': 3}"
1218,contour,0.287,2.985,3.124,6.735,126.24,6,"{'pentagon': 1, 'other': 5}"
1219,contour,0.254,1.472,1.423,3.311,130.49,7,"{'pentagon': 3, 'other': 4}"
1220,contour,0.316,1.578,2.029,4.153,132.76,8,"{'pentagon': 3, 'other': 3, 'rectangle': 2}"
1221,contour,0.273,4.355,3.293,8.196,134.88,6,"{'pentagon': 1, 'other': 4, 'rectangle': 1}"
1222,contour,0.321,2.774,2.722,6.279,139.26,6,"{'pentagon': 1, 'rectangle': 1, 'other': 4}"
1223,contour,0.437,3.392,5.852,10.215,135.56,8,"{'pentagon': 2, 'other': 5, 'rectangle': 1}"
1224,contour,0.316,3.773,3.42,7.812,135.79,7,"{'pentagon': 1, 'other': 5, 'rectangle': 1}"
1225,contour,0.316,3.305,3.191,7.129,134.41,7,"{'pentagon': 1, 'other': 4, 'rectangle': 2}"
1226,contour,0.32,3.645,2.962,7.271,132.98,7,"{'pentagon': 2, 'rectangle': 1, 'other': 4}"
1227,contour,0.313,2.969,2.912,6.438,133.74,6,"{'pentagon': 1, 'rectangle': 1, 'other': 4}"
1228,contour,0.367,3.34,2.948,7.771,133.55,6,"{'pentagon': 2, 'rectangle': 1, 'other': 3}"
1229,contour,0.352,3.869,2.033,6.461,133.54,7,"{'pentagon': 2, 'rectangle': 1, 'other': 4}"
1230,contour,0.328,3.176,2.959,6.788,133.42,8,"{'pentagon': 3, 'rectangle': 1, 'other': 4}"
1231,contour,0.333,3.105,2.758,6.474,133.45,6,"{'pentagon': 1, 'rectangle': 1, 'other': 4}"
1232,contour,0.358,3.243,5.18,9.13,132.44,7,"{'pentagon': 3, 'rectangle': 1, 'other': 3}"
1233,contour,0.451,5.894,4.565,11.329,133.26,6,"{'pentagon': 2, 'other': 3, 'rectangle': 1}"
1234,contour,0.287,3.159,2.907,6.61,134.09,7,"{'pentagon': 2, 'rectangle': 1, 'other': 4}"
1235,contour,0.263,2.979,2.871,6.394,136.97,7,"{'pentagon': 2, 'other': 4, 'rectangle': 1}"
1236,contour,0.243,1.31,1.627,3.444,140.49,7,"{'pentagon': 2, 'other': 4, 'rectangle': 1}"
1237,contour,0.28,2.97,2.716,6.318,142.21,6,"{'pentagon': 1, 'rectangle': 1, 'other': 4}"
1238,contour,0.471,5.809,4.541,11.169,141.24,6,"{'pentagon': 1, 'other': 3, 'rectangle': 2}"
1239,contour,0.607,3.299,2.929,7.148,142.39,6,"{'pentagon': 1, 'rectangle': 2, 'other': 3}"
1240,contour,0.487,4.483,2.836,8.092,142.49,6,"{'pentagon': 1, 'rectangle': 1, 'other': 4}"
1241,contour,0.343,3.271,3.036,6.951,141.93,8,"{'pentagon': 2, 'other': 5, 'rectangle': 1}"
1242,contour,0.484,5.387,5.208,11.525,137.09,7,"{'pentagon': 1, 'other': 6}"
1243,contour,0.277,1.484,1.664,3.63,140.34,7,"{'pentagon': 1, 'other': 5, 'rectangle': 1}"
1244,contour,0.61,3.213,2.902,7.245,140.58,7,"{'pentagon': 2, 'other': 5}"
1245,contour,0.266,3.021,2.774,6.738,141.13,6,"{'pentagon': 1, 'other': 5}"
1246,contour,0.372,3.513,3.285,7.506,138.32,7,"{'pentagon': 1, 'other': 6}"
1247,contour,0.352,3.973,4.74,9.988,137.46,8,"{'pentagon': 3, 'other': 5}"
1248,contour,0.522,4.09,5.512,10.592,135.07,9,"{'pentagon': 4, 'other': 5}"
1249,contour,0.388,3.621,4.597,9.756,131.26,8,"{'pentagon': 2, 'other': 6}"
1250,contour,0.421,3.547,3.379,7.673,129.27,7,"{'pentagon': 2, 'other': 5}"
1251,contour,0.647,7.929,7.351,16.521,124.79,7,"{'pentagon': 1, 'other': 6}"
1252,contour,0.694,2.103,2.241,5.376,125.26,6,"{'pentagon': 3, 'other': 3}"
1253,contour,0.213,1.622,1.762,3.849,128.68,8,"{'pentagon': 4, 'other': 4}"
1254,contour,0.311,1.755,2.948,5.29,130.09,7,"{'pentagon': 1, 'other': 5, 'rectangle': 1}"
1255,contour,0.428,3.43,3.27,7.42,129.93,8,"{'pentagon': 3, 'other': 5}"
1256,contour,0.292,2.983,2.848,6.403,130.42,7,"{'pentagon': 1, 'other': 5, 'rectangle': 1}"
1257,contour,0.413,4.333,3.98,9.225,128.86,7,"{'pentagon': 2, 'other': 5}"
1258,contour,0.614,4.336,4.032,9.416,127.95,8,"{'pentagon': 3, 'other': 4, 'rectangle': 1}"
1259,contour,0.546,4.267,3.411,8.638,126.78,7,"{'pentagon': 1, 'other': 6}"
1260,contour,0.357,3.068,4.526,8.357,125.94,8,"{'pentagon': 4, 'rectangle': 1, 'other': 3}"
1261,contour,0.335,2.891,4.145,7.814,125.24,7,"{'pentagon': 2, 'other': 5}"
1262,contour,0.35,2.009,2.001,4.647,127.63,6,"{'pentagon': 1, 'rectangle': 1, 'other': 4}"
1263,contour,0.388,3.019,3.891,7.726,129.61,7,"{'pentagon': 2, 'rectangle': 1, 'other': 4}"
1264,contour,0.388,2.893,2.659,6.568,129.64,6,"{'pentagon': 3, 'rectangle': 1, 'other': 2}"
1265,contour,0.636,4.807,3.813,9.653,127.84,7,"{'pentagon': 2, 'rectangle': 1, 'other': 4}"
1266,contour,0.359,3.27,3.61,7.574,125.63,7,"{'pentagon': 2, 'rectangle': 2, 'other': 3}"
1267,contour,0.486,1.847,4.462,7.124,125.2,8,"{'pentagon': 3, 'rectangle': 1, 'other': 4}"
1268,contour,0.272,6.237,3.091,9.999,125.82,7,"{'pentagon': 2, 'other': 4, 'rectangle': 1}"
1269,contour,0.495,3.342,3.554,7.831,125.46,7,"{'pentagon': 1, 'other': 2, 'rectangle': 3, 'triangle': 1}"
1270,contour,0.513,3.751,3.775,8.548,125.22,8,"{'rectangle': 2, 'other': 4, 'pentagon': 1, 'triangle': 1}"
1271,contour,0.366,2.719,2.937,6.33,125.54,7,"{'rectangle': 3, 'pentagon': 1, 'other': 2, 'triangle': 1}"
1272,contour,0.384,6.605,3.242,10.571,126.05,7,"{'rectangle': 2, 'pentagon': 1, 'other': 3, 'triangle': 1}"
1273,contour,0.344,2.635,2.847,6.169,124.72,7,"{'rectangle': 3, 'pentagon': 1, 'other': 2, 'triangle': 1}"
1274,contour,0.382,3.054,2.724,6.414,125.15,6,"{'other': 2, 'rectangle': 2, 'triangle': 1, 'pentagon': 1}"
1275,contour,0.372,3.072,2.737,6.521,125.26,7,"{'rectangle': 1, 'pentagon': 2, 'other': 3, 'triangle': 1}"
1276,contour,0.349,3.327,3.163,7.169,125.44,7,"{'other': 4, 'pentagon': 1, 'triangle': 2}"
1277,contour,0.307,3.466,3.427,7.71,126.65,8,"{'rectangle': 2, 'pentagon': 2, 'other': 4}"
1278,contour,0.282,1.434,1.53,3.526,130.54,7,"{'pentagon': 1, 'rectangle': 1, 'other': 4, 'triangle': 1}"
1279,contour,0.347,3.148,3.398,7.176,132.02,6,"{'rectangle': 2, 'other': 2, 'triangle': 1, 'pentagon': 1}"
1280,contour,0.311,3.096,2.873,6.563,132.67,7,"{'pentagon': 1, 'other': 6}"
1281,contour,0.254,1.412,2.339,4.241,140.29,6,"{'rectangle': 1, 'other': 4, 'triangle': 1}"
1282,contour,0.381,3.221,2.971,6.877,139.31,6,"{'rectangle': 1, 'triangle': 2, 'other': 3}"
1283,contour,0.345,3.352,3.044,7.038,137.28,6,"{'rectangle': 2, 'other': 2, 'triangle': 2}"
1284,contour,0.272,3.239,3.131,6.927,136.26,7,"{'pentagon': 1, 'other': 4, 'triangle': 1, 'rectangle': 1}"
1285,contour,0.257,3.36,3.002,6.9,136.58,8,"{'other': 7, 'rectangle': 1}"
1286,contour,0.339,3.272,2.994,6.933,136.25,7,"{'other': 4, 'rectangle': 2, 'triangle': 1}"
1287,contour,0.278,3.381,2.942,6.904,137.7,8,"{'other': 4, 'pentagon': 1, 'rectangle': 2, 'triangle': 1}"
1288,contour,0.469,3.568,3.231,7.961,138.63,7,"{'pentagon': 1, 'rectangle': 1, 'triangle': 1, 'other': 4}"
1289,contour,0.593,4.154,3.246,8.307,138.84,7,"{'other': 4, 'rectangle': 2, 'triangle': 1}"
1290,contour,0.306,3.48,3.314,7.455,139.42,8,"{'other': 5, 'pentagon': 1, 'rectangle': 1, 'triangle': 1}"
1291,contour,0.351,3.045,2.804,6.473,140.3,7,"{'other': 5, 'rectangle': 1, 'triangle': 1}"
1292,contour,0.275,2.991,3.035,6.696,138.96,8,"{'rectangle': 2, 'other': 5, 'triangle': 1}"
1293,contour,0.337,3.085,2.802,6.858,139.52,8,"{'other': 4, 'pentagon': 1, 'triangle': 2, 'rectangle': 1}"
1294,contour,0.32,1.446,1.538,3.461,141.57,8,"{'other': 5, 'rectangle': 2, 'triangle': 1}"
1295,contour,0.305,2.708,2.502,5.753,144.22,7,"{'pentagon': 1, 'other': 3, 'triangle': 1, 'rectangle': 2}"
1296,contour,0.295,1.633,1.52,3.625,147.01,7,"{'rectangle': 2, 'triangle': 3, 'other': 1, 'pentagon': 1}"
1297,contour,0.245,1.349,1.487,3.482,149.69,7,"{'rectangle': 2, 'other': 5}"
1298,contour,0.387,3.979,3.347,7.984,151.21,8,"{'rectangle': 3, 'pentagon': 1, 'other': 3, 'triangle': 1}"
1299,contour,0.274,1.622,2.448,4.969,153.42,7,"{'rectangle': 3, 'other': 4}"
1300,contour,0.46,2.901,2.696,6.367,155.15,7,"{'rectangle': 2, 'other': 3, 'triangle': 2}"
1301,contour,0.319,1.547,3.433,5.573,155.76,8,"{'rectangle': 3, 'pentagon': 1, 'triangle': 1, 'other': 3}"
1302,contour,0.339,3.864,3.333,7.905,157.95,8,"{'rectangle': 3, 'pentagon': 1, 'other': 3, 'triangle': 1}"
1303,contour,0.25,1.799,2.547,5.379,158.61,7,"{'rectangle': 2, 'pentagon': 1, 'other': 3, 'triangle': 1}"
1304,contour,0.385,3.159,2.829,6.652,158.41,8,"{'other': 5, 'pentagon': 2, 'rectangle': 1}"
1305,contour,0.235,1.465,1.458,3.334,161.12,7,"{'pentagon': 1, 'rectangle': 2, 'other': 3, 'triangle': 1}"
1306,contour,0.306,2.012,2.988,5.545,162.54,7,"{'pentagon': 2, 'rectangle': 2, 'other': 2, 'triangle': 1}"
1307,contour,0.282,3.884,3.234,7.672,162.57,8,"{'other': 3, 'pentagon': 3, 'triangle': 1, 'rectangle': 1}"
1308,contour,0.371,3.134,2.946,6.859,159.68,7,"{'pentagon': 2, 'other': 4, 'rectangle': 1}"
1309,contour,0.381,3.362,4.229,8.357,158.69,7,"{'other': 4, 'rectangle': 2, 'triangle': 1}"
1310,contour,0.248,3.007,2.684,6.217,158.98,6,"{'rectangle': 2, 'other': 4}"
1311,contour,0.393,3.418,2.757,6.88,156.79,7,"{'rectangle': 3, 'pentagon': 1, 'other': 3}"
1312,contour,0.366,3.669,2.859,7.359,156.39,7,"{'other': 1, 'rectangle': 4, 'triangle': 2}"
1313,contour,0.299,2.626,2.738,5.953,157.28,8,"{'pentagon': 3, 'triangle': 1, 'rectangle': 2, 'other': 2}"
