frame,mode,preprocess_ms,threshold_or_post_ms,detect_ms,total_ms,fps,objects,counts
1,yolo,4.238,9.516,232.764,4227.339,0.24,8,"{'car': 7, 'person': 1}"
2,yolo,3.25,0.85,120.368,128.581,0.46,9,"{'car': 7, 'traffic light': 1, 'person': 1}"
3,yolo,1.98,1.843,58.315,65.699,0.68,9,"{'car': 8, 'person': 1}"
4,yolo,2.499,1.969,60.182,70.51,0.89,8,"{'car': 7, 'traffic light': 1}"
5,yolo,2.926,1.585,45.089,54.688,1.1,10,"{'car': 8, 'person': 2}"
6,yolo,2.243,1.292,41.263,48.555,1.31,10,"{'car': 8, 'person': 2}"
7,yolo,1.312,1.835,38.28,45.172,1.51,9,"{'car': 8, 'person': 1}"
8,yolo,1.384,2.026,42.489,51.237,1.71,9,"{'car': 8, 'traffic light': 1}"
9,yolo,1.756,1.358,35.558,42.069,1.9,8,"{'car': 7, 'traffic light': 1}"
10,yolo,1.312,1.272,33.811,39.924,2.09,7,"{'car': 6, 'traffic light': 1}"
11,yolo,1.442,1.872,51.401,58.617,2.28,7,"{'car': 6, 'traffic light': 1}"
12,yolo,1.831,1.189,36.486,43.613,2.46,7,"{'car': 6, 'person': 1}"
13,yolo,1.89,1.309,38.049,44.95,2.64,8,"{'car': 6, 'person': 1, 'traffic light': 1}"
14,yolo,1.377,1.323,36.164,42.558,2.82,8,"{'car': 6, 'person': 1, 'traffic light': 1}"
15,yolo,1.433,2.163,41.372,49.417,2.99,8,"{'car': 7, 'person': 1}"
16,yolo,1.785,1.553,44.279,52.427,3.16,9,"{'car': 7, 'person': 1, 'traffic light': 1}"
17,yolo,2.58,1.291,57.125,64.794,3.31,9,"{'car': 7, 'traffic light': 1, 'person': 1}"
18,yolo,1.419,1.936,37.255,44.543,3.48,8,"{'car': 7, 'person': 1}"
19,yolo,1.762,2.133,35.576,43.481,3.64,9,"{'car': 7, 'person': 1, 'traffic light': 1}"
20,yolo,1.375,1.297,35.828,42.869,3.8,9,"{'car': 7, 'traffic light': 1, 'person': 1}"
21,yolo,1.791,1.806,38.664,45.91,3.96,9,"{'car': 7, 'person': 2}"
22,yolo,1.313,2.471,36.28,44.132,4.11,9,"{'car': 7, 'traffic light': 1, 'person': 1}"
23,yolo,1.424,1.709,36.255,42.703,4.26,8,"{'car': 6, 'traffic light': 1, 'person': 1}"
24,yolo,1.296,1.817,35.275,42.375,4.41,6,{'car': 6}
25,yolo,1.733,1.968,38.078,46.013,4.56,7,{'car': 7}
26,yolo,1.747,1.463,32.392,38.727,4.71,6,{'car': 6}
27,yolo,1.238,1.72,36.718,42.945,4.85,6,{'car': 6}
28,yolo,1.463,1.329,33.843,40.526,5.0,5,{'car': 5}
29,yolo,2.934,1.68,57.64,66.078,5.11,7,{'car': 7}
30,yolo,1.992,1.337,39.396,45.952,5.25,7,"{'car': 6, 'traffic light': 1}"
31,yolo,1.329,1.764,36.406,43.032,19.58,9,"{'car': 8, 'traffic light': 1}"
32,yolo,1.25,1.718,33.576,41.094,20.77,7,"{'car': 6, 'person': 1}"
33,yolo,1.715,1.826,33.441,40.447,21.14,5,{'car': 5}
34,yolo,2.321,2.934,45.47,56.933,21.34,7,"{'car': 5, 'person': 1, 'traffic light': 1}"
35,yolo,1.48,2.407,59.115,66.402,21.16,5,{'car': 5}
36,yolo,1.829,1.253,39.518,46.543,21.19,6,"{'car': 5, 'person': 1}"
37,yolo,1.885,2.257,37.261,44.525,21.2,5,{'car': 5}
38,yolo,1.342,1.266,37.313,43.311,21.32,7,"{'car': 6, 'person': 1}"
39,yolo,1.296,1.331,33.767,39.703,21.36,7,"{'car': 6, 'person': 1}"
40,yolo,1.384,1.19,33.887,40.552,21.35,8,"{'car': 6, 'person': 2}"
41,yolo,1.832,1.869,38.417,46.158,21.54,7,"{'car': 6, 'person': 1}"
42,yolo,1.568,1.555,32.845,39.49,21.6,8,"{'car': 6, 'person': 2}"
43,yolo,1.417,1.275,34.889,41.014,21.67,8,"{'car': 5, 'person': 3}"
44,yolo,1.449,1.362,34.596,41.573,21.68,7,"{'car': 5, 'person': 2}"
45,yolo,1.79,2.087,38.854,46.139,21.73,6,"{'car': 4, 'person': 2}"
46,yolo,1.358,1.457,36.056,42.22,21.89,6,"{'car': 4, 'person': 2}"
47,yolo,1.632,1.158,35.666,41.454,22.27,6,"{'car': 4, 'person': 2}"
48,yolo,1.392,1.28,36.621,43.517,22.29,6,"{'car': 4, 'person': 2}"
49,yolo,1.856,1.853,37.009,44.423,22.28,8,"{'car': 4, 'person': 2, 'traffic light': 2}"
50,yolo,1.283,1.505,35.013,41.209,22.3,8,"{'car': 4, 'person': 2, 'traffic light': 1, 'train': 1}"
51,yolo,1.698,1.675,34.407,41.364,22.38,7,"{'car': 4, 'person': 2, 'traffic light': 1}"
52,yolo,1.768,2.498,36.398,45.923,22.35,8,"{'car': 4, 'person': 3, 'traffic light': 1}"
53,yolo,1.766,2.034,38.371,46.003,22.29,9,"{'car': 5, 'person': 3, 'traffic light': 1}"
54,yolo,1.299,1.832,36.255,43.058,22.28,10,"{'car': 6, 'person': 3, 'traffic light': 1}"
55,yolo,1.417,1.585,36.296,42.836,22.34,11,"{'car': 6, 'person': 4, 'traffic light': 1}"
56,yolo,1.506,2.292,40.91,51.284,22.13,12,"{'car': 7, 'person': 4, 'traffic light': 1}"
57,yolo,2.216,1.999,53.465,62.005,21.82,12,"{'car': 7, 'person': 4, 'traffic light': 1}"
58,yolo,1.628,1.748,40.897,47.795,21.71,13,"{'car': 8, 'person': 4, 'traffic light': 1}"
59,yolo,1.432,2.577,36.013,44.756,22.05,15,"{'car': 8, 'person': 5, 'traffic light': 1, 'bicycle': 1}"
60,yolo,1.378,1.701,38.905,47.805,22.02,12,"{'car': 7, 'person': 3, 'traffic light': 2}"
61,yolo,1.786,3.096,39.359,50.284,21.9,13,"{'car': 7, 'person': 5, 'traffic light': 1}"
62,yolo,4.122,1.404,50.081,59.618,21.61,14,"{'car': 6, 'person': 6, 'traffic light': 2}"
63,yolo,1.584,1.439,48.101,55.126,21.38,11,"{'car': 5, 'person': 5, 'traffic light': 1}"
64,yolo,2.188,1.207,38.696,46.544,21.54,14,"{'car': 7, 'person': 6, 'traffic light': 1}"
65,yolo,1.924,1.184,36.581,43.424,21.9,14,"{'car': 7, 'person': 6, 'traffic light': 1}"
66,yolo,1.354,1.881,38.36,45.467,21.92,13,"{'car': 6, 'person': 6, 'traffic light': 1}"
67,yolo,1.38,1.932,42.928,50.473,21.83,14,"{'car': 7, 'person': 6, 'traffic light': 1}"
68,yolo,1.915,2.007,40.299,48.874,21.74,15,"{'car': 8, 'person': 6, 'traffic light': 1}"
69,yolo,2.61,1.815,34.857,43.466,21.68,13,"{'car': 7, 'person': 5, 'traffic light': 1}"
70,yolo,1.473,1.865,36.297,43.518,21.63,14,"{'car': 7, 'person': 6, 'traffic light': 1}"
71,yolo,1.337,1.847,39.13,47.173,21.62,13,"{'car': 6, 'person': 6, 'traffic light': 1}"
72,yolo,1.851,2.317,44.306,52.671,21.41,13,"{'person': 6, 'car': 6, 'traffic light': 1}"
73,yolo,1.81,2.16,37.53,46.399,21.33,13,"{'person': 6, 'car': 6, 'traffic light': 1}"
74,yolo,1.672,1.872,37.682,46.277,21.26,12,"{'car': 6, 'person': 5, 'traffic light': 1}"
75,yolo,1.35,1.345,34.084,41.974,21.32,13,"{'car': 6, 'person': 6, 'traffic light': 1}"
76,yolo,1.894,1.213,38.647,45.332,21.28,14,"{'car': 7, 'person': 6, 'traffic light': 1}"
77,yolo,1.387,1.192,34.723,40.883,21.28,12,"{'car': 6, 'person': 5, 'traffic light': 1}"
78,yolo,1.566,1.838,33.816,40.848,21.32,13,"{'car': 7, 'person': 5, 'traffic light': 1}"
79,yolo,1.301,1.3,32.78,40.079,21.39,12,"{'car': 6, 'person': 5, 'traffic light': 1}"
80,yolo,1.667,1.469,47.443,54.488,21.19,12,"{'car': 6, 'person': 5, 'traffic light': 1}"
81,yolo,1.31,1.83,38.32,45.506,21.13,13,"{'car': 7, 'person': 5, 'traffic light': 1}"
82,yolo,1.388,2.201,40.043,47.499,21.1,13,"{'car': 7, 'person': 5, 'traffic light': 1}"
83,yolo,1.336,1.872,52.976,61.579,20.88,15,"{'car': 7, 'person': 6, 'traffic light': 2}"
84,yolo,1.908,1.262,47.908,55.053,20.7,13,"{'car': 6, 'person': 6, 'traffic light': 1}"
85,yolo,1.393,1.183,37.835,43.95,20.69,13,"{'car': 6, 'person': 6, 'traffic light': 1}"
86,yolo,1.447,1.23,33.842,40.176,20.85,14,"{'car': 6, 'person': 6, 'traffic light': 2}"
87,yolo,1.411,1.303,36.105,43.721,21.12,14,"{'car': 6, 'person': 6, 'traffic light': 2}"
88,yolo,1.931,2.312,46.981,57.559,20.97,15,"{'car': 6, 'person': 7, 'traffic light': 2}"
89,yolo,2.288,2.546,46.077,55.342,20.82,15,"{'car': 6, 'person': 6, 'traffic light': 3}"
90,yolo,1.507,1.993,42.856,52.673,20.75,16,"{'car': 6, 'person': 7, 'traffic light': 3}"
91,yolo,1.543,2.734,41.275,52.412,20.72,16,"{'car': 6, 'person': 6, 'traffic light': 4}"
92,yolo,2.108,2.071,36.466,46.099,20.91,15,"{'car': 6, 'person': 6, 'traffic light': 3}"
93,yolo,1.352,1.694,35.728,43.487,21.08,16,"{'car': 6, 'person': 7, 'traffic light': 3}"
94,yolo,1.804,2.486,37.341,46.629,21.08,15,"{'person': 7, 'car': 6, 'traffic light': 2}"
95,yolo,1.367,1.447,34.464,42.481,21.1,13,"{'car': 6, 'person': 5, 'traffic light': 2}"
96,yolo,1.819,1.607,34.442,43.028,21.13,15,"{'car': 6, 'person': 6, 'traffic light': 3}"
97,yolo,1.314,1.922,39.259,46.235,21.2,15,"{'car': 6, 'person': 6, 'traffic light': 3}"
98,yolo,1.4,1.241,37.171,43.314,21.28,14,"{'car': 6, 'person': 6, 'traffic light': 2}"
99,yolo,1.747,1.674,35.813,45.086,21.25,14,"{'car': 7, 'traffic light': 2, 'person': 5}"
100,yolo,1.847,1.237,51.22,58.304,21.03,13,"{'car': 5, 'person': 5, 'traffic light': 3}"
101,yolo,1.466,1.547,37.964,44.621,21.07,13,"{'car': 5, 'person': 5, 'traffic light': 3}"
102,yolo,1.351,1.417,33.042,39.392,21.27,15,"{'car': 6, 'person': 5, 'traffic light': 4}"
103,yolo,1.304,0.984,33.087,39.028,21.38,13,"{'car': 5, 'person': 5, 'traffic light': 3}"
104,yolo,1.454,1.509,36.187,43.849,21.42,13,"{'car': 6, 'person': 5, 'traffic light': 2}"
105,yolo,1.631,1.928,46.993,56.05,21.21,14,"{'car': 7, 'person': 5, 'traffic light': 2}"
106,yolo,1.887,1.367,49.915,57.713,21.02,14,"{'car': 6, 'person': 5, 'traffic light': 3}"
107,yolo,1.776,1.634,48.886,56.895,20.79,15,"{'car': 6, 'person': 5, 'traffic light': 4}"
108,yolo,1.699,1.643,39.417,48.814,20.67,17,"{'person': 6, 'car': 7, 'traffic light': 4}"
109,yolo,2.024,1.848,38.301,46.082,20.59,16,"{'person': 5, 'car': 7, 'traffic light': 4}"
110,yolo,1.597,1.599,37.053,45.79,20.71,15,"{'traffic light': 3, 'car': 7, 'person': 5}"
111,yolo,1.336,1.144,36.071,42.367,20.76,18,"{'car': 9, 'traffic light': 4, 'person': 5}"
112,yolo,1.433,1.532,37.506,45.383,20.79,16,"{'car': 8, 'traffic light': 3, 'person': 5}"
113,yolo,1.787,1.991,40.802,48.361,20.98,16,"{'traffic light': 4, 'car': 7, 'person': 5}"
114,yolo,2.379,1.031,39.016,46.486,21.11,16,"{'car': 9, 'person': 5, 'traffic light': 2}"
115,yolo,1.348,1.1,36.879,43.188,21.12,17,"{'car': 9, 'person': 5, 'traffic light': 3}"
116,yolo,1.343,1.311,38.793,46.624,21.02,16,"{'car': 8, 'person': 5, 'traffic light': 3}"
117,yolo,1.756,1.73,38.93,46.451,20.98,16,"{'car': 8, 'traffic light': 3, 'person': 5}"
118,yolo,1.957,1.75,43.654,52.01,21.06,16,"{'car': 8, 'traffic light': 3, 'person': 5}"
119,yolo,1.751,2.464,42.474,51.445,21.12,18,"{'person': 6, 'car': 9, 'traffic light': 3}"
120,yolo,1.355,1.133,40.328,48.83,21.18,17,"{'person': 5, 'car': 9, 'traffic light': 3}"
121,yolo,1.757,1.191,35.422,42.142,21.33,16,"{'person': 5, 'car': 9, 'traffic light': 2}"
122,yolo,1.37,1.575,36.212,43.706,21.37,16,"{'person': 5, 'car': 9, 'traffic light': 2}"
123,yolo,1.367,1.791,40.374,47.297,21.31,16,"{'person': 5, 'car': 9, 'traffic light': 2}"
124,yolo,1.47,1.007,33.758,41.277,21.39,17,"{'car': 9, 'person': 5, 'traffic light': 3}"
125,yolo,1.705,1.072,37.99,44.396,21.37,17,"{'car': 9, 'person': 5, 'traffic light': 3}"
126,yolo,1.428,1.013,34.677,41.149,21.39,18,"{'car': 10, 'person': 5, 'traffic light': 3}"
127,yolo,1.532,1.298,40.78,47.674,21.37,17,"{'car': 9, 'person': 5, 'traffic light': 3}"
128,yolo,1.611,1.639,36.579,45.748,21.33,17,"{'person': 5, 'car': 9, 'traffic light': 3}"
129,yolo,1.819,1.47,39.916,49.214,21.27,16,"{'person': 5, 'car': 9, 'traffic light': 2}"
130,yolo,1.97,1.611,50.31,59.225,21.26,16,"{'person': 5, 'car': 9, 'traffic light': 2}"
131,yolo,2.056,1.87,35.813,44.351,21.26,17,"{'car': 10, 'person': 4, 'traffic light': 3}"
132,yolo,1.474,1.635,38.036,48.718,21.12,16,"{'car': 9, 'person': 4, 'traffic light': 3}"
133,yolo,1.663,1.18,36.43,43.209,21.06,15,"{'car': 9, 'person': 4, 'traffic light': 2}"
134,yolo,1.387,1.676,39.749,47.098,21.01,14,"{'car': 8, 'person': 4, 'traffic light': 2}"
135,yolo,2.094,1.814,64.491,73.822,20.75,15,"{'car': 9, 'person': 4, 'traffic light': 2}"
136,yolo,2.473,1.662,47.68,56.781,20.77,16,"{'car': 10, 'person': 4, 'traffic light': 2}"
137,yolo,2.994,1.596,42.36,51.95,20.84,16,"{'car': 10, 'person': 4, 'traffic light': 2}"
138,yolo,1.552,1.264,35.219,42.701,20.93,14,"{'car': 9, 'person': 3, 'traffic light': 2}"
139,yolo,1.353,1.75,36.3,43.259,20.97,13,"{'car': 9, 'person': 2, 'traffic light': 2}"
140,yolo,1.471,1.717,39.172,47.439,20.95,12,"{'person': 2, 'car': 8, 'traffic light': 2}"
141,yolo,1.854,1.279,39.728,46.687,20.88,13,"{'car': 9, 'person': 2, 'traffic light': 2}"
142,yolo,1.436,1.648,39.668,46.453,20.87,13,"{'car': 9, 'person': 2, 'traffic light': 2}"
143,yolo,1.513,1.211,40.935,47.144,20.88,13,"{'car': 9, 'person': 2, 'traffic light': 2}"
144,yolo,1.444,1.159,34.974,42.791,20.94,13,"{'car': 8, 'person': 3, 'traffic light': 2}"
145,yolo,1.751,1.764,40.818,47.683,20.87,11,"{'car': 8, 'traffic light': 2, 'person': 1}"
146,yolo,1.345,1.284,40.641,47.476,20.86,13,"{'car': 9, 'traffic light': 2, 'person': 2}"
147,yolo,2.343,1.737,49.573,58.569,20.69,13,"{'car': 9, 'traffic light': 2, 'person': 2}"
148,yolo,1.819,1.717,38.202,46.991,20.76,13,"{'car': 9, 'traffic light': 2, 'person': 2}"
149,yolo,1.98,1.935,37.564,45.347,20.85,13,"{'car': 10, 'traffic light': 2, 'person': 1}"
150,yolo,1.427,0.959,39.717,45.633,20.89,14,"{'car': 10, 'person': 2, 'traffic light': 2}"
151,yolo,1.423,2.129,40.27,47.895,20.81,13,"{'car': 9, 'person': 2, 'traffic light': 2}"
152,yolo,2.492,1.738,52.306,61.867,20.55,14,"{'car': 10, 'person': 2, 'traffic light': 2}"
153,yolo,2.236,2.141,42.877,52.757,20.47,14,"{'car': 10, 'person': 2, 'traffic light': 2}"
154,yolo,1.817,1.012,39.166,45.903,20.41,13,"{'car': 9, 'traffic light': 2, 'person': 2}"
155,yolo,1.55,1.942,36.382,44.673,20.41,14,"{'car': 10, 'person': 2, 'traffic light': 2}"
156,yolo,1.47,1.747,38.627,47.64,20.32,14,"{'car': 10, 'person': 2, 'traffic light': 2}"
157,yolo,1.709,1.308,37.989,44.17,20.36,12,"{'car': 8, 'person': 2, 'traffic light': 2}"
158,yolo,1.43,1.989,39.583,46.616,20.35,12,"{'car': 8, 'person': 2, 'traffic light': 2}"
159,yolo,2.188,2.069,38.253,46.435,20.39,12,"{'car': 8, 'person': 2, 'traffic light': 2}"
160,yolo,1.33,1.137,33.315,41.2,20.64,12,"{'car': 8, 'person': 2, 'traffic light': 2}"
161,yolo,1.564,1.794,35.163,41.662,20.68,14,"{'car': 10, 'person': 2, 'traffic light': 2}"
162,yolo,1.267,1.47,35.37,43.401,20.76,13,"{'car': 9, 'person': 2, 'traffic light': 2}"
163,yolo,1.982,3.528,36.444,45.902,20.72,13,"{'car': 8, 'person': 3, 'traffic light': 2}"
164,yolo,1.493,1.077,37.021,44.448,20.76,13,"{'car': 8, 'traffic light': 2, 'person': 3}"
165,yolo,1.598,1.939,40.21,47.059,21.15,12,"{'car': 8, 'traffic light': 2, 'person': 2}"
166,yolo,1.429,1.086,35.427,41.808,21.37,12,"{'car': 8, 'traffic light': 2, 'person': 2}"
167,yolo,1.401,2.024,39.224,46.275,21.46,13,"{'car': 9, 'traffic light': 2, 'person': 2}"
168,yolo,1.434,1.575,37.117,44.891,21.43,12,"{'car': 8, 'traffic light': 2, 'person': 2}"
169,yolo,1.752,1.582,41.094,48.0,21.36,11,"{'car': 8, 'person': 1, 'traffic light': 2}"
170,yolo,2.071,2.028,48.529,56.248,21.22,11,"{'car': 8, 'person': 1, 'traffic light': 2}"
171,yolo,1.9,1.941,50.841,58.549,21.05,11,"{'car': 8, 'traffic light': 2, 'person': 1}"
172,yolo,1.517,1.669,39.895,47.825,21.03,11,"{'car': 8, 'traffic light': 2, 'person': 1}"
173,yolo,1.812,2.316,40.153,48.312,21.01,13,"{'car': 10, 'person': 1, 'traffic light': 2}"
174,yolo,1.78,1.695,40.439,48.608,20.92,12,"{'car': 9, 'person': 1, 'traffic light': 2}"
175,yolo,1.387,2.33,54.407,63.819,20.69,12,"{'car': 9, 'person': 1, 'traffic light': 2}"
176,yolo,2.001,1.24,40.202,47.917,20.68,12,"{'car': 9, 'traffic light': 2, 'person': 1}"
177,yolo,2.852,1.195,39.509,47.059,20.85,12,"{'car': 9, 'traffic light': 2, 'person': 1}"
178,yolo,1.403,1.282,36.516,42.901,20.91,12,"{'car': 9, 'traffic light': 2, 'person': 1}"
179,yolo,2.213,1.979,41.718,49.839,20.84,12,"{'car': 9, 'traffic light': 2, 'person': 1}"
180,yolo,1.515,1.305,37.397,45.231,20.85,12,"{'car': 9, 'person': 1, 'traffic light': 2}"
181,yolo,1.883,1.874,36.984,44.933,20.89,12,"{'car': 9, 'traffic light': 2, 'person': 1}"
182,yolo,1.276,1.284,34.823,41.307,21.2,11,"{'car': 8, 'traffic light': 2, 'person': 1}"
183,yolo,1.515,1.749,38.096,44.974,21.31,11,"{'car': 8, 'person': 1, 'traffic light': 2}"
184,yolo,1.328,1.166,33.043,39.776,21.41,12,"{'car': 9, 'person': 1, 'traffic light': 2}"
185,yolo,1.703,1.855,38.993,46.966,21.37,12,"{'car': 9, 'person': 1, 'traffic light': 2}"
186,yolo,1.256,1.453,37.956,44.44,21.42,12,"{'car': 9, 'person': 1, 'traffic light': 2}"
187,yolo,2.172,1.433,43.482,52.181,21.3,12,"{'car': 9, 'person': 1, 'traffic light': 2}"
188,yolo,1.436,1.995,42.669,51.629,21.22,13,"{'car': 10, 'person': 1, 'traffic light': 2}"
189,yolo,2.96,1.943,40.332,49.113,21.18,12,"{'car': 9, 'person': 1, 'traffic light': 2}"
190,yolo,2.176,1.334,39.319,46.56,21.1,12,"{'car': 9, 'person': 1, 'traffic light': 2}"
191,yolo,1.412,1.913,37.442,44.807,21.06,11,"{'car': 8, 'person': 1, 'traffic light': 2}"
192,yolo,1.362,1.291,36.355,43.978,21.05,12,"{'car': 9, 'person': 1, 'traffic light': 2}"
193,yolo,2.076,1.965,40.894,51.036,20.97,12,"{'car': 9, 'traffic light': 2, 'person': 1}"
194,yolo,1.545,1.639,44.495,51.605,20.87,11,"{'car': 8, 'traffic light': 2, 'person': 1}"
195,yolo,1.569,1.436,40.351,48.46,20.85,12,"{'car': 9, 'traffic light': 2, 'person': 1}"
196,yolo,1.435,2.332,37.544,45.978,20.79,12,"{'car': 9, 'person': 1, 'traffic light': 2}"
197,yolo,2.138,1.872,41.946,49.977,20.73,12,"{'car': 9, 'person': 1, 'traffic light': 2}"
198,yolo,1.427,1.445,38.184,44.999,20.73,12,"{'car': 9, 'traffic light': 2, 'person': 1}"
199,yolo,1.543,1.963,41.203,49.096,20.72,12,"{'car': 9, 'person': 1, 'traffic light': 2}"
200,yolo,1.664,1.831,37.099,45.162,20.88,12,"{'car': 9, 'traffic light': 2, 'person': 1}"
201,yolo,1.896,1.517,43.939,51.785,20.98,12,"{'car': 9, 'person': 1, 'traffic light': 2}"
202,yolo,2.055,1.297,50.723,57.976,20.83,12,"{'car': 9, 'person': 1, 'traffic light': 2}"
203,yolo,1.337,1.802,38.74,46.605,20.85,12,"{'car': 9, 'person': 1, 'traffic light': 2}"
204,yolo,1.404,1.37,40.561,48.822,20.85,11,"{'car': 9, 'person': 1, 'traffic light': 1}"
205,yolo,2.084,1.541,42.246,50.48,21.04,10,"{'car': 8, 'person': 1, 'traffic light': 1}"
206,yolo,1.593,2.045,37.776,45.406,21.08,13,"{'car': 11, 'traffic light': 1, 'person': 1}"
207,yolo,1.405,1.969,39.43,47.224,21.08,10,"{'car': 8, 'person': 1, 'traffic light': 1}"
208,yolo,2.709,1.893,42.371,51.976,20.95,11,"{'car': 8, 'person': 1, 'traffic light': 2}"
209,yolo,1.885,1.342,40.484,47.679,20.98,11,"{'car': 8, 'traffic light': 2, 'person': 1}"
210,yolo,2.5,2.198,47.887,56.435,20.81,12,"{'car': 9, 'person': 1, 'traffic light': 2}"
211,yolo,2.022,1.875,36.906,45.529,20.8,11,"{'car': 8, 'person': 1, 'traffic light': 2}"
212,yolo,1.556,1.775,34.162,43.489,20.77,10,"{'car': 7, 'person': 1, 'traffic light': 2}"
213,yolo,1.926,1.403,36.657,44.216,20.78,10,"{'car': 8, 'traffic light': 1, 'person': 1}"
214,yolo,1.605,1.322,36.897,43.643,20.73,11,"{'car': 9, 'traffic light': 1, 'person': 1}"
215,yolo,1.385,2.294,42.692,50.386,20.68,10,"{'car': 8, 'traffic light': 1, 'person': 1}"
216,yolo,1.561,1.65,35.889,43.387,20.7,10,"{'car': 8, 'traffic light': 1, 'person': 1}"
217,yolo,1.969,1.39,37.501,44.432,20.81,10,"{'car': 8, 'traffic light': 1, 'person': 1}"
218,yolo,1.368,2.004,38.707,45.769,20.89,9,"{'car': 7, 'traffic light': 1, 'person': 1}"
219,yolo,1.35,1.392,37.52,44.108,20.96,10,"{'car': 8, 'traffic light': 1, 'person': 1}"
220,yolo,1.477,1.837,41.43,49.034,20.93,9,"{'car': 7, 'person': 1, 'traffic light': 1}"
221,yolo,1.842,1.347,38.915,45.705,20.91,9,"{'car': 7, 'traffic light': 1, 'person': 1}"
222,yolo,1.377,2.308,37.704,45.673,20.89,10,"{'car': 8, 'person': 1, 'traffic light': 1}"
223,yolo,1.414,1.915,35.62,42.77,21.01,10,"{'car': 8, 'person': 1, 'traffic light': 1}"
224,yolo,1.346,1.247,38.78,45.996,21.09,10,"{'car': 8, 'person': 1, 'traffic light': 1}"
225,yolo,2.007,1.9,38.445,46.141,21.13,9,"{'car': 7, 'person': 1, 'traffic light': 1}"
226,yolo,1.493,2.625,36.832,45.541,21.14,9,"{'car': 7, 'traffic light': 1, 'person': 1}"
227,yolo,1.538,1.936,39.311,47.038,21.18,8,"{'car': 6, 'traffic light': 1, 'person': 1}"
228,yolo,1.496,1.218,37.604,45.017,21.18,11,"{'car': 9, 'traffic light': 1, 'person': 1}"
229,yolo,1.942,2.476,38.145,47.053,21.21,10,"{'car': 8, 'person': 1, 'traffic light': 1}"
230,yolo,1.432,1.842,37.577,44.847,21.21,9,"{'car': 7, 'person': 1, 'traffic light': 1}"
231,yolo,1.595,1.934,39.319,46.542,21.29,8,"{'car': 6, 'traffic light': 1, 'person': 1}"
232,yolo,1.734,1.226,34.337,41.649,21.54,9,"{'car': 7, 'person': 1, 'traffic light': 1}"
233,yolo,1.839,1.898,38.782,46.944,21.54,9,"{'car': 7, 'traffic light': 1, 'person': 1}"
234,yolo,2.995,2.296,53.7,63.09,21.32,9,"{'car': 7, 'person': 1, 'traffic light': 1}"
235,yolo,1.508,1.837,37.407,44.473,21.41,8,"{'person': 1, 'car': 6, 'traffic light': 1}"
236,yolo,1.513,1.679,34.899,42.214,21.46,8,"{'car': 6, 'person': 1, 'traffic light': 1}"
237,yolo,1.933,1.887,36.274,43.549,21.52,6,"{'car': 5, 'person': 1}"
238,yolo,1.401,1.36,35.104,41.734,21.67,6,"{'car': 5, 'person': 1}"
239,yolo,1.552,2.543,41.861,49.294,21.65,6,"{'car': 5, 'person': 1}"
240,yolo,2.443,2.285,55.102,64.961,21.52,7,"{'car': 5, 'person': 1, 'traffic light': 1}"
241,yolo,2.317,1.527,45.427,53.206,21.4,7,"{'car': 5, 'person': 1, 'traffic light': 1}"
242,yolo,1.439,2.395,38.033,45.921,21.36,7,"{'person': 1, 'car': 5, 'traffic light': 1}"
243,yolo,1.352,1.293,35.505,41.567,21.4,6,"{'person': 1, 'car': 5}"
244,yolo,1.423,1.724,35.102,42.366,21.42,7,"{'person': 1, 'car': 5, 'traffic light': 1}"
245,yolo,1.695,1.373,33.437,39.768,21.59,5,"{'person': 1, 'car': 4}"
246,yolo,1.627,1.308,35.071,41.419,21.62,6,"{'person': 1, 'car': 4, 'traffic light': 1}"
247,yolo,1.34,1.81,36.237,43.089,21.64,6,"{'person': 1, 'car': 4, 'traffic light': 1}"
248,yolo,1.545,1.852,37.784,46.327,21.63,6,"{'person': 1, 'car': 4, 'traffic light': 1}"
249,yolo,2.932,1.229,34.597,42.085,21.66,5,"{'car': 3, 'person': 1, 'traffic light': 1}"
250,yolo,1.303,1.776,35.04,42.117,21.77,5,"{'car': 3, 'person': 1, 'traffic light': 1}"
251,yolo,1.367,1.192,37.035,42.767,21.82,5,"{'person': 1, 'car': 3, 'traffic light': 1}"
252,yolo,1.399,1.249,36.862,44.321,21.84,5,"{'person': 1, 'car': 2, 'traffic light': 1, 'truck': 1}"
253,yolo,1.902,2.632,38.295,46.825,21.77,5,"{'car': 2, 'person': 1, 'traffic light': 1, 'truck': 1}"
254,yolo,2.071,2.184,54.973,64.034,21.49,5,"{'person': 1, 'car': 3, 'traffic light': 1}"
255,yolo,1.743,1.356,45.258,51.698,21.41,4,"{'person': 1, 'car': 2, 'traffic light': 1}"
256,yolo,1.419,2.602,40.497,49.762,21.34,5,"{'person': 1, 'car': 3, 'traffic light': 1}"
257,yolo,1.813,1.198,36.458,43.001,21.4,5,"{'person': 2, 'car': 2, 'traffic light': 1}"
258,yolo,1.398,1.918,35.319,41.736,21.45,5,"{'car': 2, 'person': 2, 'traffic light': 1}"
259,yolo,1.447,1.397,35.744,41.984,21.53,7,"{'car': 3, 'person': 2, 'traffic light': 1, 'truck': 1}"
260,yolo,2.413,2.277,58.262,70.788,21.14,6,"{'person': 2, 'car': 3, 'traffic light': 1}"
261,yolo,2.341,1.592,44.891,52.467,21.05,4,"{'person': 1, 'car': 3}"
262,yolo,1.379,2.023,37.086,43.402,21.02,5,"{'car': 3, 'person': 1, 'traffic light': 1}"
263,yolo,1.717,1.904,40.558,48.482,21.0,5,"{'person': 2, 'car': 2, 'traffic light': 1}"
264,yolo,1.802,2.146,39.909,47.485,21.23,4,"{'person': 2, 'car': 1, 'traffic light': 1}"
265,yolo,1.423,2.194,36.566,43.351,21.25,5,"{'person': 2, 'car': 2, 'traffic light': 1}"
266,yolo,1.461,1.169,33.806,39.513,21.29,5,"{'person': 2, 'car': 2, 'traffic light': 1}"
267,yolo,1.514,2.185,41.819,49.676,21.2,5,"{'person': 2, 'car': 2, 'traffic light': 1}"
268,yolo,1.899,1.862,36.592,44.25,21.16,5,"{'person': 2, 'car': 1, 'traffic light': 1, 'truck': 1}"
269,yolo,1.536,2.091,55.875,63.64,20.95,5,"{'person': 2, 'traffic light': 1, 'car': 1, 'truck': 1}"
270,yolo,1.969,1.282,38.653,45.596,21.24,5,"{'person': 2, 'car': 1, 'traffic light': 1, 'truck': 1}"
271,yolo,1.441,1.911,39.034,47.742,21.32,6,"{'person': 2, 'car': 2, 'traffic light': 1, 'truck': 1}"
272,yolo,2.093,1.266,38.854,45.623,21.32,6,"{'person': 2, 'traffic light': 1, 'car': 2, 'truck': 1}"
273,yolo,1.462,1.902,37.891,45.761,21.26,6,"{'person': 2, 'traffic light': 1, 'car': 2, 'truck': 1}"
274,yolo,1.654,2.589,56.0,69.322,20.86,5,"{'person': 2, 'car': 2, 'traffic light': 1}"
275,yolo,2.694,1.609,52.493,62.436,20.54,5,"{'person': 2, 'car': 2, 'traffic light': 1}"
276,yolo,2.291,1.388,46.013,53.051,20.38,4,"{'person': 2, 'traffic light': 1, 'car': 1}"
277,yolo,1.632,1.561,41.976,49.19,20.29,5,"{'person': 3, 'car': 1, 'traffic light': 1}"
278,yolo,1.365,1.943,38.405,45.04,20.31,4,"{'person': 2, 'traffic light': 1, 'car': 1}"
279,yolo,1.369,1.912,41.792,49.793,20.2,4,"{'person': 2, 'traffic light': 1, 'car': 1}"
280,yolo,1.979,1.955,43.809,51.31,20.08,4,"{'person': 2, 'traffic light': 1, 'car': 1}"
281,yolo,1.442,1.281,36.311,42.595,20.08,5,"{'person': 3, 'traffic light': 1, 'car': 1}"
282,yolo,1.727,1.904,42.104,49.712,20.01,5,"{'car': 1, 'person': 3, 'traffic light': 1}"
283,yolo,1.687,2.339,39.68,48.26,19.99,4,"{'person': 2, 'car': 1, 'traffic light': 1}"
284,yolo,1.908,2.091,36.182,43.763,20.26,5,"{'person': 3, 'car': 1, 'traffic light': 1}"
285,yolo,1.395,1.813,40.15,47.124,20.33,6,"{'person': 4, 'traffic light': 1, 'car': 1}"
286,yolo,1.352,1.192,35.786,41.735,20.44,6,"{'person': 4, 'traffic light': 1, 'car': 1}"
287,yolo,1.357,2.429,41.821,52.278,20.31,6,"{'person': 4, 'car': 1, 'traffic light': 1}"
288,yolo,2.15,1.395,39.495,46.914,20.24,6,"{'person': 4, 'traffic light': 1, 'car': 1}"
289,yolo,1.431,2.026,40.488,47.757,20.16,5,"{'person': 3, 'traffic light': 1, 'car': 1}"
290,yolo,1.465,2.102,38.557,45.764,20.51,5,"{'person': 4, 'car': 1}"
291,yolo,1.57,1.988,42.052,49.909,20.54,6,"{'person': 5, 'car': 1}"
292,yolo,1.927,1.985,39.179,46.895,20.49,6,"{'person': 4, 'car': 2}"
293,yolo,1.394,1.346,41.141,47.46,20.51,6,"{'person': 4, 'car': 2}"
294,yolo,1.47,1.235,39.643,46.257,20.52,6,"{'person': 4, 'car': 2}"
295,yolo,1.79,1.234,35.61,43.01,20.53,8,"{'person': 4, 'car': 4}"
296,yolo,1.847,1.995,45.717,54.155,20.32,6,"{'person': 4, 'car': 2}"
297,yolo,1.651,1.402,40.876,47.321,20.36,6,"{'person': 3, 'car': 3}"
298,yolo,2.026,2.727,59.485,68.267,20.03,7,"{'person': 3, 'car': 4}"
299,yolo,1.657,2.033,40.575,48.421,20.24,5,"{'person': 2, 'car': 3}"
300,yolo,1.907,1.27,34.735,41.186,20.3,6,"{'person': 2, 'car': 4}"
301,yolo,1.541,1.87,36.551,43.9,20.35,6,"{'person': 2, 'car': 4}"
302,yolo,1.521,1.279,39.822,52.561,20.25,7,"{'person': 2, 'car': 5}"
303,yolo,1.429,2.359,55.361,66.175,19.98,7,"{'person': 2, 'car': 5}"
304,yolo,3.231,2.027,54.923,64.611,20.04,7,"{'person': 3, 'car': 4}"
305,yolo,3.15,2.337,54.164,63.879,20.02,5,"{'person': 2, 'car': 3}"
306,yolo,2.098,1.931,42.192,50.794,20.05,5,"{'person': 2, 'car': 3}"
307,yolo,1.987,1.86,36.143,44.438,20.12,6,"{'person': 2, 'car': 4}"
308,yolo,1.883,1.858,39.546,46.819,20.09,4,"{'car': 3, 'person': 1}"
309,yolo,1.457,1.203,33.972,39.901,20.23,7,"{'person': 1, 'car': 6}"
310,yolo,1.32,1.816,37.998,44.787,20.32,7,"{'car': 6, 'person': 1}"
311,yolo,1.321,1.206,35.142,42.006,20.32,6,"{'car': 5, 'person': 1}"
312,yolo,1.748,1.906,37.555,44.873,20.39,5,"{'person': 1, 'car': 4}"
313,yolo,1.454,1.842,36.425,43.035,20.46,5,"{'car': 4, 'person': 1}"
314,yolo,1.389,1.303,40.633,46.536,20.43,5,"{'car': 4, 'person': 1}"
315,yolo,1.504,1.944,36.909,44.612,20.46,5,"{'person': 1, 'car': 4}"
316,yolo,1.864,1.796,38.712,46.096,20.4,5,"{'person': 1, 'car': 4}"
317,yolo,1.44,1.82,41.155,47.423,20.47,4,"{'person': 1, 'car': 3}"
318,yolo,1.5,1.574,41.658,48.332,20.45,5,"{'person': 1, 'car': 3, 'truck': 1}"
319,yolo,1.706,1.277,34.924,42.351,20.52,5,"{'person': 1, 'car': 4}"
320,yolo,1.89,1.909,37.985,47.247,20.5,5,"{'person': 2, 'car': 3}"
321,yolo,1.476,1.945,39.519,46.244,20.55,3,"{'person': 1, 'car': 1, 'truck': 1}"
322,yolo,1.428,1.452,46.185,52.466,20.48,3,"{'person': 1, 'car': 2}"
323,yolo,1.652,1.831,39.296,47.729,20.47,6,"{'person': 2, 'car': 3, 'truck': 1}"
324,yolo,1.853,1.866,37.181,45.741,20.48,4,"{'person': 2, 'car': 2}"
325,yolo,1.379,1.306,35.838,41.606,20.5,3,"{'person': 2, 'car': 1}"
326,yolo,1.28,1.301,33.762,39.543,20.71,3,"{'person': 1, 'car': 2}"
327,yolo,1.635,2.115,62.149,72.321,20.35,4,"{'person': 1, 'car': 2, 'truck': 1}"
328,yolo,2.256,1.816,39.466,46.678,20.66,4,"{'person': 1, 'car': 2, 'truck': 1}"
329,yolo,1.395,1.29,38.912,44.997,20.71,5,"{'person': 1, 'car': 3, 'truck': 1}"
330,yolo,1.406,2.352,37.719,45.044,20.65,3,"{'person': 1, 'car': 1, 'truck': 1}"
331,yolo,1.384,1.304,34.634,41.38,20.69,3,"{'person': 1, 'car': 1, 'truck': 1}"
332,yolo,2.638,1.317,55.746,63.034,20.54,5,"{'person': 1, 'car': 3, 'truck': 1}"
333,yolo,1.455,2.167,41.323,48.353,20.79,3,"{'person': 1, 'car': 1, 'truck': 1}"
334,yolo,1.74,1.873,41.604,49.031,21.02,5,"{'person': 1, 'car': 3, 'truck': 1}"
335,yolo,1.413,1.233,35.034,41.979,21.35,5,"{'person': 2, 'car': 2, 'truck': 1}"
336,yolo,1.814,1.401,36.953,43.506,21.46,4,"{'person': 1, 'car': 2, 'truck': 1}"
337,yolo,1.643,1.669,40.732,47.658,21.41,4,"{'person': 1, 'car': 2, 'truck': 1}"
338,yolo,1.377,1.509,36.233,42.552,21.47,6,"{'person': 1, 'car': 4, 'truck': 1}"
339,yolo,1.529,1.189,36.207,43.507,21.42,7,"{'person': 1, 'car': 5, 'truck': 1}"
340,yolo,1.855,2.05,45.878,53.324,21.29,5,"{'person': 1, 'truck': 1, 'car': 3}"
341,yolo,3.079,2.133,47.002,56.61,21.07,6,"{'person': 1, 'truck': 1, 'car': 4}"
342,yolo,1.44,2.056,42.222,49.404,21.0,7,"{'person': 1, 'truck': 1, 'car': 5}"
343,yolo,1.701,1.844,39.557,49.792,20.9,6,"{'person': 1, 'truck': 1, 'car': 4}"
344,yolo,1.761,2.023,38.041,45.083,20.93,5,"{'person': 1, 'car': 3, 'truck': 1}"
345,yolo,1.621,1.213,37.294,43.433,20.94,7,"{'person': 1, 'truck': 1, 'car': 5}"
346,yolo,1.312,2.222,39.95,47.304,20.93,4,"{'person': 1, 'truck': 1, 'car': 2}"
347,yolo,2.178,1.986,37.728,46.51,20.94,6,"{'person': 1, 'truck': 1, 'car': 4}"
348,yolo,2.031,1.347,41.292,47.871,20.95,5,"{'person': 1, 'truck': 1, 'car': 3}"
349,yolo,1.351,1.757,34.345,41.053,20.96,6,"{'person': 1, 'car': 4, 'truck': 1}"
350,yolo,1.298,2.107,37.745,44.847,21.0,3,"{'person': 1, 'car': 2}"
351,yolo,1.269,1.313,37.026,43.98,21.03,5,"{'person': 1, 'car': 2, 'truck': 2}"
352,yolo,1.815,1.271,37.784,44.157,21.16,6,"{'person': 1, 'car': 3, 'truck': 2}"
353,yolo,2.197,1.522,36.662,44.328,21.21,6,"{'person': 1, 'car': 4, 'truck': 1}"
354,yolo,1.988,1.569,48.076,55.86,21.06,5,"{'person': 1, 'car': 3, 'truck': 1}"
355,yolo,1.461,1.454,42.322,49.381,20.94,6,"{'person': 1, 'car': 4, 'truck': 1}"
356,yolo,2.044,1.868,39.314,46.943,20.83,6,"{'person': 1, 'car': 4, 'truck': 1}"
357,yolo,1.422,1.931,42.785,49.689,21.17,7,"{'person': 1, 'car': 5, 'truck': 1}"
358,yolo,2.259,1.449,39.834,47.197,21.16,7,"{'person': 1, 'car': 5, 'truck': 1}"
359,yolo,1.478,1.563,56.48,64.222,20.88,7,"{'person': 1, 'car': 5, 'truck': 1}"
360,yolo,2.31,2.028,45.194,53.634,20.75,7,"{'person': 1, 'car': 5, 'truck': 1}"
361,yolo,1.488,1.407,35.309,42.062,20.74,7,"{'person': 1, 'car': 5, 'truck': 1}"
362,yolo,1.382,1.264,34.036,40.16,21.08,5,"{'person': 1, 'truck': 1, 'car': 3}"
363,yolo,1.419,1.846,34.692,43.245,21.15,7,"{'person': 1, 'truck': 1, 'car': 5}"
364,yolo,1.805,1.712,36.939,45.024,21.21,8,"{'person': 1, 'car': 6, 'truck': 1}"
365,yolo,1.393,2.171,36.136,43.941,21.18,7,"{'person': 1, 'car': 5, 'truck': 1}"
366,yolo,1.319,2.606,35.838,43.827,21.18,5,"{'person': 1, 'car': 4}"
367,yolo,1.442,2.7,47.42,60.745,20.98,6,"{'person': 1, 'car': 4, 'truck': 1}"
368,yolo,1.902,1.481,43.419,50.477,20.87,7,"{'person': 1, 'car': 5, 'truck': 1}"
369,yolo,2.308,1.801,40.833,49.876,20.78,6,"{'person': 1, 'car': 4, 'truck': 1}"
370,yolo,1.416,1.5,38.02,45.611,20.89,5,"{'person': 1, 'car': 3, 'truck': 1}"
371,yolo,1.943,1.956,39.217,47.525,21.02,6,"{'person': 1, 'truck': 2, 'car': 3}"
372,yolo,1.647,1.381,39.878,46.677,21.06,7,"{'person': 1, 'car': 4, 'truck': 2}"
373,yolo,1.541,2.023,38.477,47.214,21.1,7,"{'person': 1, 'car': 5, 'truck': 1}"
374,yolo,1.441,2.271,40.439,48.943,21.04,7,"{'person': 1, 'car': 5, 'truck': 1}"
375,yolo,1.845,1.863,39.081,46.948,20.99,7,"{'person': 1, 'car': 5, 'truck': 1}"
376,yolo,1.377,1.389,33.518,39.846,21.1,6,"{'person': 1, 'car': 4, 'truck': 1}"
377,yolo,1.391,2.488,36.912,46.469,21.1,6,"{'person': 1, 'car': 4, 'truck': 1}"
378,yolo,1.511,2.342,40.752,50.053,21.07,6,"{'car': 4, 'person': 1, 'truck': 1}"
379,yolo,1.938,1.874,44.341,51.967,20.91,6,"{'car': 4, 'person': 1, 'truck': 1}"
380,yolo,1.829,1.654,36.896,44.319,20.92,6,"{'car': 4, 'person': 1, 'truck': 1}"
381,yolo,1.481,2.146,43.067,50.557,20.82,6,"{'person': 1, 'car': 4, 'truck': 1}"
382,yolo,1.466,2.352,44.391,53.699,20.68,8,"{'person': 1, 'car': 5, 'truck': 2}"
383,yolo,1.97,1.415,39.999,47.209,20.64,7,"{'person': 1, 'car': 5, 'truck': 1}"
384,yolo,1.76,1.351,35.655,42.068,20.84,6,"{'person': 1, 'car': 4, 'truck': 1}"
385,yolo,1.415,2.006,40.3,47.772,20.86,7,"{'car': 5, 'person': 1, 'truck': 1}"
386,yolo,2.848,2.554,43.072,55.993,20.73,5,"{'car': 4, 'truck': 1}"
387,yolo,2.525,1.965,61.682,70.405,20.44,6,"{'car': 5, 'truck': 1}"
388,yolo,1.804,1.535,49.032,56.143,20.32,7,"{'car': 6, 'truck': 1}"
389,yolo,1.4,1.544,37.412,44.453,20.59,7,"{'car': 6, 'truck': 1}"
390,yolo,1.603,1.928,38.727,47.339,20.68,7,"{'car': 5, 'truck': 2}"
391,yolo,2.097,1.521,43.34,50.315,20.56,5,"{'car': 4, 'truck': 1}"
392,yolo,1.477,1.748,42.75,50.591,20.42,7,"{'car': 6, 'truck': 1}"
393,yolo,1.363,2.06,37.363,45.071,20.39,7,"{'car': 6, 'truck': 1}"
394,yolo,1.652,1.796,38.673,47.529,20.36,6,"{'car': 5, 'truck': 1}"
395,yolo,1.807,1.561,38.15,45.417,20.34,5,"{'car': 4, 'truck': 1}"
396,yolo,1.577,2.097,37.321,44.603,20.33,6,"{'car': 5, 'truck': 1}"
397,yolo,1.787,2.154,56.721,65.981,20.26,7,"{'car': 6, 'truck': 1}"
398,yolo,1.699,1.27,39.181,46.715,20.31,6,"{'car': 5, 'truck': 1}"
399,yolo,1.757,1.923,40.155,47.917,20.33,6,"{'car': 5, 'truck': 1}"
400,yolo,1.49,1.842,36.577,43.462,20.36,6,"{'car': 5, 'truck': 1}"
401,yolo,1.439,2.095,37.182,44.317,20.41,7,"{'car': 6, 'truck': 1}"
402,yolo,1.457,1.299,36.643,43.826,20.45,7,"{'car': 6, 'truck': 1}"
403,yolo,1.877,2.023,36.045,43.404,20.5,7,"{'car': 6, 'truck': 1}"
404,yolo,1.353,1.991,35.026,43.032,20.58,6,"{'car': 5, 'truck': 1}"
405,yolo,1.574,1.809,37.505,44.872,20.61,6,"{'car': 4, 'truck': 1, 'motorcycle': 1}"
406,yolo,1.45,1.797,34.099,41.436,20.59,7,"{'car': 6, 'truck': 1}"
407,yolo,1.936,1.178,35.029,41.493,20.66,7,"{'car': 6, 'truck': 1}"
408,yolo,1.301,1.544,37.068,43.003,20.76,6,"{'car': 5, 'truck': 1}"
409,yolo,1.427,1.771,35.942,42.641,20.9,7,"{'car': 6, 'truck': 1}"
410,yolo,1.276,1.846,33.992,43.321,20.91,6,"{'car': 5, 'truck': 1}"
411,yolo,2.934,1.993,51.963,61.366,20.76,8,"{'car': 7, 'truck': 1}"
412,yolo,1.441,1.967,45.963,53.591,20.76,8,"{'car': 7, 'truck': 1}"
413,yolo,1.766,1.248,36.23,42.644,20.82,8,"{'car': 7, 'truck': 1}"
414,yolo,1.388,1.862,38.537,47.45,20.75,7,"{'car': 6, 'truck': 1}"
415,yolo,1.86,2.24,52.48,60.164,20.57,5,"{'car': 4, 'truck': 1}"
416,yolo,2.413,2.207,69.202,78.144,20.26,6,"{'car': 5, 'truck': 1}"
417,yolo,2.077,2.036,54.845,63.238,20.36,5,"{'car': 4, 'truck': 1}"
418,yolo,3.404,2.209,49.315,59.997,20.31,5,"{'car': 4, 'truck': 1}"
419,yolo,2.266,1.545,39.714,47.067,20.27,6,"{'car': 5, 'truck': 1}"
420,yolo,1.605,1.586,37.015,44.551,20.31,6,"{'car': 5, 'truck': 1}"
421,yolo,1.723,1.782,36.4,44.404,20.39,6,"{'car': 5, 'truck': 1}"
422,yolo,1.35,1.966,35.023,42.872,20.5,5,"{'car': 4, 'truck': 1}"
423,yolo,1.906,1.752,38.496,46.15,20.48,6,"{'car': 5, 'truck': 1}"
424,yolo,1.372,2.087,41.522,48.719,20.47,6,"{'car': 5, 'truck': 1}"
425,yolo,2.012,1.447,38.477,45.521,20.47,6,"{'car': 5, 'truck': 1}"
426,yolo,1.45,2.097,38.466,47.51,20.42,6,"{'car': 5, 'truck': 1}"
427,yolo,1.934,2.131,41.412,48.929,20.66,6,"{'car': 5, 'truck': 1}"
428,yolo,1.318,2.244,41.743,49.269,20.63,5,{'car': 5}
429,yolo,1.977,1.518,56.842,64.115,20.4,5,{'car': 5}
430,yolo,1.705,2.246,36.395,45.705,20.37,5,{'car': 5}
431,yolo,2.183,2.468,42.306,51.438,20.27,5,{'car': 5}
432,yolo,1.463,1.251,38.393,45.061,20.26,6,{'car': 6}
433,yolo,1.562,1.901,33.17,40.609,20.29,6,{'car': 6}
434,yolo,1.796,1.339,40.17,47.729,20.23,6,{'car': 6}
435,yolo,1.818,2.386,37.015,44.486,20.23,6,{'car': 6}
436,yolo,2.077,1.855,36.753,44.155,20.2,6,"{'car': 5, 'bench': 1}"
437,yolo,1.908,1.69,37.661,44.495,20.16,4,{'car': 4}
438,yolo,1.299,2.322,35.315,45.098,20.13,5,{'car': 5}
439,yolo,1.799,2.81,38.361,46.266,20.08,5,{'car': 5}
440,yolo,3.017,2.158,51.702,61.186,19.84,5,{'car': 5}
441,yolo,1.599,1.438,45.696,51.966,19.97,5,{'car': 5}
442,yolo,1.423,1.189,38.895,45.622,20.07,5,{'car': 5}
443,yolo,1.824,2.406,44.815,52.346,19.94,4,"{'car': 3, 'bench': 1}"
444,yolo,1.577,1.522,42.544,49.152,19.92,4,{'car': 4}
445,yolo,2.452,1.311,61.008,68.054,19.82,4,{'car': 4}
446,yolo,1.581,2.017,41.988,51.341,20.17,6,{'car': 6}
447,yolo,2.476,2.086,40.268,48.269,20.38,5,"{'car': 4, 'bench': 1}"
448,yolo,1.487,1.916,40.487,47.27,20.56,5,"{'car': 4, 'bench': 1}"
449,yolo,1.785,2.076,37.232,44.505,20.59,4,{'car': 4}
450,yolo,2.313,2.144,47.707,56.811,20.42,4,{'car': 4}
451,yolo,3.163,1.314,36.61,44.316,20.42,5,"{'car': 4, 'bench': 1}"
452,yolo,1.412,1.406,35.345,41.472,20.44,4,"{'car': 3, 'bench': 1}"
453,yolo,1.35,1.786,36.619,43.265,20.48,4,{'car': 4}
454,yolo,1.278,1.773,36.971,44.454,20.54,4,{'car': 4}
455,yolo,1.799,1.933,40.974,48.053,20.51,3,{'car': 3}
456,yolo,1.467,1.293,40.086,46.178,20.53,7,"{'car': 6, 'bench': 1}"
457,yolo,1.464,2.166,41.879,49.934,20.51,5,{'car': 5}
458,yolo,1.647,1.349,40.358,47.652,20.53,3,{'car': 3}
459,yolo,2.006,1.298,41.296,47.787,20.77,5,"{'car': 4, 'bench': 1}"
460,yolo,1.591,1.883,38.481,45.802,20.76,7,"{'car': 5, 'person': 1, 'bench': 1}"
461,yolo,1.531,1.252,36.813,43.174,20.88,7,"{'car': 5, 'person': 1, 'bench': 1}"
462,yolo,2.167,1.981,39.974,48.563,20.83,7,"{'car': 5, 'bench': 1, 'person': 1}"
463,yolo,2.154,1.494,37.036,44.253,20.78,8,"{'car': 6, 'bench': 1, 'person': 1}"
464,yolo,1.614,1.542,43.388,49.905,20.75,6,"{'car': 5, 'bench': 1}"
465,yolo,1.758,2.139,50.312,59.133,20.54,5,"{'car': 4, 'bench': 1}"
466,yolo,1.477,1.753,36.788,45.766,20.52,6,"{'car': 4, 'person': 1, 'bench': 1}"
467,yolo,1.796,1.424,39.718,46.756,20.49,9,{'car': 9}
468,yolo,1.542,2.653,40.898,48.936,20.43,9,{'car': 9}
469,yolo,1.446,2.012,37.638,44.506,20.46,7,{'car': 7}
470,yolo,2.415,1.655,59.541,68.698,20.35,7,{'car': 7}
471,yolo,3.085,2.056,44.358,53.744,20.33,7,{'car': 7}
472,yolo,2.171,2.146,48.006,56.022,20.19,8,{'car': 8}
473,yolo,1.711,1.219,38.915,45.173,20.28,7,{'car': 7}
474,yolo,1.445,1.878,39.522,48.603,20.29,8,{'car': 8}
475,yolo,2.433,1.318,43.593,51.051,20.53,8,{'car': 8}
476,yolo,1.448,1.846,34.621,41.437,20.67,7,{'car': 7}
477,yolo,1.473,1.708,39.619,45.964,20.7,7,{'car': 7}
478,yolo,1.445,1.234,32.671,39.432,20.81,7,{'car': 7}
479,yolo,1.695,1.863,35.642,43.2,20.83,10,{'car': 10}
480,yolo,1.433,1.351,35.564,42.043,21.05,8,{'car': 8}
481,yolo,1.445,1.788,37.771,44.314,21.05,8,{'car': 8}
482,yolo,1.282,2.358,45.671,54.051,20.86,9,{'car': 9}
483,yolo,2.209,1.487,42.934,50.669,20.76,8,{'car': 8}
484,yolo,1.639,1.482,37.781,44.644,20.75,8,{'car': 8}
485,yolo,1.466,2.194,40.596,48.243,20.75,8,{'car': 8}
486,yolo,1.84,1.307,42.069,49.676,20.7,8,{'car': 8}
487,yolo,2.068,1.708,45.475,52.803,20.66,7,{'car': 7}
488,yolo,1.522,1.843,41.962,49.199,20.64,6,{'car': 6}
489,yolo,1.702,1.228,35.515,41.658,20.73,6,"{'car': 5, 'bicycle': 1}"
490,yolo,2.064,1.445,51.258,59.374,20.53,8,"{'car': 7, 'bicycle': 1}"
491,yolo,3.481,1.314,47.483,56.037,20.35,8,{'car': 8}
492,yolo,1.509,1.767,34.882,42.577,20.44,8,{'car': 8}
493,yolo,1.406,1.802,35.696,43.34,20.45,8,"{'car': 7, 'bicycle': 1}"
494,yolo,1.301,2.34,37.044,45.112,20.52,6,"{'car': 5, 'bicycle': 1}"
495,yolo,2.398,1.4,40.507,48.033,20.67,7,"{'car': 5, 'bicycle': 2}"
496,yolo,1.481,1.913,39.624,46.758,20.66,7,"{'car': 6, 'bicycle': 1}"
497,yolo,2.426,1.673,58.767,66.553,20.38,7,"{'car': 6, 'bicycle': 1}"
498,yolo,1.683,1.3,47.745,55.152,20.3,6,"{'car': 5, 'bicycle': 1}"
499,yolo,1.994,1.415,40.34,47.077,20.26,4,{'car': 4}
500,yolo,2.577,1.248,43.035,50.455,20.51,6,"{'car': 5, 'bicycle': 1}"
501,yolo,1.502,1.336,40.212,46.52,20.62,5,"{'car': 4, 'bicycle': 1}"
502,yolo,2.007,2.012,53.922,62.775,20.52,6,"{'car': 4, 'bicycle': 2}"
503,yolo,2.235,1.314,42.096,49.135,20.47,6,"{'car': 4, 'bicycle': 2}"
504,yolo,1.725,2.199,38.975,47.631,20.48,8,"{'car': 4, 'bicycle': 3, 'person': 1}"
505,yolo,1.517,1.308,35.593,41.78,20.61,6,"{'car': 4, 'bicycle': 2}"
506,yolo,1.369,1.306,34.758,41.886,20.6,5,"{'car': 4, 'bicycle': 1}"
507,yolo,1.79,1.842,39.657,46.616,20.59,6,"{'car': 4, 'bicycle': 1, 'person': 1}"
508,yolo,1.342,2.058,38.177,45.619,20.51,7,"{'car': 3, 'bicycle': 3, 'person': 1}"
509,yolo,1.791,2.423,38.413,46.518,20.46,9,"{'car': 4, 'bicycle': 4, 'person': 1}"
510,yolo,1.844,2.133,47.198,55.996,20.27,7,"{'car': 4, 'bicycle': 2, 'person': 1}"
511,yolo,1.803,1.928,38.702,46.673,20.24,5,"{'car': 3, 'bicycle': 2}"
512,yolo,1.285,2.193,38.366,45.712,20.35,9,"{'car': 5, 'bicycle': 3, 'person': 1}"
513,yolo,1.615,1.899,40.36,47.784,20.39,9,"{'car': 5, 'bicycle': 3, 'person': 1}"
514,yolo,1.449,2.339,37.453,46.183,20.37,9,"{'car': 4, 'bicycle': 3, 'person': 1, 'truck': 1}"
515,yolo,1.984,1.524,38.874,45.992,20.4,8,"{'car': 3, 'bicycle': 4, 'person': 1}"
516,yolo,1.798,2.125,38.145,46.869,20.44,7,"{'car': 3, 'person': 1, 'bicycle': 2, 'truck': 1}"
517,yolo,1.914,1.89,39.832,47.699,20.51,8,"{'car': 3, 'bicycle': 3, 'person': 1, 'truck': 1}"
518,yolo,1.321,1.256,36.449,42.339,20.61,6,"{'car': 3, 'bicycle': 1, 'person': 1, 'truck': 1}"
519,yolo,1.415,1.861,40.128,47.126,20.53,6,"{'car': 3, 'bicycle': 1, 'person': 1, 'truck': 1}"
520,yolo,1.407,1.671,36.967,44.349,20.74,5,"{'car': 2, 'bicycle': 1, 'truck': 1, 'person': 1}"
521,yolo,1.854,1.54,36.365,42.842,20.93,4,"{'car': 2, 'person': 1, 'truck': 1}"
522,yolo,1.649,1.266,35.691,41.709,20.95,4,"{'car': 2, 'person': 1, 'truck': 1}"
523,yolo,1.343,1.46,35.025,41.096,20.98,4,"{'car': 2, 'truck': 1, 'person': 1}"
524,yolo,1.407,1.172,37.418,44.129,20.99,5,"{'car': 2, 'person': 1, 'truck': 2}"
525,yolo,1.781,1.709,45.092,52.124,20.93,4,"{'car': 2, 'person': 1, 'truck': 1}"
526,yolo,1.582,2.171,41.786,48.925,20.9,5,"{'car': 2, 'person': 1, 'truck': 2}"
527,yolo,1.566,1.971,38.702,45.708,21.21,4,"{'car': 2, 'person': 1, 'truck': 1}"
528,yolo,1.453,2.045,39.571,47.514,21.33,4,"{'car': 2, 'person': 1, 'truck': 1}"
529,yolo,1.967,2.291,41.025,50.11,21.28,4,"{'person': 1, 'truck': 1, 'car': 2}"
530,yolo,1.85,1.873,40.954,48.018,21.32,3,"{'person': 1, 'truck': 1, 'car': 1}"
531,yolo,1.613,1.227,37.39,43.452,21.36,4,"{'person': 1, 'truck': 1, 'car': 2}"
532,yolo,1.365,1.216,38.248,44.701,21.64,3,"{'person': 1, 'truck': 1, 'car': 1}"
533,yolo,1.837,1.302,38.318,44.672,21.71,5,"{'truck': 1, 'person': 1, 'car': 3}"
534,yolo,1.339,1.3,34.51,40.634,21.82,4,"{'person': 1, 'truck': 1, 'car': 2}"
535,yolo,1.503,1.956,35.224,42.43,21.81,5,"{'person': 1, 'car': 3, 'truck': 1}"
536,yolo,1.69,2.338,38.021,45.926,21.75,4,"{'person': 1, 'truck': 1, 'car': 2}"
537,yolo,1.973,2.021,43.614,51.469,21.67,3,"{'person': 1, 'car': 1, 'truck': 1}"
538,yolo,1.952,2.015,38.205,45.444,21.67,3,"{'person': 1, 'car': 2}"
539,yolo,1.415,2.154,36.887,43.827,21.72,4,"{'person': 1, 'car': 2, 'truck': 1}"
540,yolo,1.433,1.692,37.155,45.07,21.89,3,"{'person': 1, 'truck': 1, 'car': 1}"
541,yolo,1.853,1.404,37.71,44.538,21.92,3,"{'person': 1, 'truck': 1, 'car': 1}"
542,yolo,1.409,1.766,41.65,48.372,21.88,4,"{'person': 1, 'truck': 1, 'car': 2}"
543,yolo,1.458,1.249,35.106,40.859,21.99,3,"{'person': 1, 'car': 2}"
544,yolo,1.458,1.414,37.482,44.194,22.02,3,"{'car': 2, 'person': 1}"
545,yolo,1.925,2.231,45.313,54.1,21.89,3,"{'car': 2, 'person': 1}"
546,yolo,1.995,2.221,44.518,51.733,21.82,3,"{'car': 2, 'person': 1}"
547,yolo,1.522,1.62,40.469,47.071,21.83,3,"{'car': 2, 'person': 1}"
548,yolo,1.528,1.591,35.533,42.657,21.82,3,"{'car': 2, 'person': 1}"
549,yolo,1.792,1.814,37.714,44.309,21.87,3,"{'car': 2, 'person': 1}"
550,yolo,1.596,1.839,36.106,42.439,21.9,3,"{'person': 1, 'car': 2}"
551,yolo,1.343,1.231,34.564,40.044,21.94,2,"{'person': 1, 'car': 1}"
552,yolo,1.371,1.719,35.202,42.469,21.93,2,"{'car': 1, 'person': 1}"
553,yolo,1.709,1.329,42.715,48.872,21.81,3,"{'person': 1, 'car': 2}"
554,yolo,1.332,1.368,34.497,40.208,21.87,3,"{'person': 1, 'car': 2}"
555,yolo,1.783,2.365,39.023,47.13,21.95,2,"{'car': 1, 'person': 1}"
556,yolo,1.389,1.775,38.114,45.143,22.01,3,"{'car': 2, 'person': 1}"
557,yolo,1.908,1.825,43.629,50.823,21.93,4,"{'car': 3, 'person': 1}"
558,yolo,1.446,1.861,39.111,45.63,21.96,2,"{'person': 1, 'car': 1}"
559,yolo,1.397,1.411,36.408,42.199,22.08,2,{'car': 2}
560,yolo,1.439,2.358,38.502,46.168,22.11,1,{'car': 1}
561,yolo,1.396,1.915,37.252,43.902,22.11,1,{'car': 1}
562,yolo,1.327,1.17,36.557,42.811,22.14,2,{'car': 2}
563,yolo,2.426,1.767,37.756,44.948,22.13,2,{'car': 2}
564,yolo,1.496,1.261,34.182,39.917,22.15,2,{'car': 2}
565,yolo,2.184,2.233,46.201,54.599,21.95,2,{'car': 2}
566,yolo,1.56,1.324,43.111,49.82,21.89,3,{'car': 3}
567,yolo,2.678,2.322,39.85,48.359,21.94,3,{'car': 3}
568,yolo,1.358,1.249,37.563,43.091,21.97,3,{'car': 3}
569,yolo,1.532,2.188,36.458,43.647,21.98,3,{'car': 3}
570,yolo,1.498,2.684,39.233,47.299,21.94,3,{'car': 3}
571,yolo,1.94,1.826,37.512,44.754,21.94,3,{'car': 3}
572,yolo,1.472,1.456,40.246,46.416,21.97,3,{'car': 3}
573,yolo,1.629,1.984,38.493,45.555,21.89,3,{'car': 3}
574,yolo,1.469,2.138,41.557,49.971,21.8,3,{'car': 3}
575,yolo,2.045,1.341,38.834,45.331,21.94,3,{'car': 3}
576,yolo,1.448,1.32,35.395,41.405,22.11,3,{'car': 3}
577,yolo,1.538,1.783,38.043,44.374,22.15,4,{'car': 4}
578,yolo,1.513,1.802,36.034,43.197,22.14,4,{'car': 4}
579,yolo,2.021,1.34,38.869,45.637,22.12,4,{'car': 4}
580,yolo,1.359,1.172,52.207,57.707,21.88,4,{'car': 4}
581,yolo,1.64,2.21,40.336,47.154,21.76,4,{'car': 4}
582,yolo,1.466,1.969,41.429,50.099,21.64,4,{'car': 4}
583,yolo,2.336,1.935,41.639,49.139,21.64,3,{'car': 3}
584,yolo,1.462,1.851,37.039,43.649,21.58,2,{'car': 2}
585,yolo,1.518,2.026,39.561,46.852,21.59,2,{'car': 2}
586,yolo,1.95,1.301,37.824,45.06,21.59,3,{'car': 3}
587,yolo,1.802,1.965,38.592,45.634,21.67,2,{'car': 2}
588,yolo,1.365,1.335,39.499,45.192,21.68,2,{'car': 2}
589,yolo,1.469,1.857,37.4,44.037,21.65,3,{'car': 3}
590,yolo,1.668,1.944,42.962,51.736,21.56,4,"{'car': 3, 'traffic light': 1}"
591,yolo,1.881,1.316,36.886,43.095,21.58,3,{'car': 3}
592,yolo,1.386,1.594,35.945,42.216,21.58,5,{'car': 5}
593,yolo,1.384,1.398,38.87,44.749,21.59,5,{'car': 5}
594,yolo,1.365,1.363,35.127,41.843,21.56,5,{'car': 5}
595,yolo,1.781,1.252,34.745,40.858,21.77,6,{'car': 6}
596,yolo,1.373,1.837,34.811,41.021,21.91,6,{'car': 6}
597,yolo,1.379,2.562,37.987,45.198,21.96,7,{'car': 7}
598,yolo,1.399,1.235,34.416,40.96,22.0,5,{'car': 5}
599,yolo,1.751,1.198,34.595,40.67,22.05,6,{'car': 6}
600,yolo,1.351,1.237,33.779,39.092,22.18,5,{'car': 5}
601,yolo,1.444,1.928,36.098,42.331,22.22,4,{'car': 4}
602,yolo,1.445,1.882,38.384,45.798,22.23,4,{'car': 4}
603,yolo,1.74,1.836,41.049,48.191,22.19,5,{'car': 5}
604,yolo,1.317,1.801,36.976,44.227,22.28,5,{'car': 5}
605,yolo,1.351,2.342,36.229,43.703,22.31,5,{'car': 5}
606,yolo,1.61,1.814,37.133,45.609,22.24,5,{'car': 5}
607,yolo,1.801,2.349,38.215,45.686,22.22,5,{'car': 5}
608,yolo,1.395,1.23,35.216,40.877,22.25,6,{'car': 6}
609,yolo,1.523,1.259,36.386,42.609,22.3,7,{'car': 7}
610,yolo,1.368,1.275,35.105,41.908,22.57,8,{'car': 8}
611,yolo,1.677,1.728,38.265,45.557,22.6,7,{'car': 7}
612,yolo,2.101,1.19,37.915,44.553,22.69,8,{'car': 8}
613,yolo,1.335,1.85,34.949,42.62,22.8,8,{'car': 8}
614,yolo,1.326,2.031,37.309,46.267,22.76,6,{'car': 6}
615,yolo,1.927,2.109,43.865,51.438,22.68,5,{'car': 5}
616,yolo,1.655,2.582,34.196,42.683,22.72,7,{'car': 7}
617,yolo,1.319,2.262,40.981,48.629,22.67,6,{'car': 6}
618,yolo,1.909,1.821,36.051,45.41,22.67,7,{'car': 7}
619,yolo,2.41,1.794,40.969,49.446,22.57,7,{'car': 7}
620,yolo,1.417,1.787,36.657,44.329,22.7,7,{'car': 7}
621,yolo,1.459,1.885,42.521,49.461,22.59,7,{'car': 7}
622,yolo,1.412,2.061,39.12,48.021,22.49,8,{'car': 8}
623,yolo,2.25,1.294,42.007,48.832,22.42,8,{'car': 8}
624,yolo,1.361,1.293,37.116,43.111,22.4,7,{'car': 7}
625,yolo,1.357,1.924,40.63,47.354,22.3,7,{'car': 7}
626,yolo,1.397,1.859,37.981,46.095,22.21,7,{'car': 7}
627,yolo,2.168,1.254,37.638,44.582,22.22,9,{'car': 9}
628,yolo,2.184,1.254,38.192,45.162,22.15,8,{'car': 8}
629,yolo,1.379,1.453,43.291,49.863,22.0,8,{'car': 8}
630,yolo,3.183,2.314,56.919,67.824,21.55,8,{'car': 8}
631,yolo,1.997,1.932,42.63,50.704,21.42,9,{'car': 9}
632,yolo,1.473,1.846,38.196,44.945,21.43,8,{'car': 8}
633,yolo,1.891,2.201,37.055,44.596,21.49,8,{'car': 8}
634,yolo,1.488,1.349,45.444,52.619,21.36,8,{'car': 8}
635,yolo,2.171,2.35,60.351,70.406,20.96,8,{'car': 8}
636,yolo,2.545,2.138,61.487,70.238,20.61,10,{'car': 10}
637,yolo,1.98,2.402,53.224,68.021,20.3,10,{'car': 10}
638,yolo,1.636,1.986,42.822,51.297,20.15,9,{'car': 9}
639,yolo,1.877,1.981,40.975,48.7,20.07,10,{'car': 10}
640,yolo,1.817,1.914,44.761,52.374,19.93,9,{'car': 9}
641,yolo,2.038,2.458,49.354,59.092,19.75,9,{'car': 9}
642,yolo,2.186,1.651,58.423,66.945,19.47,9,{'car': 9}
643,yolo,2.794,1.274,44.948,52.68,19.34,10,{'car': 10}
644,yolo,1.434,1.715,43.206,51.771,19.27,9,{'car': 9}
645,yolo,3.562,2.252,62.506,72.806,19.01,8,{'car': 8}
646,yolo,1.648,1.305,42.519,49.982,18.92,8,{'car': 8}
647,yolo,2.507,1.761,41.728,50.772,18.9,10,{'car': 10}
648,yolo,1.609,1.617,36.749,44.428,18.91,11,{'car': 11}
649,yolo,1.487,2.257,44.277,52.383,18.88,9,{'car': 9}
650,yolo,2.033,2.189,68.987,80.1,18.46,9,{'car': 9}
651,yolo,3.398,1.886,58.067,68.202,18.25,10,{'car': 10}
652,yolo,2.339,1.478,43.082,50.83,18.22,10,{'car': 10}
653,yolo,1.424,1.854,38.326,45.371,18.26,9,{'car': 9}
654,yolo,1.371,1.574,39.385,47.058,18.21,9,{'car': 9}
655,yolo,1.786,1.875,37.262,44.988,18.24,10,{'car': 10}
656,yolo,1.399,2.114,35.84,44.034,18.26,10,{'car': 10}
657,yolo,1.357,2.444,37.028,45.884,18.25,10,{'car': 10}
658,yolo,1.458,1.426,36.384,44.573,18.25,10,{'car': 10}
659,yolo,1.859,2.502,39.339,48.096,18.27,10,{'car': 10}
660,yolo,1.399,2.521,39.222,48.08,18.5,10,{'car': 10}
661,yolo,1.384,2.029,39.138,46.418,18.54,9,{'car': 9}
662,yolo,1.39,1.792,39.554,47.183,18.52,9,{'car': 9}
663,yolo,1.909,1.882,38.279,46.522,18.5,9,{'car': 9}
664,yolo,1.471,2.05,56.87,65.89,18.35,10,{'car': 10}
665,yolo,1.505,1.88,46.931,55.037,18.52,9,{'car': 9}
666,yolo,2.364,1.436,38.27,46.93,18.79,11,{'car': 11}
667,yolo,1.86,1.395,39.002,46.11,19.05,10,{'car': 10}
668,yolo,1.34,1.97,38.543,45.247,19.13,9,{'car': 9}
669,yolo,1.439,1.556,51.605,58.518,19.01,11,{'car': 11}
670,yolo,1.514,1.247,42.43,49.82,19.04,11,{'car': 11}
671,yolo,1.933,1.278,40.775,47.964,19.17,11,{'car': 11}
672,yolo,1.708,1.246,41.582,48.143,19.41,10,{'car': 10}
673,yolo,1.355,1.733,36.394,43.991,19.52,11,{'car': 11}
674,yolo,2.325,1.8,39.681,48.871,19.55,9,{'car': 9}
675,yolo,1.801,1.217,36.866,43.444,19.94,9,{'car': 9}
676,yolo,1.471,1.718,38.131,45.2,20.0,9,{'car': 9}
677,yolo,1.53,1.346,39.61,46.251,20.06,9,{'car': 9}
678,yolo,1.63,1.984,40.287,48.969,20.0,10,{'car': 10}
679,yolo,2.003,1.473,40.186,47.477,20.06,10,"{'car': 9, 'truck': 1}"
680,yolo,1.679,2.039,82.985,94.733,19.87,11,"{'car': 10, 'truck': 1}"
681,yolo,3.15,2.349,53.215,63.941,19.93,10,{'car': 10}
682,yolo,1.73,2.133,42.915,50.913,19.92,9,{'car': 9}
683,yolo,1.788,1.76,47.1,54.278,19.81,11,{'car': 11}
684,yolo,1.7,1.833,43.515,53.441,19.72,9,{'car': 9}
685,yolo,2.077,1.339,50.318,58.176,19.56,11,{'car': 11}
686,yolo,1.949,1.413,50.039,57.703,19.38,9,{'car': 9}
687,yolo,2.302,2.31,48.704,58.451,19.23,8,{'car': 8}
688,yolo,1.787,1.703,44.348,53.952,19.11,11,{'car': 11}
689,yolo,2.16,1.814,46.853,55.525,19.02,9,{'car': 9}
690,yolo,1.807,1.172,44.983,51.568,18.98,11,{'car': 11}
691,yolo,1.786,1.276,45.736,52.819,18.9,11,"{'car': 10, 'person': 1}"
692,yolo,2.202,1.697,46.376,57.323,18.78,9,{'car': 9}
693,yolo,2.289,1.366,46.208,54.258,18.69,11,{'car': 11}
694,yolo,1.729,1.852,44.598,52.057,18.85,11,"{'car': 10, 'person': 1}"
695,yolo,2.157,1.082,61.777,68.466,18.7,10,{'car': 10}
696,yolo,1.707,1.867,43.016,52.607,18.63,12,"{'car': 11, 'person': 1}"
697,yolo,2.138,2.221,42.661,51.325,18.57,10,{'car': 10}
698,yolo,2.539,2.198,52.757,62.404,18.38,11,"{'car': 10, 'person': 1}"
699,yolo,1.785,2.37,54.79,64.333,18.31,11,{'car': 11}
700,yolo,2.83,1.545,61.514,71.898,18.07,11,{'car': 11}
701,yolo,3.113,1.089,48.38,56.297,17.98,11,{'car': 11}
702,yolo,2.019,1.091,43.344,49.935,17.96,10,{'car': 10}
703,yolo,1.765,1.084,41.859,48.094,17.91,11,{'car': 11}
704,yolo,2.093,1.081,46.857,54.963,17.85,9,{'car': 9}
705,yolo,2.282,1.256,43.87,51.124,17.77,9,{'car': 9}
706,yolo,1.89,1.703,42.693,49.852,17.72,11,{'car': 11}
707,yolo,1.603,1.126,44.494,50.576,17.67,10,{'car': 10}
708,yolo,1.751,1.845,44.303,55.117,17.61,10,{'car': 10}
709,yolo,2.446,1.767,42.947,51.021,17.57,10,{'car': 10}
710,yolo,1.628,1.088,44.315,50.416,18.04,10,{'car': 10}
711,yolo,1.749,2.02,48.785,56.46,18.12,10,{'car': 10}
712,yolo,1.736,1.909,44.401,55.735,18.07,10,{'car': 10}
713,yolo,2.342,1.693,46.063,54.439,18.07,11,{'car': 11}
714,yolo,2.012,1.948,44.736,52.35,18.08,9,{'car': 9}
715,yolo,1.775,1.831,43.735,50.771,18.16,9,{'car': 9}
716,yolo,1.572,1.967,42.408,53.111,18.21,9,{'car': 9}
717,yolo,2.075,1.207,41.934,49.291,18.31,11,{'car': 11}
718,yolo,1.959,1.225,42.32,49.355,18.37,10,{'car': 10}
719,yolo,1.787,1.302,42.377,49.416,18.43,11,{'car': 11}
720,yolo,1.59,1.247,43.73,52.053,18.43,10,{'car': 10}
721,yolo,2.222,2.213,53.64,61.998,18.33,11,{'car': 11}
722,yolo,2.362,2.265,46.331,54.83,18.35,11,{'car': 11}
723,yolo,2.675,1.208,41.805,49.545,18.41,12,{'car': 12}
724,yolo,1.751,1.73,45.202,54.038,18.38,11,{'car': 11}
725,yolo,1.924,2.345,63.493,72.493,18.34,9,{'car': 9}
726,yolo,3.25,1.641,77.628,88.586,17.94,10,{'car': 10}
727,yolo,3.839,1.289,63.031,71.924,17.73,9,{'car': 9}
728,yolo,1.792,1.274,43.24,50.498,17.85,10,{'car': 10}
729,yolo,1.865,1.993,49.661,57.235,17.93,9,{'car': 9}
730,yolo,1.853,1.153,44.172,51.985,18.14,9,{'car': 9}
731,yolo,2.495,1.262,42.176,49.577,18.22,9,{'car': 9}
732,yolo,1.747,1.756,45.928,52.607,18.19,9,{'car': 9}
733,yolo,1.732,1.763,44.397,51.265,18.15,9,{'car': 9}
734,yolo,1.613,1.17,42.682,51.134,18.2,10,{'car': 10}
735,yolo,2.579,2.183,46.507,55.514,18.15,9,{'car': 9}
736,yolo,2.063,1.764,48.916,56.573,18.07,9,{'car': 9}
737,yolo,1.968,1.206,44.667,51.699,18.06,9,{'car': 9}
738,yolo,3.12,1.303,52.645,62.462,17.98,11,{'car': 11}
739,yolo,3.19,1.217,45.878,54.016,17.95,9,{'car': 9}
740,yolo,1.691,1.851,47.282,54.218,17.91,8,{'car': 8}
741,yolo,2.783,1.894,50.646,59.513,17.88,8,{'car': 8}
742,yolo,1.919,1.108,47.275,55.695,17.88,10,"{'car': 9, 'truck': 1}"
743,yolo,2.386,1.853,58.19,66.566,17.75,9,"{'car': 8, 'truck': 1}"
744,yolo,1.969,1.369,46.328,53.47,17.74,8,"{'car': 7, 'truck': 1}"
745,yolo,1.873,1.859,44.724,52.19,17.72,9,"{'car': 8, 'truck': 1}"
746,yolo,2.289,1.312,45.326,53.259,17.72,8,{'car': 8}
747,yolo,3.143,1.453,64.482,73.263,17.47,8,{'car': 8}
748,yolo,2.538,1.109,46.511,53.501,17.43,8,{'car': 8}
749,yolo,1.643,1.816,46.213,53.285,17.39,7,{'car': 7}
750,yolo,1.882,1.541,48.598,56.915,17.34,7,{'car': 7}
751,yolo,2.241,2.058,50.478,60.095,17.36,10,"{'car': 9, 'truck': 1}"
752,yolo,2.184,2.405,74.345,84.06,17.07,10,"{'car': 9, 'truck': 1}"
753,yolo,3.358,2.062,67.164,77.981,16.8,10,"{'car': 9, 'truck': 1}"
754,yolo,2.56,1.855,57.377,67.859,16.67,9,"{'car': 8, 'truck': 1}"
755,yolo,2.923,1.466,48.127,56.271,16.82,10,"{'car': 9, 'truck': 1}"
756,yolo,2.207,1.749,47.044,55.662,17.14,8,"{'car': 7, 'truck': 1}"
757,yolo,1.957,1.288,50.973,57.82,17.28,7,{'car': 7}
758,yolo,2.611,1.898,50.976,61.801,17.17,8,{'car': 8}
759,yolo,2.533,1.74,45.158,53.993,17.2,7,{'car': 7}
760,yolo,1.96,1.573,49.988,57.886,17.14,7,"{'car': 6, 'truck': 1}"
761,yolo,1.95,1.551,43.216,51.08,17.13,9,"{'car': 8, 'truck': 1}"
762,yolo,1.994,1.791,52.296,60.707,17.05,8,"{'car': 7, 'truck': 1}"
763,yolo,2.564,1.398,50.564,58.531,16.98,8,"{'car': 7, 'truck': 1}"
764,yolo,1.964,1.629,44.636,53.0,16.96,9,"{'car': 8, 'truck': 1}"
765,yolo,2.326,1.401,49.507,57.287,16.94,10,"{'car': 9, 'truck': 1}"
766,yolo,1.913,1.76,47.601,58.558,16.92,10,"{'car': 9, 'truck': 1}"
767,yolo,2.166,1.08,46.528,53.161,16.91,10,"{'car': 9, 'truck': 1}"
768,yolo,1.866,1.233,49.483,56.225,16.97,10,"{'car': 9, 'truck': 1}"
769,yolo,2.968,1.745,48.009,56.919,16.94,9,"{'car': 8, 'truck': 1}"
770,yolo,1.668,1.123,41.025,48.147,17.0,9,"{'car': 7, 'truck': 2}"
771,yolo,4.514,1.313,75.664,85.074,16.76,8,"{'car': 7, 'truck': 1}"
772,yolo,5.591,1.379,62.615,73.813,16.59,8,"{'car': 6, 'truck': 2}"
773,yolo,1.714,2.251,46.368,54.511,16.7,7,"{'car': 6, 'truck': 1}"
774,yolo,1.884,1.335,47.589,55.878,16.68,6,"{'car': 5, 'truck': 1}"
775,yolo,2.451,1.517,45.948,53.954,16.66,6,"{'car': 5, 'truck': 1}"
776,yolo,1.901,2.089,48.848,57.841,16.62,7,"{'car': 6, 'truck': 1}"
777,yolo,3.182,1.843,56.132,64.648,16.7,6,"{'car': 5, 'truck': 1}"
778,yolo,2.044,1.814,49.947,61.818,16.62,6,"{'car': 5, 'truck': 1}"
779,yolo,2.33,1.569,45.835,53.731,16.62,6,"{'car': 5, 'truck': 1}"
780,yolo,1.82,1.342,42.077,49.19,16.69,8,"{'car': 7, 'truck': 1}"
781,yolo,2.037,2.525,49.069,58.88,16.7,9,"{'car': 8, 'truck': 1}"
782,yolo,1.692,2.197,43.143,55.077,16.97,9,"{'car': 8, 'truck': 1}"
783,yolo,2.46,1.495,46.234,54.163,17.21,9,{'car': 9}
784,yolo,1.762,1.984,47.833,55.722,17.33,10,"{'car': 9, 'truck': 1}"
785,yolo,1.843,2.544,46.538,56.389,17.33,9,"{'car': 8, 'truck': 1}"
786,yolo,1.746,2.233,47.034,57.043,17.31,9,"{'car': 8, 'truck': 1}"
787,yolo,1.971,1.842,49.844,57.843,17.31,9,{'car': 9}
788,yolo,2.343,1.87,50.311,58.321,17.35,10,"{'car': 9, 'truck': 1}"
789,yolo,1.691,1.829,47.635,54.951,17.34,9,"{'car': 8, 'truck': 1}"
790,yolo,2.641,1.825,46.291,56.198,17.35,9,"{'car': 8, 'truck': 1}"
791,yolo,2.094,1.185,54.413,61.355,17.25,11,"{'car': 9, 'truck': 1, 'person': 1}"
792,yolo,2.005,1.396,50.54,58.481,17.27,10,"{'car': 9, 'person': 1}"
793,yolo,2.361,1.833,45.883,54.533,17.31,12,"{'car': 11, 'person': 1}"
794,yolo,1.955,1.999,51.069,60.39,17.24,11,"{'car': 10, 'person': 1}"
795,yolo,3.508,2.298,72.052,83.894,16.98,11,"{'car': 9, 'person': 1, 'truck': 1}"
796,yolo,3.123,2.172,60.065,69.396,16.88,9,"{'car': 8, 'person': 1}"
797,yolo,1.974,2.013,55.892,64.188,16.77,9,"{'car': 8, 'person': 1}"
798,yolo,2.332,1.805,50.627,59.89,16.74,10,"{'car': 8, 'person': 1, 'fire hydrant': 1}"
799,yolo,3.258,2.523,76.095,86.242,16.47,9,"{'car': 8, 'person': 1}"
800,yolo,2.935,2.091,58.439,68.906,16.28,9,"{'car': 8, 'person': 1}"
801,yolo,2.746,1.512,57.135,66.522,16.45,10,"{'car': 8, 'person': 1, 'fire hydrant': 1}"
802,yolo,2.578,1.882,50.532,59.884,16.58,9,"{'car': 8, 'person': 1}"
803,yolo,1.958,2.05,50.242,61.536,16.51,10,"{'car': 8, 'person': 1, 'fire hydrant': 1}"
804,yolo,2.898,1.143,43.418,51.485,16.55,11,"{'car': 9, 'person': 1, 'fire hydrant': 1}"
805,yolo,1.948,1.582,49.484,57.471,16.52,10,"{'car': 8, 'person': 1, 'fire hydrant': 1}"
806,yolo,2.261,1.94,54.188,63.74,16.47,12,"{'car': 10, 'fire hydrant': 1, 'person': 1}"
807,yolo,2.778,2.471,46.032,57.301,16.53,11,"{'car': 9, 'person': 1, 'fire hydrant': 1}"
808,yolo,2.573,2.253,46.911,56.446,16.58,11,"{'car': 9, 'fire hydrant': 1, 'person': 1}"
809,yolo,1.729,1.403,48.263,54.81,16.57,9,"{'car': 7, 'fire hydrant': 1, 'person': 1}"
810,yolo,1.937,2.235,49.99,58.1,16.49,9,"{'car': 7, 'fire hydrant': 1, 'person': 1}"
811,yolo,2.308,1.864,48.13,61.776,16.46,9,"{'car': 7, 'fire hydrant': 1, 'person': 1}"
812,yolo,2.704,1.788,63.436,72.544,16.31,9,"{'car': 7, 'fire hydrant': 1, 'person': 1}"
813,yolo,3.108,1.72,52.371,63.631,16.23,9,"{'car': 7, 'fire hydrant': 1, 'person': 1}"
814,yolo,3.999,1.631,70.15,80.984,16.01,10,"{'car': 8, 'fire hydrant': 1, 'person': 1}"
815,yolo,2.41,1.302,45.439,53.036,16.04,10,"{'car': 8, 'fire hydrant': 1, 'person': 1}"
816,yolo,2.431,2.088,66.046,75.967,15.87,10,"{'car': 8, 'fire hydrant': 1, 'person': 1}"
817,yolo,2.7,1.34,59.44,69.629,15.78,8,"{'car': 7, 'fire hydrant': 1}"
818,yolo,2.44,1.647,49.818,58.371,15.78,9,"{'car': 8, 'fire hydrant': 1}"
819,yolo,2.16,1.884,54.037,62.618,15.71,8,"{'car': 7, 'fire hydrant': 1}"
820,yolo,2.182,1.993,71.092,80.062,15.52,8,"{'car': 7, 'fire hydrant': 1}"
821,yolo,3.102,2.413,61.667,73.046,15.43,8,"{'fire hydrant': 1, 'car': 7}"
822,yolo,2.296,1.525,53.507,60.9,15.41,8,"{'fire hydrant': 1, 'car': 7}"
823,yolo,2.543,2.2,49.094,57.439,15.38,8,"{'car': 7, 'fire hydrant': 1}"
824,yolo,2.357,1.917,50.216,59.072,15.39,8,"{'fire hydrant': 1, 'car': 7}"
825,yolo,2.179,2.197,58.341,70.155,15.5,8,"{'car': 7, 'fire hydrant': 1}"
826,yolo,2.752,2.515,53.493,62.598,15.56,8,{'car': 8}
827,yolo,2.619,1.775,54.991,63.998,15.56,7,{'car': 7}
828,yolo,2.611,1.421,53.925,61.549,15.55,9,{'car': 9}
829,yolo,2.664,1.637,51.892,63.397,15.73,9,{'car': 9}
830,yolo,2.602,2.016,50.655,59.046,15.81,9,{'car': 9}
831,yolo,2.85,1.601,49.531,58.284,15.88,10,{'car': 10}
832,yolo,2.392,1.754,52.504,61.543,15.87,10,{'car': 10}
833,yolo,3.371,2.212,75.108,86.605,15.66,9,{'car': 9}
834,yolo,2.915,1.381,51.253,59.46,15.6,8,{'car': 8}
835,yolo,2.383,1.918,47.177,56.145,15.61,10,{'car': 10}
836,yolo,2.479,2.112,46.899,56.335,15.67,11,{'car': 11}
837,yolo,1.953,2.739,56.866,69.012,15.57,12,{'car': 12}
838,yolo,3.968,1.496,56.431,66.28,15.49,10,{'car': 10}
839,yolo,2.273,2.054,48.053,56.215,15.48,10,{'car': 10}
840,yolo,2.592,1.262,49.542,57.228,15.49,10,{'car': 10}
841,yolo,1.937,1.301,50.677,59.504,15.51,10,{'car': 10}
842,yolo,3.43,2.227,53.437,63.112,15.58,10,{'car': 10}
843,yolo,1.873,2.241,49.291,58.782,15.62,9,{'car': 9}
844,yolo,1.773,1.416,46.447,54.15,15.84,11,{'car': 11}
845,yolo,2.276,2.04,53.311,63.132,15.76,10,{'car': 10}
846,yolo,2.836,2.407,57.838,67.751,15.83,10,{'car': 10}
847,yolo,2.448,2.323,51.435,61.005,15.9,10,{'car': 10}
848,yolo,1.752,2.054,50.173,57.979,15.9,10,{'car': 10}
849,yolo,1.818,2.363,49.773,59.232,15.93,9,{'car': 9}
850,yolo,2.309,1.681,50.04,57.451,16.13,10,{'car': 10}
851,yolo,1.871,1.881,47.471,56.048,16.27,10,{'car': 10}
852,yolo,1.814,1.895,52.465,59.912,16.28,11,{'car': 11}
853,yolo,2.376,1.47,47.402,57.557,16.28,9,{'car': 9}
854,yolo,2.421,1.728,43.724,52.352,16.34,9,{'car': 9}
855,yolo,1.657,1.818,44.697,51.537,16.51,8,{'car': 8}
856,yolo,1.662,1.135,45.785,51.9,16.61,9,{'car': 9}
857,yolo,1.687,2.154,45.689,56.102,16.68,8,{'car': 8}
858,yolo,2.345,2.059,43.552,52.949,16.76,8,{'car': 8}
859,yolo,2.61,1.811,46.622,54.473,16.84,7,{'car': 7}
860,yolo,3.754,1.989,58.978,68.263,16.76,7,{'car': 7}
861,yolo,2.616,1.101,42.9,51.126,16.82,7,{'car': 7}
862,yolo,1.998,1.108,43.41,49.658,16.94,8,{'car': 8}
863,yolo,2.205,2.173,48.093,56.936,17.23,8,{'car': 8}
864,yolo,1.843,2.039,47.08,55.014,17.27,7,{'car': 7}
865,yolo,4.273,2.115,71.639,86.192,16.98,8,{'car': 8}
866,yolo,3.234,1.807,56.613,66.879,16.88,8,{'car': 8}
867,yolo,1.736,1.5,42.521,50.111,17.06,8,{'car': 8}
868,yolo,1.777,2.082,46.712,54.766,17.17,7,{'car': 7}
869,yolo,1.906,1.313,41.703,49.699,17.23,7,{'car': 7}
870,yolo,2.758,2.173,49.067,58.173,17.22,7,{'car': 7}
871,yolo,1.706,2.246,47.211,55.508,17.26,7,{'car': 7}
872,yolo,1.848,1.209,44.229,50.47,17.39,7,{'car': 7}
873,yolo,1.915,1.352,44.68,53.498,17.44,7,{'car': 7}
874,yolo,2.828,1.955,58.316,67.881,17.31,7,{'car': 7}
875,yolo,2.433,1.718,66.077,73.76,17.2,7,{'car': 7}
876,yolo,2.161,2.041,47.618,55.737,17.32,6,{'car': 6}
877,yolo,2.437,1.339,61.459,70.883,17.22,7,{'car': 7}
878,yolo,3.696,2.389,63.992,74.848,17.06,6,{'car': 6}
879,yolo,2.326,1.5,47.416,55.024,17.1,6,{'car': 6}
880,yolo,2.229,1.569,44.08,52.016,17.15,6,{'car': 6}
881,yolo,2.308,1.78,45.324,54.64,17.16,6,{'car': 6}
882,yolo,2.02,1.926,46.32,53.63,17.23,6,{'car': 6}
883,yolo,1.733,1.377,43.384,50.373,17.3,6,{'car': 6}
884,yolo,1.822,1.313,49.213,56.189,17.26,6,{'car': 6}
885,yolo,2.102,1.931,46.422,56.265,17.21,6,{'car': 6}
886,yolo,2.228,1.142,51.737,58.428,17.15,6,{'car': 6}
887,yolo,1.62,1.752,45.263,51.933,17.19,6,{'car': 6}
888,yolo,2.95,1.572,63.967,72.317,17.0,6,{'car': 6}
889,yolo,1.754,1.349,46.628,55.146,16.99,6,{'car': 6}
890,yolo,2.105,2.09,51.048,59.27,17.08,6,{'car': 6}
891,yolo,5.608,1.593,50.404,61.094,16.98,6,{'car': 6}
892,yolo,1.589,1.384,59.29,65.52,16.83,6,{'car': 6}
893,yolo,3.279,1.96,70.75,80.434,16.61,6,{'car': 6}
894,yolo,2.875,2.415,55.521,65.263,16.52,6,{'car': 6}
895,yolo,1.91,1.832,43.29,51.519,16.84,6,{'car': 6}
896,yolo,1.82,1.131,44.884,51.015,16.99,5,{'car': 5}
897,yolo,1.732,1.4,45.678,53.38,16.96,5,{'car': 5}
898,yolo,2.161,1.813,47.41,54.963,16.96,6,{'car': 6}
899,yolo,1.804,1.123,46.299,52.109,16.94,4,{'car': 4}
900,yolo,1.835,1.787,46.038,53.005,16.99,5,{'car': 5}
901,yolo,1.753,1.305,61.738,69.957,16.85,5,{'car': 5}
902,yolo,2.378,1.117,49.228,55.92,16.8,6,{'car': 6}
903,yolo,2.831,1.671,49.076,57.808,16.76,6,{'car': 6}
904,yolo,2.04,2.175,50.637,58.95,16.84,6,{'car': 6}
905,yolo,1.905,1.977,55.919,66.329,16.91,6,{'car': 6}
906,yolo,3.292,2.337,61.012,70.185,16.77,5,{'car': 5}
907,yolo,3.353,2.113,66.708,76.464,16.72,5,{'car': 5}
908,yolo,2.13,2.046,53.39,62.106,16.84,5,{'car': 5}
909,yolo,2.392,1.742,52.657,62.659,16.77,5,{'car': 5}
910,yolo,3.51,1.947,62.307,72.048,16.58,5,{'car': 5}
911,yolo,3.121,2.347,61.24,71.466,16.43,5,{'car': 5}
912,yolo,3.036,1.567,53.422,62.194,16.35,5,{'car': 5}
913,yolo,3.316,1.595,51.639,62.499,16.25,6,{'car': 6}
914,yolo,3.557,2.253,72.292,82.98,16.02,6,{'car': 6}
915,yolo,3.204,2.131,61.493,71.849,15.88,6,{'car': 6}
916,yolo,3.483,2.232,61.262,72.352,15.77,6,{'car': 6}
917,yolo,2.788,2.351,80.008,91.784,15.44,6,{'car': 6}
918,yolo,2.927,1.339,49.728,57.639,15.56,6,{'car': 6}
919,yolo,2.13,1.526,47.056,54.627,15.57,4,{'car': 4}
920,yolo,2.391,1.751,48.185,56.328,15.59,3,{'car': 3}
921,yolo,2.606,2.16,51.406,63.455,15.57,3,{'car': 3}
922,yolo,2.646,1.605,55.898,63.74,15.58,3,{'car': 3}
923,yolo,2.294,2.059,54.565,62.503,15.73,3,{'car': 3}
924,yolo,2.227,1.45,53.074,60.323,15.77,3,{'car': 3}
925,yolo,2.28,2.265,52.613,63.508,15.67,3,{'car': 3}
926,yolo,2.631,1.929,55.746,63.68,15.57,3,{'car': 3}
927,yolo,2.589,1.878,56.472,64.644,15.48,3,{'car': 3}
928,yolo,3.056,2.111,66.901,76.348,15.31,3,{'car': 3}
929,yolo,3.404,2.166,66.044,78.234,15.11,3,{'car': 3}
930,yolo,3.59,2.378,65.134,75.651,14.94,3,{'car': 3}
931,yolo,3.078,2.401,58.982,69.28,14.94,3,{'car': 3}
932,yolo,4.2,3.249,93.952,110.138,14.55,3,{'car': 3}
933,yolo,6.905,3.244,113.251,131.364,14.05,3,{'car': 3}
934,yolo,4.758,1.98,92.652,106.512,13.74,3,{'car': 3}
935,yolo,4.773,2.474,76.791,88.734,13.6,4,{'car': 4}
936,yolo,2.534,1.664,66.971,76.731,13.56,10,"{'car': 8, 'truck': 2}"
937,yolo,2.789,3.42,91.527,108.303,13.37,10,"{'car': 7, 'person': 1, 'truck': 2}"
938,yolo,6.729,3.444,119.703,137.827,12.93,9,"{'car': 7, 'truck': 2}"
939,yolo,3.823,3.051,91.707,107.412,12.69,10,"{'car': 7, 'person': 1, 'truck': 2}"
940,yolo,4.616,2.905,80.095,94.092,12.57,9,"{'car': 6, 'person': 1, 'truck': 2}"
941,yolo,3.891,1.896,78.47,92.783,12.46,9,"{'car': 6, 'person': 1, 'truck': 2}"
942,yolo,4.058,2.121,75.759,88.099,12.33,11,"{'car': 8, 'person': 1, 'truck': 2}"
943,yolo,3.905,2.428,72.639,88.159,12.2,9,"{'car': 7, 'person': 1, 'truck': 1}"
944,yolo,4.423,2.956,81.512,96.975,12.13,10,"{'car': 7, 'person': 1, 'truck': 2}"
945,yolo,2.864,2.477,78.405,92.611,12.03,11,"{'car': 8, 'person': 1, 'truck': 2}"
946,yolo,2.668,1.649,40.49,48.895,12.14,8,"{'car': 5, 'truck': 2, 'person': 1}"
947,yolo,1.824,2.128,56.28,64.581,12.28,11,"{'car': 8, 'truck': 2, 'person': 1}"
948,yolo,2.723,1.815,55.915,66.365,12.24,12,"{'car': 9, 'truck': 2, 'person': 1}"
949,yolo,1.808,1.633,42.55,52.489,12.25,11,"{'car': 9, 'truck': 2}"
950,yolo,1.722,1.811,39.386,47.607,12.29,10,"{'car': 8, 'truck': 2}"
951,yolo,2.275,2.022,72.668,81.898,12.2,9,"{'car': 7, 'truck': 2}"
952,yolo,1.947,1.543,41.598,48.53,12.27,10,"{'car': 8, 'truck': 2}"
953,yolo,1.45,1.213,38.231,50.333,12.33,11,"{'car': 9, 'truck': 2}"
954,yolo,1.835,1.329,40.21,47.254,12.4,10,"{'car': 8, 'truck': 2}"
955,yolo,1.97,1.799,43.466,52.067,12.46,10,"{'car': 9, 'truck': 1}"
956,yolo,1.965,1.077,41.292,47.977,12.54,9,"{'car': 8, 'truck': 1}"
957,yolo,1.741,1.629,41.98,50.427,12.62,9,"{'car': 8, 'truck': 1}"
958,yolo,1.972,1.066,37.499,43.702,12.79,9,"{'car': 8, 'truck': 1}"
959,yolo,1.701,1.709,39.499,47.32,12.96,10,"{'car': 9, 'truck': 1}"
960,yolo,1.7,1.701,35.899,43.853,13.14,9,"{'car': 8, 'truck': 1}"
961,yolo,1.962,1.799,41.678,53.002,13.24,10,"{'car': 9, 'truck': 1}"
962,yolo,2.451,1.433,44.543,54.168,13.57,10,"{'car': 9, 'truck': 1}"
963,yolo,1.808,1.911,40.457,48.602,14.1,10,"{'car': 9, 'truck': 1}"
964,yolo,2.089,1.734,39.184,47.446,14.51,10,"{'car': 9, 'truck': 1}"
965,yolo,2.326,1.543,40.744,50.579,14.78,11,"{'car': 9, 'truck': 2}"
966,yolo,2.193,2.315,49.081,61.59,14.89,13,"{'car': 11, 'truck': 2}"
967,yolo,3.289,1.795,89.731,101.181,14.94,11,"{'car': 9, 'truck': 2}"
968,yolo,3.995,2.28,73.046,85.909,15.34,11,"{'car': 9, 'truck': 2}"
969,yolo,3.166,1.593,65.542,76.587,15.58,10,"{'car': 9, 'truck': 1}"
970,yolo,3.091,2.184,56.627,66.955,15.81,10,"{'car': 9, 'truck': 1}"
971,yolo,2.578,1.871,50.448,60.703,16.08,10,"{'car': 9, 'truck': 1}"
972,yolo,2.665,2.418,50.336,60.761,16.32,10,"{'car': 9, 'truck': 1}"
973,yolo,1.96,1.638,55.46,65.698,16.52,10,"{'car': 9, 'truck': 1}"
974,yolo,3.402,1.577,60.395,70.474,16.76,11,"{'car': 10, 'truck': 1}"
975,yolo,2.171,2.324,60.684,72.214,16.96,11,"{'car': 10, 'truck': 1}"
976,yolo,2.775,1.526,62.404,72.792,16.73,10,"{'car': 9, 'truck': 1}"
977,yolo,2.299,1.954,55.369,66.999,16.71,9,"{'car': 8, 'truck': 1}"
978,yolo,2.757,2.907,52.163,64.663,16.72,10,"{'car': 9, 'truck': 1}"
979,yolo,2.394,1.766,46.979,56.52,16.69,10,"{'car': 8, 'truck': 2}"
980,yolo,2.291,1.528,50.347,59.175,16.58,10,"{'car': 9, 'truck': 1}"
981,yolo,2.062,1.567,45.25,55.019,16.83,10,"{'car': 9, 'truck': 1}"
982,yolo,2.675,1.738,46.012,55.804,16.76,11,"{'car': 9, 'truck': 2}"
983,yolo,2.163,1.984,45.414,54.863,16.72,10,"{'car': 8, 'truck': 2}"
984,yolo,2.065,1.783,52.333,66.86,16.54,10,"{'car': 8, 'truck': 2}"
985,yolo,1.906,1.813,48.163,58.745,16.48,9,"{'car': 8, 'truck': 1}"
986,yolo,2.641,2.285,50.551,60.784,16.36,10,"{'car': 8, 'truck': 2}"
987,yolo,2.033,2.269,44.762,54.212,16.33,11,"{'car': 9, 'truck': 2}"
988,yolo,2.28,2.406,58.109,68.611,16.11,9,"{'car': 8, 'truck': 1}"
989,yolo,2.67,1.844,45.369,56.629,16.03,9,"{'car': 8, 'truck': 1}"
990,yolo,2.947,1.701,50.016,60.122,15.89,10,"{'car': 9, 'truck': 1}"
991,yolo,2.448,2.202,45.239,55.436,15.87,9,"{'car': 8, 'truck': 1}"
992,yolo,1.837,2.071,44.177,53.484,15.88,10,"{'car': 8, 'truck': 2}"
993,yolo,1.957,1.704,42.368,52.884,15.84,10,"{'car': 8, 'truck': 2}"
994,yolo,2.521,1.619,47.149,56.404,15.77,11,"{'car': 9, 'truck': 2}"
995,yolo,2.381,2.625,45.083,54.923,15.73,11,"{'car': 9, 'truck': 2}"
996,yolo,1.844,1.901,44.828,54.399,15.79,11,"{'car': 9, 'truck': 2}"
997,yolo,1.9,2.444,47.545,59.06,16.15,12,"{'car': 9, 'truck': 3}"
998,yolo,2.308,2.273,43.867,53.628,16.43,12,"{'car': 9, 'truck': 3}"
999,yolo,1.947,1.665,44.16,53.141,16.65,12,"{'car': 9, 'truck': 3}"
1000,yolo,1.955,1.666,45.718,54.512,16.76,12,"{'car': 9, 'truck': 3}"
1001,yolo,2.117,2.42,47.757,60.142,16.77,12,"{'car': 9, 'truck': 3}"
1002,yolo,2.402,1.436,45.323,53.897,16.83,11,"{'car': 8, 'truck': 3}"
1003,yolo,1.816,1.527,40.726,48.929,16.99,11,"{'car': 8, 'truck': 3}"
1004,yolo,1.807,2.343,44.639,54.366,17.15,12,"{'car': 9, 'truck': 3}"
1005,yolo,1.749,2.192,42.544,52.512,17.35,12,"{'car': 9, 'truck': 3}"
1006,yolo,2.326,1.544,43.674,53.066,17.55,11,"{'car': 8, 'truck': 3}"
1007,yolo,1.859,2.079,45.454,54.967,17.67,11,"{'car': 8, 'truck': 3}"
1008,yolo,2.001,1.545,40.12,48.661,17.84,11,"{'car': 8, 'truck': 3}"
1009,yolo,1.867,1.456,44.651,53.601,17.87,11,"{'car': 8, 'truck': 3}"
1010,yolo,2.794,1.444,43.71,53.093,17.93,12,"{'car': 9, 'truck': 3}"
1011,yolo,2.053,1.451,43.443,51.274,17.97,11,"{'car': 8, 'truck': 3}"
1012,yolo,1.897,1.732,45.134,53.915,18.0,11,"{'car': 8, 'truck': 3}"
1013,yolo,2.26,2.249,45.303,57.73,17.96,13,"{'car': 10, 'truck': 3}"
1014,yolo,2.493,2.437,49.717,60.635,18.03,13,"{'car': 10, 'truck': 3}"
1015,yolo,2.139,2.908,49.248,60.359,18.01,13,"{'car': 11, 'truck': 2}"
1016,yolo,1.893,1.906,43.953,53.24,18.1,12,"{'car': 10, 'truck': 2}"
1017,yolo,2.131,1.613,46.223,57.102,18.06,15,"{'car': 12, 'truck': 3}"
1018,yolo,2.564,2.257,44.254,55.579,18.21,16,"{'car': 13, 'truck': 3}"
1019,yolo,2.144,2.534,43.949,54.697,18.23,14,"{'car': 11, 'truck': 3}"
1020,yolo,2.076,1.4,44.345,52.249,18.32,13,"{'car': 10, 'truck': 3}"
1021,yolo,2.799,1.61,42.794,53.942,18.33,13,"{'car': 10, 'truck': 3}"
1022,yolo,2.409,1.514,44.702,53.865,18.33,12,"{'car': 9, 'truck': 3}"
1023,yolo,1.904,1.356,38.583,46.167,18.4,10,"{'car': 8, 'truck': 2}"
1024,yolo,1.764,1.518,43.157,51.313,18.46,10,"{'car': 8, 'truck': 2}"
1025,yolo,1.844,1.56,42.612,52.266,18.49,11,"{'car': 9, 'truck': 2}"
1026,yolo,2.29,2.053,43.219,52.846,18.51,11,"{'car': 9, 'truck': 2}"
1027,yolo,1.825,1.556,38.813,46.956,18.65,11,"{'car': 9, 'truck': 2}"
1028,yolo,1.891,1.68,40.22,49.236,18.7,11,"{'car': 8, 'truck': 2, 'person': 1}"
1029,yolo,1.637,1.4,38.632,47.766,18.76,11,"{'car': 8, 'truck': 2, 'person': 1}"
1030,yolo,2.181,2.138,42.952,53.139,18.78,12,"{'car': 9, 'truck': 2, 'person': 1}"
1031,yolo,2.075,1.557,41.867,50.449,18.89,11,"{'car': 9, 'truck': 2}"
1032,yolo,1.931,1.406,44.062,52.508,18.91,11,"{'car': 8, 'truck': 2, 'person': 1}"
1033,yolo,1.805,1.696,42.426,52.118,18.87,8,{'car': 8}
1034,yolo,2.224,1.506,40.543,48.86,18.94,8,{'car': 8}
1035,yolo,1.698,1.612,39.784,47.566,19.0,9,{'car': 9}
1036,yolo,1.755,1.376,38.46,45.231,19.09,8,{'car': 8}
1037,yolo,1.739,1.496,43.168,52.115,19.13,10,"{'car': 9, 'truck': 1}"
1038,yolo,2.566,1.618,44.812,53.698,19.07,9,"{'car': 8, 'truck': 1}"
1039,yolo,1.726,1.558,44.455,52.153,19.08,8,{'car': 8}
1040,yolo,2.069,2.798,44.585,55.316,19.06,8,{'car': 8}
1041,yolo,1.886,2.927,43.586,56.136,19.0,8,{'car': 8}
1042,yolo,2.6,1.611,43.759,52.332,19.02,8,{'car': 8}
1043,yolo,1.901,2.364,43.378,53.025,19.07,11,"{'car': 10, 'bus': 1}"
1044,yolo,1.961,1.662,43.907,52.438,19.17,10,{'car': 10}
1045,yolo,1.687,2.177,44.731,54.295,19.25,7,{'car': 7}
1046,yolo,3.086,1.595,42.761,52.333,19.26,9,"{'car': 8, 'bus': 1}"
1047,yolo,2.009,2.078,45.803,56.15,19.27,8,{'car': 8}
1048,yolo,1.945,1.905,44.651,54.366,19.29,8,{'car': 8}
1049,yolo,2.235,1.712,46.892,58.122,19.24,9,"{'car': 8, 'bus': 1}"
1050,yolo,3.195,2.496,48.284,59.969,19.15,8,{'car': 8}
1051,yolo,2.452,1.571,45.827,55.304,19.13,8,{'car': 8}
1052,yolo,2.016,2.708,45.583,55.077,19.12,9,{'car': 9}
1053,yolo,2.119,5.15,90.32,109.065,18.38,8,{'car': 8}
1054,yolo,5.398,4.983,130.238,154.652,17.29,8,{'car': 8}
1055,yolo,6.637,4.444,139.058,160.624,16.27,8,{'car': 8}
1056,yolo,4.85,4.242,114.538,135.823,15.57,8,{'car': 8}
1057,yolo,4.016,2.92,148.575,165.296,14.67,8,{'car': 8}
1058,yolo,4.594,4.102,106.975,127.525,14.13,8,{'car': 8}
1059,yolo,5.241,4.052,99.378,123.846,13.64,8,{'car': 8}
1060,yolo,6.169,2.333,108.698,123.989,13.21,8,{'car': 8}
1061,yolo,6.551,1.604,72.413,86.277,13.01,8,{'car': 8}
1062,yolo,3.011,1.983,44.584,54.411,13.0,8,{'car': 8}
1063,yolo,1.356,2.033,38.399,46.484,13.03,8,{'car': 8}
1064,yolo,1.661,2.026,42.718,51.053,13.02,7,{'car': 7}
1065,yolo,2.066,1.908,37.865,47.778,13.02,7,{'car': 7}
1066,yolo,2.086,2.047,43.053,51.67,12.98,8,{'car': 8}
1067,yolo,1.891,1.97,41.672,49.912,12.99,8,{'car': 8}
1068,yolo,1.558,2.14,41.941,50.45,13.01,7,{'car': 7}
1069,yolo,2.288,1.579,47.65,57.421,12.98,7,{'car': 7}
1070,yolo,3.07,1.439,38.392,47.989,13.02,7,{'car': 7}
1071,yolo,1.769,1.581,47.007,54.695,13.03,7,{'car': 7}
1072,yolo,2.022,1.455,41.066,48.818,13.05,9,{'car': 9}
1073,yolo,1.495,2.138,38.311,47.057,13.08,8,{'car': 8}
1074,yolo,2.179,1.458,36.537,44.257,13.13,9,{'car': 9}
1075,yolo,1.45,1.971,38.194,46.109,13.18,9,{'car': 9}
1076,yolo,2.128,1.888,34.574,42.894,13.23,10,{'car': 10}
1077,yolo,1.443,1.262,34.083,41.521,13.32,10,{'car': 10}
1078,yolo,2.141,1.476,38.747,46.487,13.37,9,{'car': 9}
1079,yolo,1.549,1.401,33.642,40.502,13.47,9,{'car': 9}
1080,yolo,1.441,1.847,34.157,41.326,13.59,9,{'car': 9}
1081,yolo,1.277,1.835,35.193,43.256,13.66,8,{'car': 8}
1082,yolo,1.859,1.932,38.381,46.809,13.71,8,{'car': 8}
1083,yolo,1.602,2.514,36.141,45.115,14.12,8,{'car': 8}
1084,yolo,1.589,1.952,38.51,46.214,14.88,8,{'car': 8}
1085,yolo,1.393,1.32,36.446,44.262,15.8,8,{'car': 8}
1086,yolo,2.06,2.033,42.299,50.776,16.54,8,{'car': 8}
1087,yolo,1.917,1.99,40.152,48.71,17.67,8,{'car': 8}
1088,yolo,1.752,1.362,40.301,47.436,18.55,8,{'car': 8}
1089,yolo,1.679,1.375,41.261,49.405,19.44,9,{'car': 9}
1090,yolo,2.08,1.515,39.478,47.802,20.45,9,{'car': 9}
1091,yolo,1.876,1.31,38.789,46.257,21.02,8,{'car': 8}
1092,yolo,1.902,2.058,43.076,52.148,21.06,8,{'car': 8}
1093,yolo,1.615,1.317,39.062,47.124,21.05,8,{'car': 8}
1094,yolo,2.277,2.802,42.658,53.658,21.01,8,{'car': 8}
1095,yolo,1.814,1.819,42.221,50.479,20.97,8,{'car': 8}
1096,yolo,1.806,2.284,40.923,49.76,21.0,9,{'car': 9}
1097,yolo,1.986,2.589,40.313,49.95,21.0,8,{'car': 8}
1098,yolo,2.538,1.967,41.812,51.021,20.99,8,{'car': 8}
1099,yolo,1.673,1.563,40.366,48.094,21.13,8,{'car': 8}
1100,yolo,1.74,2.837,40.908,49.795,21.1,9,{'car': 9}
1101,yolo,1.752,2.127,43.445,53.576,21.12,9,{'car': 9}
1102,yolo,2.28,1.353,41.631,49.305,21.11,8,{'car': 8}
1103,yolo,2.03,2.313,43.624,54.248,21.0,8,{'car': 8}
1104,yolo,1.923,2.04,44.136,52.397,20.89,8,{'car': 8}
1105,yolo,1.726,1.545,38.575,47.703,20.86,8,{'car': 8}
1106,yolo,2.312,2.339,42.95,52.523,20.72,8,{'car': 8}
1107,yolo,1.664,2.193,41.114,50.955,20.59,9,{'car': 9}
1108,yolo,1.805,2.016,37.305,46.34,20.59,9,{'car': 9}
1109,yolo,1.951,1.552,38.026,46.637,20.5,9,{'car': 9}
1110,yolo,2.314,2.902,42.532,53.009,20.34,9,{'car': 9}
1111,yolo,1.675,1.567,40.666,48.147,20.27,9,{'car': 9}
1112,yolo,1.821,1.737,40.661,49.073,20.24,9,"{'car': 8, 'truck': 1}"
1113,yolo,1.615,2.822,41.477,52.465,20.14,9,{'car': 9}
1114,yolo,2.278,1.822,38.6,47.68,20.12,9,{'car': 9}
1115,yolo,1.982,1.775,41.645,50.041,20.05,8,{'car': 8}
1116,yolo,1.62,2.241,40.499,48.968,20.07,9,{'car': 9}
1117,yolo,1.702,1.506,39.07,48.333,20.08,9,{'car': 9}
1118,yolo,1.975,1.384,40.268,48.374,20.06,9,{'car': 9}
1119,yolo,1.996,2.057,42.807,51.187,20.04,9,{'car': 9}
1120,yolo,1.761,1.767,39.857,48.158,20.03,9,{'car': 9}
1121,yolo,2.041,2.059,39.557,50.496,19.98,10,"{'car': 9, 'truck': 1}"
1122,yolo,2.044,2.854,41.538,51.078,19.99,9,{'car': 9}
1123,yolo,1.845,2.035,42.227,51.172,19.94,9,{'car': 9}
1124,yolo,1.804,2.392,41.467,50.22,19.98,10,{'car': 10}
1125,yolo,1.764,1.293,36.359,45.209,20.05,9,{'car': 9}
1126,yolo,2.167,1.802,39.341,47.761,20.08,9,{'car': 9}
1127,yolo,1.635,1.506,41.903,49.46,20.09,9,{'car': 9}
1128,yolo,1.789,2.377,41.34,49.919,20.1,9,{'car': 9}
1129,yolo,1.723,2.212,40.473,51.901,20.05,9,{'car': 9}
1130,yolo,2.24,1.529,45.809,53.972,20.0,10,{'car': 10}
1131,yolo,2.123,2.682,44.542,54.389,19.99,10,{'car': 10}
1132,yolo,1.847,1.241,40.46,47.771,20.01,10,{'car': 10}
1133,yolo,1.75,1.84,44.445,53.987,20.01,9,{'car': 9}
1134,yolo,2.128,1.159,43.056,50.494,20.03,9,{'car': 9}
1135,yolo,2.206,2.031,46.782,56.453,19.92,10,{'car': 10}
1136,yolo,1.956,1.327,39.49,46.774,19.99,9,{'car': 9}
1137,yolo,1.746,1.219,38.548,46.219,20.06,9,{'car': 9}
1138,yolo,2.137,1.248,43.641,50.8,20.0,9,{'car': 9}
1139,yolo,1.794,1.237,37.956,44.851,20.02,9,{'car': 9}
1140,yolo,1.843,1.173,40.456,46.79,20.11,9,{'car': 9}
1141,yolo,2.081,1.046,38.677,46.174,20.13,9,{'car': 9}
1142,yolo,2.168,1.697,42.566,50.713,20.11,9,{'car': 9}
1143,yolo,1.595,1.831,53.647,61.67,19.99,8,{'car': 8}
1144,yolo,2.466,1.775,41.527,50.374,19.95,8,{'car': 8}
1145,yolo,1.627,1.548,43.574,51.881,19.93,8,{'car': 8}
1146,yolo,2.171,1.249,40.923,48.148,19.94,8,{'car': 8}
1147,yolo,1.721,1.905,43.674,51.077,19.9,8,{'car': 8}
1148,yolo,1.659,1.276,41.689,48.406,19.9,8,{'car': 8}
1149,yolo,1.91,1.764,41.63,51.288,19.9,8,{'car': 8}
1150,yolo,2.432,1.47,40.783,48.815,19.89,8,{'car': 8}
1151,yolo,1.899,1.268,39.364,46.184,19.95,8,{'car': 8}
1152,yolo,1.809,1.221,39.742,46.401,20.01,8,{'car': 8}
1153,yolo,1.799,1.799,41.678,50.252,20.02,8,{'car': 8}
1154,yolo,2.101,1.969,39.124,47.332,20.06,10,"{'car': 9, 'truck': 1}"
1155,yolo,2.139,1.772,39.287,47.869,20.03,9,"{'car': 8, 'truck': 1}"
1156,yolo,1.916,1.845,38.495,46.462,20.04,9,"{'car': 8, 'truck': 1}"
1157,yolo,1.714,1.723,40.461,49.082,20.05,8,"{'car': 7, 'truck': 1}"
1158,yolo,2.255,1.038,39.379,45.951,20.1,7,{'car': 7}
1159,yolo,1.69,2.14,42.335,51.003,20.11,9,"{'car': 8, 'truck': 1}"
1160,yolo,2.029,1.443,38.702,46.591,20.21,10,"{'car': 9, 'truck': 1}"
1161,yolo,1.747,1.151,38.699,46.88,20.32,10,"{'car': 9, 'truck': 1}"
1162,yolo,2.0,1.103,39.117,46.044,20.34,10,"{'car': 9, 'truck': 1}"
1163,yolo,1.879,1.683,42.148,49.524,20.4,10,"{'car': 9, 'truck': 1}"
1164,yolo,1.837,1.348,41.074,48.25,20.43,10,"{'car': 9, 'truck': 1}"
1165,yolo,1.728,1.873,40.822,50.067,20.52,10,"{'car': 9, 'truck': 1}"
1166,yolo,2.117,1.453,38.873,46.711,20.52,10,"{'car': 9, 'truck': 1}"
1167,yolo,1.669,1.747,41.896,48.952,20.48,9,{'car': 9}
1168,yolo,1.79,1.131,38.016,44.947,20.57,9,{'car': 9}
1169,yolo,1.785,1.087,39.957,47.855,20.52,9,{'car': 9}
1170,yolo,2.849,1.104,41.325,48.665,20.5,9,{'car': 9}
1171,yolo,1.632,1.211,39.164,45.494,20.51,8,{'car': 8}
1172,yolo,1.687,1.285,40.293,46.619,20.56,8,{'car': 8}
1173,yolo,1.901,1.737,40.587,50.374,20.73,9,{'car': 9}
1174,yolo,2.199,1.042,39.421,46.257,20.78,11,"{'car': 10, 'truck': 1}"
1175,yolo,1.745,1.227,41.363,48.212,20.84,10,"{'car': 9, 'truck': 1}"
1176,yolo,2.127,1.615,40.864,49.365,20.82,10,"{'car': 9, 'truck': 1}"
1177,yolo,1.653,1.747,38.737,47.809,20.87,9,"{'car': 8, 'truck': 1}"
1178,yolo,2.219,1.062,40.856,47.306,20.88,8,{'car': 8}
1179,yolo,1.574,1.504,41.109,48.263,20.93,8,{'car': 8}
1180,yolo,1.567,1.069,38.229,44.139,21.0,8,{'car': 8}
1181,yolo,1.864,1.746,42.868,52.257,20.91,8,{'car': 8}
1182,yolo,2.221,1.772,40.011,47.614,20.89,8,{'car': 8}
1183,yolo,1.676,1.252,39.17,45.72,20.96,8,{'car': 8}
1184,yolo,1.612,1.788,41.141,48.535,20.94,9,{'car': 9}
1185,yolo,1.953,1.665,40.101,48.809,20.92,9,{'car': 9}
1186,yolo,2.093,1.301,41.777,48.976,20.89,9,{'car': 9}
1187,yolo,2.444,1.238,39.012,46.473,20.93,9,{'car': 9}
1188,yolo,1.868,1.262,40.862,47.251,20.91,8,{'car': 8}
1189,yolo,2.137,1.53,42.841,52.042,20.89,9,{'car': 9}
1190,yolo,1.972,1.381,42.577,49.86,20.84,9,{'car': 9}
1191,yolo,1.595,1.29,41.334,48.082,20.83,9,{'car': 9}
1192,yolo,2.023,1.41,39.004,52.209,20.74,9,{'car': 9}
1193,yolo,1.628,1.563,37.964,47.495,20.77,9,{'car': 9}
1194,yolo,1.957,1.118,42.466,49.191,20.75,10,{'car': 10}
1195,yolo,1.697,1.101,40.335,46.973,20.8,10,{'car': 10}
1196,yolo,1.74,1.91,42.946,51.77,20.73,10,{'car': 10}
1197,yolo,1.827,1.253,38.872,47.296,20.75,10,{'car': 10}
1198,yolo,2.495,2.056,41.511,50.156,20.67,9,{'car': 9}
1199,yolo,1.668,1.325,42.948,49.914,20.65,9,{'car': 9}
1200,yolo,1.715,1.763,39.708,47.097,20.67,9,{'car': 9}
1201,yolo,1.805,1.924,40.667,50.568,20.6,9,{'car': 9}
1202,yolo,2.524,1.883,42.215,50.581,20.54,9,{'car': 9}
1203,yolo,1.849,1.714,42.936,50.452,20.54,9,{'car': 9}
1204,yolo,1.889,1.246,40.693,47.515,20.52,9,{'car': 9}
1205,yolo,1.882,2.012,43.766,52.757,20.46,9,{'car': 9}
1206,yolo,2.235,1.272,42.164,49.58,20.45,10,"{'car': 8, 'person': 2}"
1207,yolo,1.672,1.258,42.952,49.585,20.43,8,{'car': 8}
1208,yolo,1.738,1.363,38.756,45.827,20.45,9,"{'car': 8, 'person': 1}"
1209,yolo,1.836,1.069,39.915,47.695,20.46,8,{'car': 8}
1210,yolo,2.151,1.09,40.545,47.78,20.41,10,"{'car': 8, 'person': 2}"
1211,yolo,1.831,1.238,39.312,46.057,20.49,8,{'car': 8}
1212,yolo,1.682,1.165,40.894,47.388,20.5,8,{'car': 8}
1213,yolo,1.754,1.223,38.897,47.268,20.48,9,{'car': 9}
1214,yolo,2.348,1.074,38.963,46.167,20.51,9,{'car': 9}
1215,yolo,1.76,1.698,42.438,49.898,20.49,9,{'car': 9}
1216,yolo,1.792,2.126,44.454,53.169,20.43,9,{'car': 9}
1217,yolo,2.013,1.365,43.344,52.189,20.36,9,{'car': 9}
1218,yolo,2.062,1.23,40.224,47.329,20.35,9,{'car': 9}
1219,yolo,1.839,1.267,43.072,49.954,20.38,8,{'car': 8}
1220,yolo,1.76,1.789,43.017,50.871,20.37,11,"{'car': 8, 'person': 3}"
1221,yolo,1.69,1.777,41.022,50.838,20.33,12,"{'car': 9, 'person': 3}"
1222,yolo,2.06,1.727,43.811,51.598,20.34,12,"{'car': 9, 'person': 3}"
1223,yolo,1.774,1.084,40.85,47.315,20.34,11,"{'car': 9, 'person': 2}"
1224,yolo,1.83,1.188,42.829,49.603,20.34,11,"{'car': 9, 'person': 2}"
1225,yolo,1.546,1.748,43.324,53.416,20.25,11,"{'car': 9, 'person': 2}"
1226,yolo,2.063,1.255,38.552,46.009,20.33,12,"{'car': 10, 'person': 2}"
1227,yolo,1.862,1.634,39.201,46.631,20.34,12,"{'car': 10, 'person': 2}"
1228,yolo,1.934,1.744,39.749,47.746,20.37,11,"{'car': 9, 'person': 2}"
1229,yolo,1.779,1.719,38.571,48.077,20.39,11,"{'car': 9, 'person': 2}"
1230,yolo,2.046,1.452,41.051,48.609,20.37,11,"{'car': 9, 'person': 2}"
1231,yolo,1.692,2.076,41.658,50.811,20.37,13,"{'car': 10, 'person': 3}"
1232,yolo,1.674,1.573,36.996,44.835,20.45,13,"{'car': 10, 'person': 3}"
1233,yolo,2.255,1.289,38.991,48.291,20.48,13,"{'car': 10, 'person': 3}"
1234,yolo,2.091,1.7,41.645,50.689,20.44,13,"{'car': 10, 'person': 3}"
1235,yolo,1.818,1.738,42.345,50.269,20.47,13,"{'car': 10, 'person': 3}"
1236,yolo,1.78,1.132,43.366,49.955,20.47,12,"{'car': 10, 'person': 2}"
1237,yolo,1.572,1.566,38.842,47.926,20.49,12,"{'car': 10, 'person': 2}"
1238,yolo,2.134,1.687,39.153,47.246,20.47,12,"{'car': 10, 'person': 2}"
1239,yolo,1.561,1.534,40.525,47.426,20.47,12,"{'car': 10, 'person': 2}"
1240,yolo,1.841,1.235,38.708,45.803,20.5,11,"{'car': 10, 'person': 1}"
1241,yolo,1.857,1.819,42.501,50.396,20.44,10,"{'car': 9, 'person': 1}"
1242,yolo,1.829,1.557,40.005,47.511,20.44,11,"{'car': 9, 'person': 2}"
1243,yolo,1.661,1.106,37.784,45.367,20.46,10,"{'car': 9, 'person': 1}"
1244,yolo,2.319,1.274,43.638,50.992,20.4,11,"{'car': 9, 'person': 2}"
1245,yolo,1.79,1.165,38.437,45.03,20.47,12,"{'car': 10, 'person': 2}"
1246,yolo,1.697,1.516,40.246,47.733,20.54,11,"{'car': 9, 'person': 2}"
1247,yolo,1.646,1.664,41.007,50.181,20.57,12,"{'car': 11, 'person': 1}"
1248,yolo,2.062,1.842,42.654,50.671,20.52,12,"{'car': 10, 'person': 2}"
1249,yolo,1.57,1.411,39.026,46.06,20.58,12,"{'car': 10, 'person': 2}"
1250,yolo,1.972,1.387,37.604,45.156,20.66,11,"{'car': 10, 'person': 1}"
1251,yolo,1.715,1.324,40.128,49.105,20.68,12,"{'car': 11, 'person': 1}"
1252,yolo,2.049,1.81,41.662,49.75,20.71,12,"{'car': 11, 'person': 1}"
1253,yolo,1.97,1.31,39.944,47.317,20.71,12,"{'car': 11, 'person': 1}"
1254,yolo,2.096,1.351,39.029,46.911,20.75,12,"{'car': 11, 'person': 1}"
1255,yolo,2.189,1.903,40.348,49.55,20.8,12,"{'car': 11, 'person': 1}"
1256,yolo,2.085,1.316,43.577,50.628,20.74,11,"{'car': 10, 'person': 1}"
1257,yolo,1.567,1.711,40.669,48.675,20.71,11,"{'car': 10, 'person': 1}"
1258,yolo,2.002,1.558,39.018,47.564,20.71,11,"{'car': 10, 'person': 1}"
1259,yolo,1.83,1.274,37.706,46.115,20.74,11,"{'car': 10, 'person': 1}"
1260,yolo,1.953,1.259,40.279,47.168,20.76,10,{'car': 10}
1261,yolo,1.613,1.707,40.103,47.489,20.81,11,"{'car': 10, 'person': 1}"
1262,yolo,1.727,1.245,37.872,44.814,20.81,11,"{'car': 10, 'person': 1}"
1263,yolo,1.849,1.799,37.915,46.785,20.83,11,"{'car': 10, 'person': 1}"
1264,yolo,2.272,1.374,42.641,50.461,20.83,11,"{'car': 10, 'person': 1}"
1265,yolo,1.879,1.871,44.9,53.134,20.79,11,"{'car': 10, 'person': 1}"
1266,yolo,1.775,1.905,42.046,50.735,20.78,11,"{'car': 10, 'person': 1}"
1267,yolo,1.891,1.473,42.597,51.842,20.72,11,"{'car': 10, 'person': 1}"
1268,yolo,2.502,2.169,43.246,53.065,20.64,11,"{'car': 10, 'person': 1}"
1269,yolo,1.696,1.813,46.998,55.444,20.53,13,"{'car': 12, 'person': 1}"
1270,yolo,1.879,1.296,41.449,48.765,20.49,12,"{'car': 11, 'person': 1}"
1271,yolo,1.893,1.488,43.637,52.571,20.46,12,"{'car': 11, 'person': 1}"
1272,yolo,2.157,1.355,46.799,55.834,20.34,13,"{'car': 12, 'person': 1}"
1273,yolo,1.894,1.29,43.8,51.352,20.26,13,"{'car': 12, 'person': 1}"
1274,yolo,1.929,1.205,41.03,48.61,20.29,13,"{'car': 12, 'person': 1}"
1275,yolo,2.36,5.732,48.644,63.637,20.04,12,"{'car': 11, 'person': 1}"
1276,yolo,2.0,1.992,44.955,54.517,19.95,13,"{'car': 11, 'person': 1, 'truck': 1}"
1277,yolo,2.314,1.51,41.931,50.816,19.94,12,"{'car': 11, 'person': 1}"
1278,yolo,2.061,1.805,45.664,54.043,19.89,12,"{'car': 11, 'person': 1}"
1279,yolo,2.197,2.065,46.029,56.176,19.76,11,"{'car': 10, 'person': 1}"
1280,yolo,2.222,1.474,45.03,52.673,19.67,12,"{'car': 11, 'person': 1}"
1281,yolo,1.986,1.369,49.696,57.831,19.55,13,"{'car': 11, 'person': 2}"
1282,yolo,2.487,2.016,47.629,58.225,19.45,13,"{'car': 11, 'person': 2}"
1283,yolo,2.106,1.375,47.993,56.595,19.33,12,"{'car': 11, 'person': 1}"
1284,yolo,1.961,1.701,48.558,57.17,19.2,12,"{'car': 11, 'person': 1}"
1285,yolo,1.995,1.451,45.242,53.088,19.16,10,"{'car': 9, 'person': 1}"
1286,yolo,2.12,2.073,48.636,58.855,19.06,10,"{'car': 9, 'person': 1}"
1287,yolo,2.385,1.525,45.767,53.888,19.0,10,"{'car': 9, 'person': 1}"
1288,yolo,2.03,2.028,49.734,58.75,18.86,11,"{'car': 9, 'person': 1, 'bus': 1}"
1289,yolo,1.892,1.393,42.949,51.875,18.79,11,"{'car': 9, 'person': 1, 'bus': 1}"
1290,yolo,2.029,1.996,43.812,53.898,18.72,9,{'car': 9}
1291,yolo,2.175,1.306,45.872,53.339,18.65,9,{'car': 9}
1292,yolo,1.964,1.282,46.263,53.389,18.55,9,{'car': 9}
1293,yolo,2.311,2.013,50.748,59.298,18.41,9,{'car': 9}
1294,yolo,2.467,1.557,49.41,60.001,18.3,9,{'car': 9}
1295,yolo,2.472,1.423,50.01,58.109,18.24,9,{'car': 9}
1296,yolo,1.993,1.839,43.73,52.763,18.22,12,"{'car': 10, 'person': 2}"
1297,yolo,2.101,1.622,47.45,55.919,18.18,12,"{'car': 10, 'person': 2}"
1298,yolo,2.37,2.046,47.114,58.791,18.11,12,"{'car': 11, 'person': 1}"
1299,yolo,2.808,1.664,48.039,57.804,18.09,13,"{'car': 12, 'person': 1}"
1300,yolo,1.933,1.392,49.343,57.179,18.0,12,"{'car': 11, 'person': 1}"
1301,yolo,2.061,1.904,44.504,52.53,18.0,10,{'car': 10}
1302,yolo,2.154,2.076,55.959,67.649,17.87,11,{'car': 11}
1303,yolo,2.576,1.532,48.854,57.409,17.81,11,"{'car': 10, 'person': 1}"
1304,yolo,2.032,1.443,45.063,52.724,17.76,9,{'car': 9}
1305,yolo,1.996,1.968,45.02,53.407,17.87,10,"{'car': 9, 'truck': 1}"
1306,yolo,2.193,2.191,58.242,70.492,17.7,9,{'car': 9}
1307,yolo,2.695,1.487,50.119,58.399,17.62,9,{'car': 9}
1308,yolo,2.559,1.753,50.975,60.065,17.56,9,{'car': 9}
1309,yolo,1.942,1.49,50.881,58.681,17.54,9,{'car': 9}
1310,yolo,2.219,2.241,51.955,63.3,17.43,10,{'car': 10}
1311,yolo,2.728,1.436,44.993,53.541,17.47,10,{'car': 10}
1312,yolo,2.019,1.226,45.352,52.432,17.53,10,{'car': 10}
1313,yolo,2.164,2.286,46.943,56.46,17.53,11,{'car': 11}
1314,yolo,1.948,2.033,50.344,62.164,17.48,12,"{'car': 11, 'person': 1}"
1315,yolo,2.805,1.976,51.68,61.864,17.39,12,"{'car': 11, 'person': 1}"
1316,yolo,2.375,1.666,48.146,56.584,17.41,10,{'car': 10}
1317,yolo,2.852,1.974,48.122,57.213,17.38,10,{'car': 10}
1318,yolo,3.115,2.09,53.4,65.588,17.31,11,{'car': 11}
1319,yolo,3.141,2.08,50.865,61.598,17.22,12,"{'car': 11, 'person': 1}"
1320,yolo,2.191,1.468,49.596,57.861,17.18,11,"{'car': 10, 'person': 1}"
1321,yolo,2.826,1.982,50.236,59.609,17.12,11,"{'car': 10, 'person': 1}"
1322,yolo,3.08,2.085,54.714,68.171,16.97,12,"{'car': 11, 'person': 1}"
1323,yolo,3.252,2.203,53.357,64.532,16.92,10,{'car': 10}
1324,yolo,2.216,1.772,55.139,64.112,16.88,11,"{'car': 10, 'person': 1}"
1325,yolo,1.822,1.237,47.292,54.514,16.92,12,"{'car': 10, 'person': 2}"
1326,yolo,1.849,1.198,47.766,57.148,16.88,12,"{'car': 10, 'person': 2}"
1327,yolo,2.341,1.282,46.471,53.966,16.89,12,"{'car': 10, 'person': 2}"
1328,yolo,1.946,1.526,46.803,54.965,16.93,12,"{'car': 10, 'person': 2}"
1329,yolo,2.066,1.198,49.765,57.86,16.93,12,"{'car': 10, 'person': 2}"
1330,yolo,2.519,1.552,44.21,55.5,16.95,12,"{'car': 10, 'person': 2}"
1331,yolo,2.608,1.843,45.95,54.609,16.93,12,"{'car': 10, 'person': 2}"
1332,yolo,1.962,1.739,43.9,51.885,17.08,12,"{'car': 10, 'person': 2}"
1333,yolo,1.916,2.007,46.093,54.888,17.1,13,"{'car': 11, 'person': 2}"
1334,yolo,2.411,1.288,42.159,51.865,17.11,13,"{'car': 11, 'person': 2}"
1335,yolo,2.184,1.954,45.965,54.517,17.1,13,"{'car': 11, 'person': 2}"
1336,yolo,2.266,1.867,44.456,53.182,17.27,11,"{'car': 9, 'person': 2}"
1337,yolo,1.988,1.346,42.038,50.406,17.35,11,"{'car': 9, 'person': 2}"
1338,yolo,1.932,1.44,43.009,52.446,17.43,11,"{'car': 9, 'person': 2}"
1339,yolo,2.039,1.337,40.083,47.586,17.54,11,"{'car': 9, 'person': 2}"
1340,yolo,1.864,1.949,49.878,58.293,17.59,11,"{'car': 9, 'person': 2}"
1341,yolo,2.433,1.924,44.629,53.298,17.59,9,"{'car': 7, 'person': 2}"
1342,yolo,2.057,1.913,45.737,55.06,17.57,10,"{'car': 7, 'person': 3}"
1343,yolo,2.565,1.345,44.561,53.147,17.6,10,"{'car': 8, 'person': 2}"
1344,yolo,2.076,1.153,43.585,50.686,17.72,12,"{'car': 9, 'person': 3}"
1345,yolo,1.763,1.882,45.807,53.784,17.81,11,"{'car': 8, 'person': 3}"
1346,yolo,1.79,1.767,44.923,54.304,17.83,11,"{'car': 9, 'person': 2}"
1347,yolo,2.018,1.346,42.01,49.533,17.91,12,"{'car': 8, 'person': 4}"
1348,yolo,1.844,1.943,42.783,51.041,18.07,12,"{'car': 8, 'person': 4}"
1349,yolo,1.674,1.531,42.229,49.817,18.2,12,"{'car': 8, 'person': 4}"
1350,yolo,1.832,1.307,40.185,49.137,18.29,13,"{'car': 9, 'person': 4}"
1351,yolo,1.994,1.859,44.192,52.614,18.37,13,"{'car': 9, 'person': 4}"
1352,yolo,2.08,1.287,41.747,49.881,18.58,13,"{'car': 9, 'person': 4}"
1353,yolo,1.813,1.779,45.802,53.415,18.71,13,"{'car': 8, 'person': 5}"
1354,yolo,1.936,1.336,39.762,49.792,18.88,13,"{'car': 8, 'person': 5}"
1355,yolo,2.407,1.3,43.029,51.186,18.92,14,"{'car': 10, 'person': 4}"
1356,yolo,1.68,1.207,41.031,48.636,19.02,15,"{'car': 10, 'person': 5}"
1357,yolo,3.014,1.333,58.836,67.9,18.85,14,"{'car': 11, 'person': 3}"
1358,yolo,1.654,1.925,43.334,52.983,18.88,13,"{'car': 10, 'person': 3}"
1359,yolo,2.011,1.843,42.25,50.35,18.97,12,"{'car': 10, 'person': 2}"
1360,yolo,1.804,1.291,40.706,48.001,19.06,12,"{'car': 10, 'person': 2}"
1361,yolo,1.957,1.791,47.817,55.738,19.04,11,"{'car': 9, 'person': 2}"
1362,yolo,1.688,1.438,46.832,56.102,18.99,11,"{'car': 9, 'person': 2}"
1363,yolo,2.408,1.941,45.226,53.958,19.0,11,"{'car': 9, 'person': 2}"
1364,yolo,2.318,1.851,46.398,54.342,18.97,9,{'car': 9}
1365,yolo,1.882,1.335,43.867,51.726,19.01,12,"{'car': 11, 'person': 1}"
1366,yolo,3.256,1.437,55.987,66.929,18.84,10,"{'car': 9, 'person': 1}"
1367,yolo,2.513,5.003,50.625,65.14,18.67,9,"{'car': 8, 'person': 1}"
1368,yolo,2.567,1.574,50.003,58.42,18.6,8,{'car': 8}
1369,yolo,2.001,1.348,46.858,54.214,18.53,8,{'car': 8}
1370,yolo,1.914,1.393,44.029,52.896,18.59,8,{'car': 8}
1371,yolo,2.421,1.526,46.699,54.926,18.57,8,{'car': 8}
1372,yolo,2.014,1.612,43.579,51.372,18.61,8,{'car': 8}
1373,yolo,2.188,1.523,45.068,53.4,18.61,8,{'car': 8}
1374,yolo,2.083,1.848,45.762,54.591,18.56,9,"{'car': 8, 'person': 1}"
1375,yolo,2.408,2.192,45.717,54.536,18.55,8,{'car': 8}
1376,yolo,2.19,1.419,41.13,49.193,18.61,9,"{'car': 8, 'person': 1}"
1377,yolo,1.901,1.724,46.293,53.952,18.56,8,{'car': 8}
1378,yolo,2.01,1.294,44.504,53.664,18.53,8,{'car': 8}
1379,yolo,2.056,1.779,42.412,49.929,18.53,8,{'car': 8}
1380,yolo,1.737,1.648,41.742,49.218,18.53,8,{'car': 8}
1381,yolo,2.133,1.845,42.914,52.163,18.54,10,"{'car': 9, 'person': 1}"
1382,yolo,2.049,1.55,43.159,52.187,18.51,10,"{'car': 9, 'person': 1}"
1383,yolo,2.076,1.237,40.902,48.449,18.57,11,"{'car': 10, 'person': 1}"
1384,yolo,1.957,2.037,41.539,50.157,18.56,10,"{'car': 9, 'person': 1}"
1385,yolo,1.862,2.176,43.672,52.326,18.55,10,"{'car': 9, 'person': 1}"
1386,yolo,2.152,1.295,40.154,49.676,18.54,10,"{'car': 9, 'person': 1}"
1387,yolo,2.234,1.284,43.329,51.151,18.73,11,"{'car': 10, 'person': 1}"
1388,yolo,1.908,1.545,44.669,52.602,18.73,11,"{'car': 10, 'person': 1}"
1389,yolo,1.658,1.282,44.035,51.047,18.73,9,{'car': 9}
1390,yolo,1.806,1.475,41.081,50.574,18.7,9,{'car': 9}
1391,yolo,2.051,1.277,39.793,47.382,18.79,11,"{'car': 10, 'person': 1}"
1392,yolo,2.349,1.409,40.988,48.925,18.88,11,"{'car': 10, 'person': 1}"
1393,yolo,2.168,2.003,45.814,55.133,18.87,9,{'car': 9}
1394,yolo,2.085,1.691,46.481,56.492,18.84,9,{'car': 9}
1395,yolo,2.488,1.341,48.628,56.542,18.78,9,{'car': 9}
1396,yolo,2.131,1.834,43.26,51.502,18.97,11,"{'car': 9, 'person': 2}"
1397,yolo,1.807,1.8,41.369,49.113,19.16,10,"{'car': 9, 'person': 1}"
1398,yolo,1.889,1.386,43.63,52.432,19.23,11,"{'car': 10, 'person': 1}"
1399,yolo,2.411,1.858,46.062,54.979,19.22,10,{'car': 10}
1400,yolo,1.921,2.194,41.803,49.743,19.26,11,"{'car': 10, 'person': 1}"
1401,yolo,1.846,1.408,44.228,51.597,19.3,11,{'car': 11}
1402,yolo,2.0,1.85,44.479,54.921,19.26,11,{'car': 11}
1403,yolo,2.11,1.696,42.816,50.378,19.3,11,{'car': 11}
1404,yolo,1.878,1.704,40.301,48.226,19.38,11,{'car': 11}
1405,yolo,1.864,1.193,42.872,48.469,19.45,0,{}
1406,yolo,2.627,1.031,40.35,48.273,19.47,0,{}
1407,yolo,2.114,1.437,44.339,50.62,19.51,0,{}
1408,yolo,2.076,0.868,41.883,47.258,19.59,0,{}
1409,yolo,2.582,0.923,42.429,48.452,19.61,0,{}
1410,yolo,1.854,1.328,44.166,52.181,19.57,0,{}
1411,yolo,2.211,0.843,44.135,49.575,19.6,0,{}
1412,yolo,2.002,1.251,42.386,48.52,19.65,0,{}
1413,yolo,1.656,1.376,44.788,50.62,19.62,0,{}
1414,yolo,1.807,0.826,41.442,47.481,19.66,0,{}
1415,yolo,2.051,0.865,41.943,47.446,19.72,0,{}
1416,yolo,1.824,1.302,45.117,50.957,19.7,0,{}
1417,yolo,1.894,1.2,45.399,51.614,19.7,0,{}
1418,yolo,1.907,0.888,43.219,49.912,19.73,0,{}
1419,yolo,2.191,1.332,45.112,51.126,19.73,0,{}
1420,yolo,2.198,0.924,41.084,46.668,19.78,0,{}
1421,yolo,2.428,0.96,46.51,52.416,19.72,0,{}
1422,yolo,2.412,3.53,49.675,60.91,19.56,1,{'car': 1}
1423,yolo,2.338,0.922,48.601,54.907,19.57,0,{}
1424,yolo,1.939,1.029,46.505,52.148,19.62,0,{}
1425,yolo,2.2,1.14,47.759,53.961,19.65,0,{}
1426,yolo,1.894,1.059,42.782,50.434,19.67,0,{}
1427,yolo,2.161,0.95,43.918,49.677,19.66,0,{}
1428,yolo,2.052,1.442,44.022,50.925,19.68,1,{'car': 1}
1429,yolo,1.921,0.97,41.664,47.146,19.78,0,{}
1430,yolo,2.23,1.062,41.938,48.964,19.79,1,{'car': 1}
1431,yolo,2.006,0.87,41.433,46.944,19.85,0,{}
1432,yolo,1.625,0.895,47.975,52.989,19.88,0,{}
1433,yolo,2.265,0.906,42.851,48.537,19.9,0,{}
1434,yolo,2.258,1.088,42.294,49.807,19.88,0,{}
1435,yolo,2.22,1.087,43.091,49.305,19.87,0,{}
1436,yolo,1.859,0.781,40.8,45.68,19.9,0,{}
1437,yolo,1.972,1.381,44.397,50.726,19.9,0,{}
1438,yolo,2.47,1.37,50.572,59.073,19.75,0,{}
1439,yolo,2.907,0.946,45.269,51.795,19.71,0,{}
1440,yolo,2.585,1.295,42.625,49.473,19.74,0,{}
1441,yolo,1.853,1.327,45.066,50.777,19.72,0,{}
1442,yolo,1.824,0.903,42.584,49.315,19.71,0,{}
1443,yolo,2.183,1.175,41.157,47.055,19.76,0,{}
1444,yolo,1.911,1.359,41.891,47.872,19.76,0,{}
1445,yolo,1.897,1.29,43.695,49.522,19.73,0,{}
1446,yolo,1.98,0.808,40.706,47.597,19.77,0,{}
1447,yolo,2.455,1.256,44.716,51.047,19.78,0,{}
1448,yolo,1.883,1.305,45.643,51.712,19.76,0,{}
1449,yolo,2.229,0.929,44.919,50.535,19.76,0,{}
1450,yolo,1.647,1.252,40.366,48.272,19.74,0,{}
1451,yolo,2.583,1.036,44.398,50.78,19.76,0,{}
1452,yolo,2.016,1.256,43.113,49.064,19.92,0,{}
1453,yolo,1.625,1.022,42.958,48.014,20.01,0,{}
1454,yolo,2.2,1.342,48.159,56.542,19.95,0,{}
1455,yolo,2.93,1.171,45.839,52.835,19.97,0,{}
1456,yolo,2.346,1.7,47.688,54.821,19.91,1,{'car': 1}
1457,yolo,2.712,1.221,41.346,47.837,19.93,0,{}
1458,yolo,1.751,0.92,44.832,51.392,19.93,0,{}
1459,yolo,2.058,1.345,45.595,51.703,19.87,0,{}
1460,yolo,2.04,0.805,41.307,46.398,19.9,0,{}
1461,yolo,2.709,1.374,46.723,54.189,19.81,0,{}
1462,yolo,2.087,0.897,43.234,50.366,19.84,0,{}
1463,yolo,2.338,1.312,45.837,52.27,19.79,0,{}
1464,yolo,2.033,1.326,47.619,53.588,19.74,0,{}
1465,yolo,1.876,1.532,42.829,49.33,19.74,0,{}
1466,yolo,1.862,1.029,41.301,48.467,19.71,0,{}
1467,yolo,2.345,0.752,42.563,47.986,19.74,0,{}
1468,yolo,1.747,1.03,42.396,48.252,19.88,0,{}
1469,yolo,1.821,0.858,45.027,50.195,19.9,0,{}
1470,yolo,1.954,1.092,42.352,49.329,19.91,0,{}
1471,yolo,2.155,0.799,42.375,47.963,19.94,0,{}
1472,yolo,1.742,0.802,39.251,44.135,20.01,0,{}
1473,yolo,1.89,0.838,44.77,50.02,19.97,0,{}
1474,yolo,1.927,1.322,46.639,54.75,19.88,0,{}
1475,yolo,2.059,1.574,41.864,48.524,19.9,0,{}
1476,yolo,1.814,1.228,40.352,46.235,19.91,0,{}
1477,yolo,1.702,1.939,41.289,48.438,19.95,1,{'car': 1}
1478,yolo,1.971,1.36,46.033,53.751,19.92,0,{}
1479,yolo,2.652,0.831,48.225,54.349,19.87,0,{}
1480,yolo,1.884,0.917,46.303,51.533,19.83,0,{}
1481,yolo,1.963,1.116,41.095,46.603,19.88,0,{}
1482,yolo,1.925,0.827,41.023,47.752,19.9,0,{}
1483,yolo,2.637,1.341,43.769,50.313,19.87,0,{}
1484,yolo,1.623,0.824,39.764,44.388,20.03,0,{}
1485,yolo,1.929,1.502,44.535,51.147,20.05,0,{}
1486,yolo,2.573,0.896,40.954,48.288,20.14,0,{}
1487,yolo,2.225,0.744,39.462,44.642,20.18,0,{}
1488,yolo,1.811,1.812,41.192,47.696,20.23,2,{'car': 2}
1489,yolo,2.084,1.593,40.287,46.575,20.3,1,{'car': 1}
1490,yolo,1.787,1.246,39.337,46.463,20.3,1,{'car': 1}
1491,yolo,2.597,1.33,40.368,47.264,20.4,1,{'car': 1}
1492,yolo,1.756,1.187,41.379,46.777,20.45,1,{'car': 1}
1493,yolo,1.766,0.991,40.67,45.84,20.54,1,{'car': 1}
1494,yolo,1.577,0.996,38.689,45.19,20.66,1,{'car': 1}
1495,yolo,2.008,1.169,39.627,45.353,20.72,1,{'car': 1}
1496,yolo,1.708,1.315,38.068,43.679,20.78,1,{'car': 1}
1497,yolo,1.878,1.625,42.181,48.531,20.78,1,{'car': 1}
1498,yolo,1.835,1.734,42.443,51.133,20.73,1,{'car': 1}
1499,yolo,2.312,1.236,42.798,49.269,20.75,2,{'car': 2}
1500,yolo,1.775,1.292,43.943,49.918,20.74,2,{'car': 2}
1501,yolo,1.846,1.785,45.517,51.959,20.68,2,{'car': 2}
1502,yolo,1.881,1.734,44.86,52.84,20.56,2,{'car': 2}
1503,yolo,2.484,1.325,45.399,52.28,20.53,2,{'car': 2}
1504,yolo,2.155,1.802,45.924,53.15,20.55,3,{'car': 3}
1505,yolo,2.105,1.529,47.481,54.332,20.47,3,{'car': 3}
1506,yolo,2.176,1.592,50.818,59.841,20.28,3,{'car': 3}
1507,yolo,3.233,1.895,51.329,59.965,20.12,3,{'car': 3}
1508,yolo,1.991,1.5,48.379,55.13,20.1,3,{'car': 3}
1509,yolo,2.646,2.175,46.116,54.711,20.1,3,{'car': 3}
1510,yolo,1.865,1.966,49.581,58.779,20.0,2,{'car': 2}
1511,yolo,2.572,1.27,50.472,57.216,19.86,1,{'car': 1}
1512,yolo,2.136,1.346,48.386,54.894,19.77,2,{'car': 2}
1513,yolo,2.211,1.313,49.743,56.735,19.69,2,{'car': 2}
1514,yolo,2.057,1.562,51.007,59.145,19.5,1,{'car': 1}
1515,yolo,2.372,1.531,53.763,61.084,19.37,3,{'car': 3}
1516,yolo,2.166,2.059,55.153,62.911,19.19,1,{'car': 1}
1517,yolo,2.499,2.056,50.238,58.077,19.03,2,{'car': 2}
1518,yolo,2.108,1.337,47.225,56.101,18.93,2,{'car': 2}
1519,yolo,2.52,1.408,52.408,59.561,18.77,3,{'car': 3}
1520,yolo,2.796,1.495,53.699,61.079,18.6,2,{'car': 2}
1521,yolo,2.416,2.05,49.067,57.247,18.49,4,{'car': 4}
1522,yolo,2.106,1.437,48.282,54.856,18.4,2,{'car': 2}
1523,yolo,2.142,2.392,51.178,59.585,18.24,2,{'car': 2}
1524,yolo,2.348,1.245,43.524,51.943,18.17,3,{'car': 3}
1525,yolo,2.273,1.467,42.55,49.259,18.12,2,{'car': 2}
1526,yolo,2.172,1.718,42.424,49.257,18.06,1,{'car': 1}
1527,yolo,1.904,1.122,42.323,53.433,18.01,1,{'car': 1}
1528,yolo,1.761,1.61,39.063,46.964,18.06,2,{'car': 2}
1529,yolo,2.038,1.223,40.244,46.27,18.09,2,{'car': 2}
1530,yolo,1.782,1.648,41.56,47.864,18.11,2,{'car': 2}
1531,yolo,1.849,1.225,38.394,44.298,18.19,3,{'car': 3}
1532,yolo,1.812,1.568,44.003,52.134,18.2,3,{'car': 3}
1533,yolo,2.221,1.263,43.294,49.657,18.23,5,{'car': 5}
1534,yolo,1.791,1.239,47.234,53.194,18.23,1,{'car': 1}
1535,yolo,2.063,1.133,44.766,50.664,18.27,1,{'car': 1}
1536,yolo,2.416,1.148,41.193,50.141,18.38,2,{'car': 2}
1537,yolo,2.942,1.075,39.671,46.289,18.54,3,{'car': 3}
1538,yolo,1.665,1.923,43.324,50.034,18.59,3,{'car': 3}
1539,yolo,2.248,1.982,50.081,58.299,18.55,4,"{'car': 3, 'traffic light': 1}"
1540,yolo,1.763,1.885,47.377,56.61,18.58,3,{'car': 3}
1541,yolo,2.751,1.348,46.651,54.18,18.61,3,{'car': 3}
1542,yolo,2.433,1.243,41.142,47.734,18.7,3,{'car': 3}
1543,yolo,1.881,1.295,44.87,51.272,18.76,4,{'car': 4}
1544,yolo,2.097,1.681,42.724,51.3,18.85,4,{'car': 4}
1545,yolo,2.272,1.795,48.227,55.231,18.92,3,{'car': 3}
1546,yolo,2.433,1.459,48.581,55.534,19.01,4,{'car': 4}
1547,yolo,2.047,1.8,45.153,52.263,19.08,2,{'car': 2}
1548,yolo,2.088,1.601,43.287,52.087,19.13,3,{'car': 3}
1549,yolo,2.487,1.479,43.688,51.106,19.23,3,{'car': 3}
1550,yolo,2.124,1.192,40.755,46.71,19.41,1,{'car': 1}
1551,yolo,2.209,1.828,43.732,50.782,19.49,1,{'car': 1}
1552,yolo,2.025,1.308,44.605,52.359,19.53,1,{'car': 1}
1553,yolo,2.949,2.215,45.139,53.531,19.6,2,{'car': 2}
1554,yolo,2.24,1.15,41.664,47.629,19.66,1,{'car': 1}
1555,yolo,1.869,1.189,42.183,47.979,19.67,1,{'car': 1}
1556,yolo,1.91,1.167,42.546,49.877,19.67,1,{'car': 1}
1557,yolo,2.559,1.875,46.117,53.901,19.66,1,{'car': 1}
1558,yolo,2.391,1.834,42.734,50.343,19.62,1,{'car': 1}
1559,yolo,1.929,2.144,44.776,52.729,19.53,2,{'car': 2}
1560,yolo,1.814,2.211,44.89,55.43,19.44,3,{'car': 3}
1561,yolo,2.291,1.733,43.321,50.391,19.36,2,{'car': 2}
1562,yolo,2.211,1.309,50.394,57.035,19.3,2,{'car': 2}
1563,yolo,2.365,1.274,43.397,50.015,19.3,2,{'car': 2}
1564,yolo,2.399,1.702,41.408,50.484,19.33,2,{'car': 2}
1565,yolo,2.864,1.141,45.486,52.245,19.31,2,{'car': 2}
1566,yolo,3.347,1.804,48.31,57.175,19.22,2,{'car': 2}
1567,yolo,2.866,1.296,52.286,59.729,19.06,3,{'car': 3}
1568,yolo,2.573,1.857,49.717,59.561,18.95,2,{'car': 2}
1569,yolo,2.395,2.218,48.777,57.934,18.95,2,{'car': 2}
1570,yolo,2.112,1.402,44.322,50.826,19.02,2,{'car': 2}
1571,yolo,2.898,1.142,44.397,51.177,19.06,2,{'car': 2}
1572,yolo,1.749,1.871,42.242,51.055,19.02,1,{'car': 1}
1573,yolo,2.956,1.244,42.914,50.001,19.03,1,{'car': 1}
1574,yolo,1.809,2.035,41.518,49.144,19.06,1,{'car': 1}
1575,yolo,2.684,1.588,41.804,49.091,19.13,1,{'car': 1}
1576,yolo,2.449,1.72,42.389,51.519,19.18,1,{'car': 1}
1577,yolo,2.585,1.856,50.919,58.797,19.1,2,{'car': 2}
1578,yolo,2.58,1.685,48.042,56.048,19.05,2,{'car': 2}
1579,yolo,2.611,1.782,45.764,53.48,19.02,2,{'car': 2}
1580,yolo,2.579,1.711,45.522,55.02,18.92,1,{'car': 1}
1581,yolo,2.273,1.389,42.228,48.771,18.95,1,{'car': 1}
1582,yolo,1.91,1.789,52.018,59.091,18.87,1,{'car': 1}
1583,yolo,2.161,1.271,46.408,52.762,18.88,1,{'car': 1}
1584,yolo,2.042,1.336,48.09,56.195,18.78,1,{'car': 1}
1585,yolo,2.162,1.973,47.559,54.454,18.7,1,{'truck': 1}
1586,yolo,1.768,1.431,44.549,50.468,18.69,0,{}
1587,yolo,2.131,1.292,46.792,53.021,18.7,1,{'car': 1}
1588,yolo,2.021,2.055,45.14,54.185,18.66,1,{'car': 1}
1589,yolo,2.279,1.723,45.428,52.414,18.66,1,{'car': 1}
1590,yolo,2.619,2.165,70.35,78.532,18.4,1,{'car': 1}
1591,yolo,2.274,0.985,44.518,50.368,18.4,0,{}
1592,yolo,2.045,1.104,47.963,55.599,18.41,0,{}
1593,yolo,3.043,1.431,55.737,63.21,18.27,0,{}
1594,yolo,2.986,1.06,48.438,55.496,18.21,0,{}
1595,yolo,1.983,1.182,48.317,54.693,18.18,0,{}
1596,yolo,2.517,1.062,47.755,55.481,18.2,0,{}
1597,yolo,2.566,1.925,52.342,60.237,18.2,1,{'fire hydrant': 1}
1598,yolo,2.794,1.127,56.681,63.472,18.15,0,{}
1599,yolo,2.014,1.39,47.963,54.119,18.2,0,{}
1600,yolo,2.123,2.468,51.448,61.459,18.08,1,{'car': 1}
1601,yolo,2.767,2.28,50.255,59.203,17.99,1,{'car': 1}
1602,yolo,2.277,1.776,46.243,53.848,17.96,1,{'car': 1}
1603,yolo,1.903,2.307,47.432,55.413,17.9,1,{'car': 1}
1604,yolo,2.221,1.632,46.382,55.528,17.84,2,"{'car': 1, 'truck': 1}"
1605,yolo,2.541,1.646,43.182,50.953,17.82,1,{'car': 1}
1606,yolo,1.908,1.257,42.714,48.685,17.85,1,{'car': 1}
1607,yolo,2.001,1.257,42.24,48.422,17.96,1,{'car': 1}
1608,yolo,1.922,1.66,43.296,51.945,18.0,0,{}
1609,yolo,2.076,1.311,43.098,49.407,18.05,1,{'car': 1}
1610,yolo,1.81,1.281,46.643,52.622,18.07,0,{}
1611,yolo,2.494,1.348,51.095,57.928,17.97,0,{}
1612,yolo,2.169,1.362,44.583,52.431,18.04,1,{'person': 1}
1613,yolo,2.192,1.68,46.139,53.158,18.04,1,{'person': 1}
1614,yolo,2.582,1.947,43.3,51.026,18.1,1,{'car': 1}
1615,yolo,2.067,1.174,41.852,48.253,18.16,1,{'car': 1}
1616,yolo,2.034,1.898,43.688,53.253,18.13,1,{'car': 1}
1617,yolo,2.365,1.929,44.615,51.954,18.15,3,"{'car': 2, 'fire hydrant': 1}"
1618,yolo,1.727,1.31,47.41,53.316,18.16,2,"{'fire hydrant': 1, 'car': 1}"
1619,yolo,2.811,1.784,52.164,60.039,18.07,2,"{'car': 1, 'truck': 1}"
1620,yolo,1.954,1.289,43.476,51.52,18.37,1,{'car': 1}
1621,yolo,2.556,1.755,47.45,54.542,18.32,2,"{'truck': 1, 'car': 1}"
1622,yolo,2.035,1.298,42.843,48.914,18.4,1,{'car': 1}
1623,yolo,1.975,1.851,46.308,53.729,18.51,2,"{'fire hydrant': 1, 'car': 1}"
1624,yolo,2.549,2.043,54.527,64.574,18.4,1,{'car': 1}
1625,yolo,3.316,1.438,51.071,59.675,18.35,2,"{'fire hydrant': 1, 'car': 1}"
1626,yolo,2.176,1.179,53.542,59.718,18.3,2,"{'fire hydrant': 1, 'car': 1}"
1627,yolo,2.201,1.427,46.857,53.529,18.38,2,"{'car': 1, 'truck': 1}"
1628,yolo,2.629,1.902,46.742,56.749,18.45,2,"{'car': 1, 'fire hydrant': 1}"
1629,yolo,2.62,1.471,46.324,53.819,18.45,3,"{'fire hydrant': 1, 'car': 1, 'truck': 1}"
1630,yolo,2.136,1.35,46.143,52.452,18.56,1,{'car': 1}
1631,yolo,2.066,1.827,45.804,53.289,18.63,2,"{'car': 1, 'fire hydrant': 1}"
1632,yolo,1.96,1.281,46.733,55.44,18.61,3,"{'fire hydrant': 1, 'car': 1, 'truck': 1}"
1633,yolo,2.442,1.453,44.9,52.106,18.65,2,"{'fire hydrant': 1, 'car': 1}"
1634,yolo,2.498,1.372,52.049,59.056,18.6,2,"{'fire hydrant': 1, 'car': 1}"
1635,yolo,1.794,1.268,44.142,50.383,18.61,2,"{'fire hydrant': 1, 'car': 1}"
1636,yolo,2.011,1.348,47.823,56.014,18.53,2,"{'fire hydrant': 1, 'car': 1}"
1637,yolo,3.148,1.91,49.029,57.994,18.42,2,"{'fire hydrant': 1, 'car': 1}"
1638,yolo,1.844,1.916,52.962,60.446,18.32,2,"{'fire hydrant': 1, 'car': 1}"
1639,yolo,3.262,2.885,71.053,81.339,17.97,3,"{'fire hydrant': 1, 'car': 2}"
1640,yolo,2.982,2.015,55.978,67.186,17.82,2,"{'fire hydrant': 1, 'car': 1}"
1641,yolo,2.523,1.924,51.677,60.073,17.79,3,"{'fire hydrant': 1, 'car': 2}"
1642,yolo,3.136,1.923,53.088,61.909,17.69,2,"{'fire hydrant': 1, 'car': 1}"
1643,yolo,2.221,1.626,53.068,60.348,17.62,2,"{'fire hydrant': 1, 'car': 1}"
1644,yolo,2.332,1.859,51.409,59.308,17.53,2,"{'fire hydrant': 1, 'car': 1}"
1645,yolo,2.792,2.357,48.65,58.303,17.43,2,"{'fire hydrant': 1, 'car': 1}"
1646,yolo,2.625,1.178,48.193,56.059,17.4,2,"{'fire hydrant': 1, 'car': 1}"
1647,yolo,2.747,1.54,55.147,62.804,17.29,2,"{'fire hydrant': 1, 'car': 1}"
1648,yolo,2.944,1.852,50.932,59.37,17.23,2,"{'fire hydrant': 1, 'car': 1}"
1649,yolo,2.759,1.845,48.032,56.1,17.27,2,"{'fire hydrant': 1, 'car': 1}"
1650,yolo,2.063,1.325,43.279,51.031,17.28,2,"{'fire hydrant': 1, 'car': 1}"
1651,yolo,3.156,1.848,50.318,59.325,17.23,2,"{'car': 1, 'fire hydrant': 1}"
1652,yolo,2.862,2.005,49.013,57.46,17.15,2,"{'fire hydrant': 1, 'car': 1}"
1653,yolo,2.816,1.937,49.332,58.714,17.1,3,"{'car': 2, 'fire hydrant': 1}"
1654,yolo,2.349,2.19,49.419,60.309,17.14,2,"{'fire hydrant': 1, 'car': 1}"
1655,yolo,2.37,1.609,46.51,53.949,17.2,3,"{'fire hydrant': 1, 'car': 2}"
1656,yolo,1.879,1.797,45.912,53.223,17.26,2,"{'fire hydrant': 1, 'car': 1}"
1657,yolo,1.914,1.93,47.793,54.544,17.25,1,{'car': 1}
1658,yolo,2.873,1.522,44.63,53.62,17.28,1,{'car': 1}
1659,yolo,2.583,1.261,44.201,51.177,17.31,1,{'car': 1}
1660,yolo,1.771,1.771,47.91,54.658,17.29,1,{'car': 1}
1661,yolo,2.16,1.326,46.601,52.702,17.29,1,{'car': 1}
1662,yolo,2.122,2.278,44.417,55.191,17.29,1,{'car': 1}
1663,yolo,2.164,1.537,44.542,51.303,17.3,1,{'car': 1}
1664,yolo,2.661,1.328,41.549,48.9,17.4,1,{'car': 1}
1665,yolo,2.521,1.957,46.066,54.306,17.36,2,"{'car': 1, 'person': 1}"
1666,yolo,1.866,1.925,45.807,54.801,17.38,2,"{'car': 1, 'person': 1}"
1667,yolo,2.6,1.448,46.122,52.982,17.43,1,{'car': 1}
1668,yolo,2.071,1.098,44.625,50.208,17.53,1,{'car': 1}
1669,yolo,1.948,1.908,48.859,56.109,17.79,2,"{'car': 1, 'truck': 1}"
1670,yolo,2.479,2.273,48.536,58.435,17.89,1,{'truck': 1}
1671,yolo,2.311,1.346,47.097,53.878,17.95,2,"{'truck': 1, 'car': 1}"
1672,yolo,1.999,1.953,44.912,51.779,18.06,1,{'truck': 1}
1673,yolo,2.336,1.375,45.942,52.873,18.14,1,{'car': 1}
1674,yolo,2.279,1.433,53.134,61.397,18.12,1,{'car': 1}
1675,yolo,2.723,1.909,51.583,59.435,18.11,1,{'car': 1}
1676,yolo,2.399,2.071,49.843,57.501,18.09,2,"{'car': 1, 'truck': 1}"
1677,yolo,2.643,2.273,49.663,58.766,18.14,1,{'car': 1}
1678,yolo,2.043,1.393,45.561,53.668,18.2,1,{'car': 1}
1679,yolo,2.619,1.34,48.452,55.786,18.2,1,{'car': 1}
1680,yolo,2.093,1.801,45.404,52.982,18.18,2,"{'car': 1, 'person': 1}"
1681,yolo,2.893,1.416,43.029,51.001,18.27,2,"{'person': 1, 'car': 1}"
1682,yolo,3.296,1.783,50.29,60.76,18.24,2,"{'car': 1, 'person': 1}"
1683,yolo,2.433,1.993,48.444,56.281,18.26,3,"{'person': 1, 'car': 1, 'truck': 1}"
1684,yolo,1.941,1.354,45.85,52.238,18.35,3,"{'person': 1, 'car': 1, 'truck': 1}"
1685,yolo,2.003,1.363,46.602,52.974,18.37,1,{'car': 1}
1686,yolo,1.911,1.385,47.701,55.866,18.34,2,"{'car': 1, 'truck': 1}"
1687,yolo,2.505,2.412,45.268,53.764,18.34,2,{'car': 2}
1688,yolo,1.992,1.291,44.244,50.589,18.38,3,"{'car': 2, 'person': 1}"
1689,yolo,2.022,1.146,46.397,52.365,18.37,3,"{'car': 2, 'person': 1}"
1690,yolo,1.917,1.878,46.492,55.428,18.36,3,"{'car': 2, 'person': 1}"
1691,yolo,2.458,1.81,48.623,56.268,18.32,3,"{'car': 2, 'person': 1}"
1692,yolo,1.913,1.22,43.556,50.064,18.37,3,"{'car': 2, 'person': 1}"
1693,yolo,2.109,1.375,54.664,61.213,18.26,2,{'car': 2}
1694,yolo,2.03,1.39,51.595,59.822,18.14,3,{'car': 3}
1695,yolo,2.479,1.817,48.022,55.569,18.13,2,{'car': 2}
1696,yolo,2.249,2.468,49.857,58.097,18.09,3,{'car': 3}
1697,yolo,2.506,1.782,62.854,73.633,17.87,4,"{'car': 2, 'truck': 1, 'person': 1}"
1698,yolo,2.808,1.301,52.91,60.276,17.76,3,{'car': 3}
1699,yolo,2.309,1.379,48.261,55.385,17.77,3,"{'car': 2, 'person': 1}"
1700,yolo,2.149,1.541,46.792,54.36,17.81,6,"{'person': 1, 'car': 4, 'truck': 1}"
1701,yolo,2.378,1.881,48.842,58.8,17.76,5,"{'car': 3, 'person': 1, 'truck': 1}"
1702,yolo,2.648,2.353,50.244,59.24,17.68,5,"{'car': 3, 'person': 1, 'truck': 1}"
1703,yolo,2.209,1.439,49.11,56.295,17.65,5,"{'car': 4, 'person': 1}"
1704,yolo,2.149,1.406,49.467,56.704,17.7,5,"{'person': 1, 'car': 4}"
1705,yolo,2.292,2.129,49.583,60.273,17.69,6,"{'person': 1, 'car': 4, 'truck': 1}"
1706,yolo,2.497,1.972,51.352,60.62,17.66,5,"{'person': 1, 'car': 4}"
1707,yolo,2.201,1.619,46.818,54.405,17.7,5,"{'person': 1, 'car': 4}"
1708,yolo,2.811,1.398,52.301,60.179,17.63,4,"{'person': 1, 'car': 3}"
1709,yolo,2.215,1.81,47.636,58.56,17.61,5,"{'person': 1, 'car': 4}"
1710,yolo,2.104,2.139,49.954,57.528,17.56,5,"{'person': 1, 'car': 3, 'truck': 1}"
1711,yolo,2.252,1.25,44.148,51.275,17.56,6,"{'person': 1, 'car': 4, 'truck': 1}"
1712,yolo,2.456,2.522,49.004,58.024,17.58,4,"{'car': 3, 'person': 1}"
1713,yolo,1.925,1.847,44.107,53.647,17.61,5,"{'car': 3, 'person': 1, 'truck': 1}"
1714,yolo,3.089,1.39,45.881,53.97,17.59,6,"{'person': 1, 'car': 4, 'truck': 1}"
1715,yolo,2.148,1.735,44.281,51.911,17.6,5,"{'car': 3, 'person': 1, 'truck': 1}"
1716,yolo,2.491,2.044,48.096,56.265,17.6,6,"{'person': 1, 'car': 4, 'truck': 1}"
1717,yolo,3.078,2.093,56.918,68.009,17.45,6,"{'person': 1, 'car': 5}"
1718,yolo,2.597,2.038,49.73,58.356,17.38,6,"{'person': 1, 'car': 5}"
1719,yolo,2.339,1.548,45.596,53.205,17.37,6,"{'person': 1, 'car': 5}"
1720,yolo,2.03,1.965,47.366,55.175,17.37,5,"{'person': 1, 'car': 4}"
1721,yolo,1.998,1.498,51.774,60.91,17.32,5,"{'person': 1, 'car': 4}"
1722,yolo,3.492,2.11,58.129,68.097,17.14,5,"{'person': 1, 'car': 3, 'truck': 1}"
1723,yolo,2.835,1.709,50.214,59.153,17.16,6,"{'person': 1, 'car': 5}"
1724,yolo,2.934,1.476,50.879,59.189,17.17,6,"{'person': 1, 'car': 5}"
1725,yolo,2.212,1.405,51.436,58.85,17.14,6,"{'person': 1, 'car': 5}"
1726,yolo,2.527,1.576,51.734,59.422,17.13,5,"{'person': 1, 'car': 4}"
1727,yolo,2.438,1.702,47.765,57.121,17.29,6,"{'car': 5, 'person': 1}"
1728,yolo,2.409,1.421,47.924,55.173,17.34,6,"{'car': 5, 'person': 1}"
1729,yolo,2.307,1.911,49.433,57.638,17.32,7,"{'car': 6, 'person': 1}"
1730,yolo,2.326,1.966,48.592,57.277,17.29,7,"{'car': 6, 'person': 1}"
1731,yolo,3.228,2.005,53.573,65.871,17.22,7,"{'car': 6, 'person': 1}"
1732,yolo,2.68,1.931,51.567,59.465,17.22,4,"{'car': 3, 'person': 1}"
1733,yolo,2.292,1.728,44.773,52.266,17.26,4,{'car': 4}
1734,yolo,2.588,1.482,49.776,57.324,17.25,4,{'car': 4}
1735,yolo,3.405,2.126,52.555,63.268,17.22,4,{'car': 4}
1736,yolo,3.309,1.868,54.163,62.682,17.2,3,{'car': 3}
1737,yolo,2.345,1.909,51.013,59.036,17.15,3,{'car': 3}
1738,yolo,2.248,1.484,47.853,54.97,17.21,3,{'car': 3}
1739,yolo,2.566,2.456,49.632,60.634,17.18,3,{'car': 3}
1740,yolo,3.189,1.997,48.856,57.967,17.18,3,{'car': 3}
1741,yolo,2.037,1.186,46.028,52.081,17.17,3,{'car': 3}
1742,yolo,2.207,1.418,45.528,52.4,17.23,3,{'car': 3}
1743,yolo,1.971,2.276,46.436,57.877,17.19,3,{'car': 3}
1744,yolo,2.781,1.854,44.566,52.797,17.2,3,{'car': 3}
1745,yolo,2.636,1.355,50.648,57.575,17.14,3,{'car': 3}
1746,yolo,2.192,1.147,47.894,54.107,17.16,3,{'car': 3}
1747,yolo,2.338,2.075,44.437,53.65,17.31,3,{'car': 3}
1748,yolo,2.625,1.225,43.764,50.827,17.38,3,{'car': 3}
1749,yolo,2.0,2.16,47.828,55.607,17.36,4,"{'car': 3, 'person': 1}"
1750,yolo,2.067,2.139,46.194,53.795,17.37,4,"{'car': 3, 'person': 1}"
1751,yolo,1.996,1.971,46.224,56.006,17.42,4,"{'car': 3, 'person': 1}"
1752,yolo,2.111,2.053,47.958,55.819,17.55,3,{'car': 3}
1753,yolo,2.997,1.474,50.717,59.294,17.54,3,{'car': 3}
1754,yolo,2.191,2.329,45.274,53.45,17.6,3,{'car': 3}
1755,yolo,2.233,1.998,44.296,58.002,17.61,3,{'car': 3}
1756,yolo,2.222,1.956,46.156,53.765,17.67,3,{'car': 3}
1757,yolo,2.662,2.126,57.592,66.288,17.58,3,{'car': 3}
1758,yolo,3.359,1.955,56.491,65.821,17.47,3,{'car': 3}
1759,yolo,2.266,1.62,50.281,59.593,17.45,4,{'car': 4}
1760,yolo,2.515,1.489,49.289,57.119,17.45,3,{'car': 3}
1761,yolo,2.257,2.207,49.177,57.472,17.53,3,{'car': 3}
1762,yolo,2.039,1.911,53.997,61.293,17.52,3,{'car': 3}
1763,yolo,2.018,1.4,53.421,62.199,17.41,3,{'car': 3}
1764,yolo,2.597,1.397,47.368,54.547,17.44,3,{'car': 3}
1765,yolo,2.636,1.768,49.973,57.779,17.5,3,{'car': 3}
1766,yolo,1.84,1.455,45.624,52.137,17.61,3,{'car': 3}
1767,yolo,3.081,1.542,50.923,60.792,17.59,3,{'car': 3}
1768,yolo,2.732,1.888,51.434,59.614,17.54,3,{'car': 3}
1769,yolo,2.528,1.519,53.024,60.104,17.55,2,{'car': 2}
1770,yolo,1.989,1.261,46.393,52.748,17.6,3,{'car': 3}
1771,yolo,2.128,1.391,47.051,55.503,17.56,3,{'car': 3}
1772,yolo,2.802,1.649,51.156,59.157,17.5,3,{'car': 3}
1773,yolo,1.861,1.795,47.223,54.268,17.53,3,{'car': 3}
1774,yolo,2.176,2.407,51.335,59.769,17.46,3,{'car': 3}
1775,yolo,2.108,1.638,48.267,57.39,17.46,2,{'car': 2}
1776,yolo,2.425,1.935,50.787,58.462,17.42,2,{'car': 2}
1777,yolo,2.17,1.599,46.011,53.076,17.42,2,{'car': 2}
1778,yolo,1.942,1.283,42.865,48.942,17.44,2,{'car': 2}
1779,yolo,2.149,1.792,48.443,57.548,17.42,2,{'car': 2}
1780,yolo,2.283,1.911,44.023,51.346,17.45,2,{'car': 2}
1781,yolo,2.618,2.035,47.791,55.972,17.45,2,{'car': 2}
1782,yolo,2.034,1.744,48.05,55.77,17.45,2,{'car': 2}
1783,yolo,2.096,1.278,44.342,52.423,17.52,2,{'car': 2}
1784,yolo,2.588,2.229,47.229,55.04,17.5,2,{'car': 2}
1785,yolo,2.368,1.591,45.545,52.619,17.56,3,"{'car': 2, 'train': 1}"
1786,yolo,2.305,2.057,53.097,61.198,17.48,3,"{'car': 2, 'train': 1}"
1787,yolo,2.218,1.343,44.914,53.635,17.61,3,"{'car': 2, 'train': 1}"
1788,yolo,2.497,1.979,46.256,54.304,17.73,3,"{'car': 2, 'train': 1}"
1789,yolo,2.161,1.805,42.98,49.968,17.83,3,{'car': 3}
1790,yolo,1.877,1.498,43.195,49.908,17.91,2,{'car': 2}
1791,yolo,2.154,1.345,43.469,51.994,17.97,2,{'car': 2}
1792,yolo,2.425,1.303,42.84,49.456,18.1,2,{'car': 2}
1793,yolo,1.689,2.148,43.743,51.329,18.22,3,{'car': 3}
1794,yolo,1.783,1.368,44.651,50.562,18.26,3,{'car': 3}
1795,yolo,1.837,1.104,43.867,50.868,18.34,3,{'car': 3}
1796,yolo,2.241,1.878,46.498,54.44,18.31,5,{'car': 5}
1797,yolo,1.803,1.781,44.581,51.791,18.41,4,{'car': 4}
1798,yolo,1.816,2.067,44.278,51.503,18.51,4,{'car': 4}
1799,yolo,2.084,1.92,46.523,55.908,18.55,4,{'car': 4}
1800,yolo,2.181,1.115,38.836,44.855,18.65,3,{'car': 3}
1801,yolo,1.637,1.476,44.005,50.486,18.7,3,{'car': 3}
1802,yolo,1.861,1.862,41.851,48.858,18.82,3,{'car': 3}
1803,yolo,2.069,1.292,42.247,50.458,18.87,3,{'car': 3}
1804,yolo,2.14,1.743,43.651,50.979,18.97,5,{'car': 5}
1805,yolo,1.83,1.471,42.434,49.159,19.07,4,{'car': 4}
1806,yolo,1.66,1.742,41.919,48.347,19.2,3,{'car': 3}
1807,yolo,2.01,1.178,41.632,49.144,19.25,3,{'car': 3}
1808,yolo,2.841,1.381,46.346,53.714,19.19,3,{'car': 3}
1809,yolo,2.203,1.179,44.973,51.728,19.26,4,{'car': 4}
1810,yolo,2.474,1.329,46.047,52.943,19.24,3,{'car': 3}
1811,yolo,2.082,1.171,44.079,51.562,19.29,3,{'car': 3}
1812,yolo,2.386,1.325,48.382,56.814,19.28,3,{'car': 3}
1813,yolo,2.131,2.02,45.634,53.38,19.27,3,{'car': 3}
1814,yolo,1.999,1.476,47.266,54.084,19.28,3,{'car': 3}
1815,yolo,2.228,1.626,47.825,58.235,19.21,3,{'car': 3}
1816,yolo,2.393,2.377,50.313,58.674,19.24,3,{'car': 3}
1817,yolo,1.749,1.845,43.97,50.41,19.28,3,{'car': 3}
1818,yolo,1.756,1.929,45.535,52.271,19.31,3,{'car': 3}
1819,yolo,2.423,2.135,43.365,53.439,19.26,3,{'car': 3}
1820,yolo,2.628,1.834,47.206,54.91,19.2,3,{'car': 3}
1821,yolo,2.012,1.234,42.091,48.367,19.25,3,{'car': 3}
1822,yolo,1.985,1.286,43.46,49.822,19.24,3,{'car': 3}
1823,yolo,1.725,2.089,45.803,55.551,19.19,3,{'car': 3}
1824,yolo,3.898,1.473,51.74,60.482,19.07,3,{'car': 3}
1825,yolo,1.816,2.11,45.158,53.636,19.04,4,{'car': 4}
1826,yolo,2.576,1.699,43.295,51.581,19.07,3,{'car': 3}
1827,yolo,2.133,1.784,44.062,53.246,19.05,3,{'car': 3}
1828,yolo,2.53,1.192,40.695,47.267,19.1,3,{'car': 3}
1829,yolo,1.968,1.334,45.505,52.135,19.15,2,{'car': 2}
1830,yolo,2.004,1.112,41.048,46.913,19.13,3,{'car': 3}
1831,yolo,2.436,1.797,43.144,52.96,19.1,3,{'car': 3}
1832,yolo,2.14,1.316,46.99,53.492,19.04,2,{'car': 2}
1833,yolo,2.256,1.447,44.624,51.49,19.03,2,{'car': 2}
1834,yolo,2.136,1.141,43.895,50.03,19.04,2,{'car': 2}
1835,yolo,2.738,1.705,44.634,53.683,18.98,2,{'car': 2}
1836,yolo,2.286,1.409,45.199,52.008,18.94,2,{'car': 2}
1837,yolo,2.717,1.248,53.835,61.107,18.8,2,{'car': 2}
1838,yolo,2.24,2.177,51.821,60.109,18.72,2,{'car': 2}
1839,yolo,2.2,2.28,47.444,57.247,18.66,2,{'car': 2}
1840,yolo,2.485,2.086,45.141,52.725,18.66,2,{'car': 2}
1841,yolo,2.107,1.271,42.611,48.949,18.69,2,{'car': 2}
1842,yolo,1.794,1.328,43.301,49.877,18.77,2,{'car': 2}
1843,yolo,2.228,1.6,44.391,53.982,18.77,2,{'car': 2}
1844,yolo,2.23,1.983,45.912,53.632,18.77,2,{'car': 2}
1845,yolo,1.866,1.198,44.659,50.426,18.86,2,{'car': 2}
1846,yolo,1.757,1.297,41.21,47.13,19.0,2,{'car': 2}
1847,yolo,2.1,1.321,45.612,54.46,18.95,2,{'car': 2}
1848,yolo,2.965,1.656,49.854,57.763,18.89,2,{'car': 2}
1849,yolo,2.043,1.832,44.713,52.543,18.9,2,{'car': 2}
1850,yolo,2.315,1.799,47.167,54.866,18.9,2,{'car': 2}
1851,yolo,1.77,1.13,41.37,48.415,18.9,2,{'car': 2}
1852,yolo,2.288,1.866,46.159,53.286,18.86,2,{'car': 2}
1853,yolo,2.782,1.348,50.621,58.135,18.83,2,{'car': 2}
1854,yolo,2.196,1.851,47.667,55.509,18.88,2,{'car': 2}
1855,yolo,2.712,1.588,46.667,56.39,18.85,2,{'car': 2}
1856,yolo,2.652,1.5,45.182,52.996,18.84,2,{'car': 2}
1857,yolo,2.059,1.305,42.933,49.247,18.88,2,{'car': 2}
1858,yolo,2.192,1.813,47.931,55.277,18.79,2,{'car': 2}
1859,yolo,2.074,1.418,41.874,50.262,18.81,3,{'car': 3}
1860,yolo,2.231,1.61,44.166,50.994,18.76,2,{'car': 2}
1861,yolo,1.848,1.436,41.201,47.963,18.82,2,{'car': 2}
1862,yolo,2.3,1.154,44.698,50.877,18.85,2,"{'stop sign': 1, 'car': 1}"
1863,yolo,1.743,1.319,42.874,50.548,18.86,2,"{'stop sign': 1, 'car': 1}"
1864,yolo,2.001,1.146,42.581,48.269,18.88,2,"{'stop sign': 1, 'car': 1}"
1865,yolo,1.98,1.13,38.87,44.648,18.99,2,"{'stop sign': 1, 'car': 1}"
1866,yolo,1.646,1.523,42.754,48.775,19.03,2,"{'stop sign': 1, 'car': 1}"
1867,yolo,1.914,1.194,40.019,47.297,19.2,2,"{'stop sign': 1, 'car': 1}"
1868,yolo,2.101,1.19,42.616,48.602,19.34,2,"{'stop sign': 1, 'car': 1}"
1869,yolo,1.666,1.151,39.889,45.413,19.49,2,"{'stop sign': 1, 'car': 1}"
1870,yolo,1.887,1.405,44.029,50.955,19.51,2,"{'stop sign': 1, 'car': 1}"
1871,yolo,1.715,1.79,40.13,48.221,19.52,4,"{'stop sign': 1, 'car': 3}"
1872,yolo,2.084,1.239,39.22,45.509,19.58,3,"{'stop sign': 1, 'car': 2}"
1873,yolo,1.992,1.134,44.565,50.411,19.62,3,"{'stop sign': 1, 'car': 2}"
1874,yolo,1.947,2.133,44.182,51.801,19.65,3,"{'stop sign': 1, 'car': 2}"
1875,yolo,2.061,1.374,41.087,49.013,19.66,3,"{'stop sign': 1, 'car': 2}"
1876,yolo,2.182,1.778,44.456,51.665,19.61,2,"{'stop sign': 1, 'car': 1}"
1877,yolo,1.764,1.479,45.055,51.644,19.64,3,"{'stop sign': 1, 'car': 2}"
1878,yolo,2.118,1.297,47.383,53.652,19.7,2,"{'stop sign': 1, 'car': 1}"
1879,yolo,2.052,1.331,47.658,55.59,19.66,2,"{'stop sign': 1, 'car': 1}"
1880,yolo,2.498,1.331,42.691,49.603,19.72,2,"{'stop sign': 1, 'car': 1}"
1881,yolo,1.731,1.75,40.781,47.787,19.73,2,"{'stop sign': 1, 'car': 1}"
1882,yolo,1.941,3.538,42.057,50.218,19.77,2,"{'stop sign': 1, 'car': 1}"
1883,yolo,2.274,1.841,46.2,55.443,19.81,2,"{'stop sign': 1, 'car': 1}"
1884,yolo,2.165,1.373,43.498,50.147,19.88,3,"{'stop sign': 1, 'car': 2}"
1885,yolo,1.906,2.012,43.155,50.284,19.96,4,"{'stop sign': 1, 'car': 3}"
1886,yolo,1.882,1.121,40.167,45.985,20.05,3,"{'stop sign': 1, 'car': 2}"
1887,yolo,1.906,1.522,44.599,51.346,20.02,3,"{'stop sign': 1, 'car': 2}"
1888,yolo,1.876,1.772,41.968,48.519,20.11,3,"{'stop sign': 1, 'car': 2}"
1889,yolo,1.864,1.809,42.961,52.342,20.09,3,"{'stop sign': 1, 'car': 2}"
1890,yolo,2.268,1.259,42.63,49.354,20.11,3,"{'stop sign': 1, 'car': 2}"
1891,yolo,2.035,1.169,42.903,48.927,20.1,3,"{'stop sign': 1, 'car': 2}"
1892,yolo,1.664,1.487,41.814,50.125,20.11,4,"{'stop sign': 1, 'car': 3}"
1893,yolo,2.678,1.754,44.521,52.406,20.08,3,"{'stop sign': 1, 'car': 2}"
1894,yolo,1.845,1.347,37.726,44.081,20.14,3,"{'stop sign': 1, 'car': 2}"
1895,yolo,1.752,1.39,39.435,45.196,20.13,3,"{'stop sign': 1, 'car': 2}"
1896,yolo,1.733,1.093,38.373,44.895,20.18,3,"{'stop sign': 1, 'car': 2}"
1897,yolo,2.214,1.787,42.348,49.493,20.15,3,"{'stop sign': 1, 'car': 2}"
1898,yolo,2.018,1.397,39.163,45.541,20.19,2,"{'stop sign': 1, 'car': 1}"
1899,yolo,1.795,1.966,40.781,48.059,20.16,2,"{'stop sign': 1, 'car': 1}"
1900,yolo,2.953,1.136,53.322,61.727,20.01,2,"{'stop sign': 1, 'car': 1}"
1901,yolo,2.289,1.145,44.243,50.389,19.98,2,"{'stop sign': 1, 'car': 1}"
1902,yolo,1.873,1.345,44.019,50.108,19.92,2,"{'stop sign': 1, 'car': 1}"
1903,yolo,1.911,1.854,47.428,54.306,19.87,2,"{'stop sign': 1, 'car': 1}"
1904,yolo,1.873,1.903,45.856,54.818,19.83,2,"{'stop sign': 1, 'car': 1}"
1905,yolo,2.283,1.991,50.686,57.721,19.72,2,"{'stop sign': 1, 'car': 1}"
1906,yolo,2.357,1.446,43.891,50.857,19.73,2,"{'stop sign': 1, 'car': 1}"
1907,yolo,3.085,1.669,53.527,61.615,19.6,4,"{'stop sign': 1, 'car': 3}"
1908,yolo,2.965,1.9,49.964,60.495,19.51,4,"{'stop sign': 1, 'car': 3}"
1909,yolo,3.534,1.556,51.955,60.719,19.45,3,"{'stop sign': 1, 'car': 2}"
1910,yolo,2.393,2.041,50.602,58.969,19.33,3,"{'stop sign': 1, 'car': 2}"
1911,yolo,2.099,1.223,45.233,51.435,19.29,2,"{'stop sign': 1, 'car': 1}"
1912,yolo,2.278,1.378,47.677,56.524,19.21,3,"{'stop sign': 1, 'car': 2}"
1913,yolo,2.734,2.194,49.265,57.691,19.18,3,"{'stop sign': 1, 'car': 2}"
1914,yolo,2.321,2.054,61.471,69.661,18.94,2,"{'stop sign': 1, 'car': 1}"
1915,yolo,3.267,1.444,53.492,61.518,18.81,2,"{'stop sign': 1, 'car': 1}"
1916,yolo,2.199,2.203,90.015,101.055,18.18,2,"{'stop sign': 1, 'car': 1}"
1917,yolo,4.434,4.021,124.673,139.296,17.26,2,"{'stop sign': 1, 'car': 1}"
1918,yolo,4.344,2.945,151.98,167.232,16.16,2,"{'stop sign': 1, 'car': 1}"
1919,yolo,5.277,4.064,152.752,169.204,15.2,2,"{'stop sign': 1, 'car': 1}"
1920,yolo,5.086,4.251,119.034,138.002,14.55,2,"{'stop sign': 1, 'car': 1}"
1921,yolo,4.685,3.054,103.007,116.766,14.09,2,"{'stop sign': 1, 'car': 1}"
1922,yolo,5.96,1.968,112.22,124.331,13.61,2,"{'stop sign': 1, 'car': 1}"
1923,yolo,2.044,1.659,42.368,49.263,13.63,2,"{'stop sign': 1, 'car': 1}"
1924,yolo,1.672,1.814,39.615,46.604,13.61,2,"{'stop sign': 1, 'car': 1}"
1925,yolo,1.754,1.391,39.536,45.313,13.61,2,"{'stop sign': 1, 'car': 1}"
1926,yolo,1.722,1.086,37.837,44.064,13.62,2,"{'stop sign': 1, 'car': 1}"
1927,yolo,2.017,1.213,37.055,43.066,13.66,2,"{'stop sign': 1, 'car': 1}"
1928,yolo,2.438,1.958,64.718,72.745,13.49,2,"{'stop sign': 1, 'car': 1}"
1929,yolo,2.888,1.249,48.439,56.492,13.44,2,"{'stop sign': 1, 'car': 1}"
1930,yolo,2.464,1.537,41.101,48.241,13.52,2,"{'stop sign': 1, 'car': 1}"
1931,yolo,1.715,1.32,44.36,50.507,13.52,2,"{'stop sign': 1, 'car': 1}"
1932,yolo,1.501,1.212,38.018,43.404,13.56,2,"{'stop sign': 1, 'car': 1}"
1933,yolo,1.82,1.708,51.386,59.426,13.53,2,"{'stop sign': 1, 'car': 1}"
1934,yolo,3.351,1.653,52.074,60.297,13.5,2,"{'stop sign': 1, 'car': 1}"
1935,yolo,2.82,1.53,41.921,49.793,13.55,2,"{'stop sign': 1, 'car': 1}"
1936,yolo,2.45,1.22,38.138,44.707,13.58,2,"{'stop sign': 1, 'car': 1}"
1937,yolo,3.227,1.929,47.465,58.197,13.61,2,"{'stop sign': 1, 'car': 1}"
1938,yolo,3.97,1.863,56.122,65.29,13.58,2,"{'stop sign': 1, 'car': 1}"
1939,yolo,2.034,1.352,45.484,51.765,13.63,2,"{'stop sign': 1, 'car': 1}"
1940,yolo,2.009,1.502,47.188,53.477,13.67,1,{'car': 1}
1941,yolo,2.147,1.845,46.699,56.042,13.64,1,{'car': 1}
1942,yolo,2.407,1.396,51.456,58.301,13.63,1,{'car': 1}
1943,yolo,2.205,1.254,45.826,52.967,13.65,1,{'car': 1}
1944,yolo,2.25,1.325,42.963,49.285,13.78,1,{'car': 1}
1945,yolo,2.4,1.461,45.98,54.322,13.83,1,{'car': 1}
1946,yolo,2.29,1.222,45.488,51.712,14.15,1,{'car': 1}
1947,yolo,1.803,1.332,43.373,49.202,14.78,1,{'car': 1}
1948,yolo,2.184,1.366,43.065,49.477,15.69,1,{'car': 1}
1949,yolo,2.192,1.268,44.075,51.856,16.71,1,{'car': 1}
1950,yolo,2.875,1.199,46.437,53.322,17.54,1,{'car': 1}
1951,yolo,2.573,1.325,43.725,50.559,18.25,2,{'car': 2}
1952,yolo,2.277,1.337,42.106,48.475,19.13,1,{'car': 1}
1953,yolo,1.913,1.967,44.753,53.618,19.08,1,{'car': 1}
1954,yolo,2.28,1.785,47.018,54.295,18.98,1,{'car': 1}
1955,yolo,2.407,1.932,43.368,50.961,18.92,1,{'car': 1}
1956,yolo,1.831,1.313,43.461,49.492,18.85,1,{'car': 1}
1957,yolo,2.02,1.395,45.308,53.947,18.72,1,{'car': 1}
1958,yolo,2.739,1.695,46.595,54.245,18.94,1,{'car': 1}
1959,yolo,2.226,1.821,45.429,53.299,18.98,1,{'car': 1}
1960,yolo,1.811,1.866,48.034,55.474,18.9,2,{'car': 2}
1961,yolo,2.215,1.83,43.659,53.228,18.86,1,{'car': 1}
1962,yolo,2.404,2.041,43.165,50.691,18.78,1,{'car': 1}
1963,yolo,2.041,1.43,45.876,52.438,18.86,1,{'car': 1}
1964,yolo,1.982,2.16,44.328,52.094,18.96,1,{'car': 1}
1965,yolo,2.334,1.714,42.056,51.883,18.93,1,{'car': 1}
1966,yolo,2.211,1.759,43.978,50.754,18.86,1,{'car': 1}
1967,yolo,2.135,1.436,40.966,47.41,18.99,1,{'car': 1}
1968,yolo,1.958,1.289,42.031,47.979,19.2,1,{'car': 1}
1969,yolo,2.778,1.853,52.701,62.864,19.06,2,"{'car': 1, 'stop sign': 1}"
1970,yolo,2.701,2.069,47.71,55.689,19.04,3,"{'car': 2, 'stop sign': 1}"
1971,yolo,2.203,1.193,42.141,49.118,19.12,3,"{'car': 2, 'stop sign': 1}"
1972,yolo,1.712,1.133,42.489,47.916,19.25,2,{'car': 2}
1973,yolo,2.117,1.923,45.41,54.036,19.24,2,"{'car': 1, 'stop sign': 1}"
1974,yolo,2.679,1.363,51.772,58.752,19.12,2,"{'car': 1, 'stop sign': 1}"
1975,yolo,2.087,2.027,51.073,58.555,19.07,2,"{'car': 1, 'stop sign': 1}"
1976,yolo,2.596,1.162,46.389,52.926,19.05,2,"{'car': 1, 'stop sign': 1}"
1977,yolo,1.802,1.368,42.173,49.374,19.05,2,"{'car': 1, 'stop sign': 1}"
1978,yolo,2.546,1.298,43.996,50.775,19.04,2,"{'car': 1, 'stop sign': 1}"
1979,yolo,2.028,1.358,46.38,53.34,19.02,3,"{'car': 2, 'traffic light': 1}"
1980,yolo,1.949,1.532,44.623,51.431,19.04,2,"{'car': 1, 'stop sign': 1}"
1981,yolo,1.785,1.646,53.037,62.02,18.9,1,{'car': 1}
1982,yolo,2.857,1.483,53.601,61.267,18.75,2,"{'car': 1, 'stop sign': 1}"
1983,yolo,2.232,1.679,49.662,56.893,18.71,2,"{'stop sign': 1, 'car': 1}"
1984,yolo,2.258,1.955,44.543,52.676,18.73,3,"{'car': 2, 'stop sign': 1}"
1985,yolo,2.398,1.893,46.145,55.737,18.68,3,"{'car': 2, 'stop sign': 1}"
1986,yolo,3.022,1.798,60.941,69.29,18.45,2,"{'car': 1, 'stop sign': 1}"
1987,yolo,2.313,1.64,52.144,59.591,18.39,2,"{'car': 1, 'stop sign': 1}"
1988,yolo,2.522,1.917,52.419,60.399,18.32,2,{'car': 2}
1989,yolo,1.985,1.954,46.987,56.537,18.28,1,{'car': 1}
1990,yolo,3.4,1.399,47.538,55.707,18.28,1,{'car': 1}
1991,yolo,2.282,1.388,46.031,53.159,18.28,2,{'car': 2}
1992,yolo,2.082,1.205,48.929,55.177,18.23,1,{'car': 1}
1993,yolo,2.111,1.421,46.016,53.761,18.21,3,{'car': 3}
1994,yolo,2.367,2.3,57.335,65.643,18.07,2,"{'car': 1, 'traffic light': 1}"
1995,yolo,3.489,1.454,50.69,59.109,17.99,1,{'car': 1}
1996,yolo,1.85,2.201,46.687,54.777,17.94,1,{'car': 1}
1997,yolo,2.065,1.36,44.959,53.629,17.88,3,"{'car': 2, 'traffic light': 1}"
1998,yolo,3.114,1.358,49.826,57.378,17.78,3,{'car': 3}
1999,yolo,1.98,1.471,52.895,59.555,17.81,1,{'car': 1}
2000,yolo,2.711,1.393,49.198,56.263,17.81,1,{'car': 1}
