frame,mode,preprocess_ms,threshold_or_post_ms,detect_ms,total_ms,fps,objects,counts
1,contour,8.788,18.297,31.351,59.054,16.93,36,"{'other': 25, 'pentagon': 6, 'triangle': 3, 'rectangle': 2}"
2,contour,1.732,14.957,9.523,27.188,23.19,39,"{'other': 22, 'rectangle': 5, 'pentagon': 8, 'triangle': 4}"
3,contour,1.931,14.634,9.67,27.247,26.43,37,"{'other': 18, 'rectangle': 10, 'pentagon': 7, 'square': 1, 'triangle': 1}"
4,contour,1.611,15.033,9.695,27.382,28.39,42,"{'other': 23, 'pentagon': 8, 'rectangle': 6, 'triangle': 5}"
5,contour,1.475,14.877,9.904,27.264,29.74,39,"{'other': 24, 'triangle': 3, 'rectangle': 8, 'pentagon': 4}"
6,contour,1.617,14.392,9.736,26.836,30.77,41,"{'other': 20, 'rectangle': 9, 'pentagon': 6, 'triangle': 6}"
7,contour,1.617,14.506,10.071,27.228,31.5,41,"{'other': 21, 'rectangle': 12, 'pentagon': 5, 'triangle': 3}"
8,contour,1.612,14.53,10.361,27.593,32.03,43,"{'other': 27, 'triangle': 6, 'rectangle': 6, 'pentagon': 4}"
9,contour,1.662,14.853,10.027,27.58,32.45,40,"{'other': 24, 'rectangle': 6, 'pentagon': 5, 'triangle': 3, 'square': 2}"
10,contour,1.648,15.095,10.109,27.863,32.76,38,"{'other': 24, 'pentagon': 5, 'rectangle': 4, 'triangle': 4, 'square': 1}"
11,contour,1.607,14.519,10.032,27.285,33.08,39,"{'other': 21, 'triangle': 8, 'rectangle': 6, 'pentagon': 4}"
12,contour,1.64,15.904,10.16,28.745,33.22,42,"{'other': 28, 'rectangle': 5, 'pentagon': 3, 'triangle': 6}"
13,contour,1.631,14.598,9.972,27.267,33.46,38,"{'other': 23, 'rectangle': 5, 'pentagon': 5, 'triangle': 5}"
14,contour,1.577,15.016,10.172,27.794,33.63,43,"{'other': 25, 'triangle': 8, 'pentagon': 5, 'rectangle': 5}"
15,contour,1.78,16.354,11.441,31.29,33.51,38,"{'other': 25, 'triangle': 3, 'rectangle': 4, 'pentagon': 6}"
16,contour,1.737,15.618,10.277,28.676,33.59,38,"{'other': 23, 'triangle': 3, 'rectangle': 4, 'pentagon': 8}"
17,contour,1.691,15.751,10.302,28.806,33.66,38,"{'other': 27, 'triangle': 5, 'rectangle': 3, 'pentagon': 3}"
18,contour,1.573,15.167,10.347,28.142,33.76,39,"{'other': 23, 'square': 1, 'pentagon': 9, 'triangle': 4, 'rectangle': 2}"
19,contour,1.711,15.514,10.461,28.765,33.81,38,"{'other': 23, 'square': 1, 'pentagon': 9, 'triangle': 4, 'rectangle': 1}"
20,contour,1.417,15.975,10.383,28.873,33.85,43,"{'other': 24, 'square': 1, 'rectangle': 5, 'pentagon': 11, 'triangle': 2}"
21,contour,1.667,17.126,10.339,30.241,33.81,39,"{'rectangle': 10, 'other': 21, 'pentagon': 7, 'triangle': 1}"
22,contour,1.634,18.148,12.461,33.475,33.61,38,"{'rectangle': 6, 'other': 26, 'pentagon': 4, 'triangle': 2}"
23,contour,1.432,19.934,13.025,35.7,33.32,35,"{'rectangle': 4, 'other': 21, 'pentagon': 9, 'triangle': 1}"
24,contour,1.529,20.15,16.42,39.531,32.88,36,"{'rectangle': 7, 'other': 16, 'pentagon': 8, 'triangle': 5}"
25,contour,1.97,18.914,12.061,34.156,32.72,42,"{'rectangle': 6, 'other': 24, 'pentagon': 8, 'triangle': 3, 'circle': 1}"
26,contour,2.116,19.207,12.65,35.221,32.53,39,"{'other': 23, 'rectangle': 4, 'triangle': 5, 'pentagon': 7}"
27,contour,1.504,18.054,12.684,33.657,32.42,40,"{'rectangle': 8, 'other': 23, 'pentagon': 5, 'triangle': 3, 'circle': 1}"
28,contour,2.038,29.283,16.549,49.298,31.74,45,"{'rectangle': 6, 'other': 29, 'triangle': 3, 'pentagon': 6, 'circle': 1}"
29,contour,2.0,20.432,13.715,37.524,31.53,47,"{'rectangle': 6, 'other': 33, 'triangle': 2, 'pentagon': 5, 'circle': 1}"
30,contour,1.926,20.806,14.503,38.606,31.31,53,"{'rectangle': 13, 'other': 29, 'pentagon': 8, 'triangle': 2, 'circle': 1}"
31,contour,1.804,20.276,15.155,38.641,31.99,47,"{'rectangle': 10, 'other': 31, 'triangle': 3, 'pentagon': 2, 'circle': 1}"
32,contour,2.092,19.872,13.886,37.221,31.65,48,"{'rectangle': 12, 'other': 30, 'triangle': 2, 'pentagon': 4}"
33,contour,2.468,20.7,15.722,40.283,31.22,48,"{'rectangle': 8, 'other': 31, 'triangle': 4, 'pentagon': 4, 'circle': 1}"
34,contour,2.337,22.832,14.571,41.083,30.78,42,"{'rectangle': 7, 'other': 28, 'triangle': 3, 'circle': 1, 'pentagon': 3}"
35,contour,2.315,22.175,15.109,41.039,30.35,48,"{'rectangle': 5, 'other': 35, 'triangle': 2, 'pentagon': 5, 'circle': 1}"
36,contour,1.755,24.518,15.715,43.413,29.85,45,"{'triangle': 3, 'other': 32, 'pentagon': 5, 'rectangle': 3, 'square': 1, 'circle': 1}"
37,contour,2.055,19.904,15.84,39.49,29.49,47,"{'triangle': 3, 'other': 34, 'rectangle': 4, 'pentagon': 5, 'square': 1}"
38,contour,1.843,21.102,15.139,39.358,29.15,46,"{'rectangle': 10, 'other': 31, 'pentagon': 3, 'triangle': 1, 'circle': 1}"
39,contour,1.841,18.63,14.941,36.684,28.9,45,"{'pentagon': 6, 'other': 30, 'rectangle': 8, 'circle': 1}"
40,contour,2.114,18.89,16.313,39.057,28.59,47,"{'other': 36, 'rectangle': 5, 'triangle': 2, 'pentagon': 4}"
41,contour,2.117,20.844,17.015,41.538,28.21,46,"{'other': 35, 'triangle': 1, 'rectangle': 6, 'pentagon': 3, 'circle': 1}"
42,contour,1.851,18.21,15.534,37.116,27.99,44,"{'other': 35, 'triangle': 1, 'rectangle': 3, 'pentagon': 4, 'circle': 1}"
43,contour,1.933,19.57,15.183,38.074,27.71,43,"{'other': 28, 'triangle': 3, 'rectangle': 7, 'pentagon': 4, 'circle': 1}"
44,contour,1.553,18.274,15.468,37.207,27.47,50,"{'other': 43, 'rectangle': 5, 'pentagon': 2}"
45,contour,1.888,18.817,16.191,38.102,27.3,48,"{'other': 40, 'rectangle': 4, 'triangle': 2, 'pentagon': 2}"
46,contour,1.818,18.418,15.746,37.171,27.09,51,"{'other': 39, 'rectangle': 6, 'triangle': 3, 'pentagon': 3}"
47,contour,1.948,17.907,15.855,37.028,26.89,50,"{'triangle': 4, 'other': 34, 'rectangle': 5, 'pentagon': 7}"
48,contour,2.1,17.601,16.675,37.925,26.66,47,"{'triangle': 6, 'other': 34, 'rectangle': 2, 'pentagon': 5}"
49,contour,1.784,18.461,15.921,37.686,26.45,49,"{'other': 34, 'rectangle': 10, 'triangle': 3, 'pentagon': 2}"
50,contour,1.787,17.313,15.448,35.862,26.28,50,"{'other': 40, 'rectangle': 3, 'triangle': 5, 'pentagon': 2}"
51,contour,2.136,18.302,15.447,37.225,26.12,52,"{'rectangle': 7, 'other': 35, 'triangle': 4, 'pentagon': 6}"
52,contour,1.877,17.835,15.371,36.266,26.06,50,"{'rectangle': 6, 'other': 36, 'triangle': 4, 'pentagon': 3, 'square': 1}"
53,contour,2.002,18.575,16.199,37.934,26.01,57,"{'rectangle': 7, 'other': 41, 'triangle': 5, 'pentagon': 4}"
54,contour,1.938,19.424,15.972,38.548,26.03,55,"{'rectangle': 8, 'other': 41, 'triangle': 4, 'pentagon': 2}"
55,contour,1.607,17.337,19.146,39.309,25.92,54,"{'rectangle': 5, 'other': 41, 'triangle': 4, 'pentagon': 4}"
56,contour,1.871,18.251,15.736,36.972,25.88,58,"{'rectangle': 12, 'other': 42, 'triangle': 3, 'pentagon': 1}"
57,contour,2.028,17.076,15.744,36.281,25.82,57,"{'rectangle': 7, 'other': 45, 'triangle': 4, 'square': 1}"
58,contour,3.084,18.308,16.238,38.755,26.06,59,"{'rectangle': 8, 'other': 45, 'triangle': 5, 'pentagon': 1}"
59,contour,1.765,18.412,15.41,36.737,26.07,58,"{'rectangle': 9, 'other': 46, 'triangle': 2, 'pentagon': 1}"
60,contour,2.069,16.033,15.291,34.871,26.16,60,"{'rectangle': 13, 'triangle': 3, 'other': 40, 'pentagon': 4}"
61,contour,1.911,17.115,15.906,36.778,26.2,56,"{'pentagon': 4, 'rectangle': 8, 'other': 40, 'triangle': 3, 'circle': 1}"
62,contour,2.249,17.99,17.123,38.564,26.17,57,"{'rectangle': 9, 'other': 42, 'triangle': 5, 'pentagon': 1}"
63,contour,1.456,16.154,15.03,34.086,26.31,50,"{'other': 37, 'triangle': 4, 'rectangle': 6, 'pentagon': 3}"
64,contour,1.767,16.738,15.167,34.781,26.46,54,"{'other': 35, 'rectangle': 8, 'triangle': 4, 'pentagon': 6, 'circle': 1}"
65,contour,1.9,16.71,14.585,34.662,26.61,47,"{'other': 31, 'rectangle': 8, 'triangle': 4, 'pentagon': 3, 'circle': 1}"
66,contour,1.779,16.281,13.921,33.041,26.86,51,"{'other': 35, 'rectangle': 8, 'triangle': 4, 'pentagon': 3, 'circle': 1}"
67,contour,1.466,16.487,13.842,33.242,27.01,46,"{'other': 31, 'rectangle': 10, 'triangle': 2, 'pentagon': 3}"
68,contour,1.668,16.437,13.935,33.093,27.16,49,"{'rectangle': 12, 'other': 30, 'triangle': 4, 'pentagon': 2, 'circle': 1}"
69,contour,1.998,16.586,14.338,33.918,27.23,51,"{'other': 33, 'rectangle': 10, 'triangle': 4, 'pentagon': 3, 'circle': 1}"
70,contour,1.902,16.351,14.172,33.591,27.36,48,"{'other': 33, 'rectangle': 6, 'triangle': 2, 'pentagon': 6, 'circle': 1}"
71,contour,1.802,16.898,14.285,34.032,27.55,52,"{'other': 33, 'rectangle': 10, 'triangle': 3, 'pentagon': 5, 'circle': 1}"
72,contour,1.695,16.531,13.397,33.079,27.65,43,"{'other': 25, 'rectangle': 13, 'triangle': 2, 'pentagon': 2, 'circle': 1}"
73,contour,1.928,15.923,13.06,31.982,27.81,45,"{'other': 31, 'rectangle': 8, 'triangle': 1, 'pentagon': 4, 'circle': 1}"
74,contour,1.814,15.71,13.49,32.13,27.94,48,"{'other': 29, 'rectangle': 13, 'triangle': 1, 'pentagon': 4, 'circle': 1}"
75,contour,2.118,15.623,13.713,32.493,28.09,47,"{'other': 28, 'rectangle': 10, 'triangle': 6, 'pentagon': 2, 'circle': 1}"
76,contour,1.845,15.794,13.759,32.47,28.21,47,"{'other': 31, 'rectangle': 9, 'pentagon': 3, 'triangle': 3, 'circle': 1}"
77,contour,2.254,16.388,13.212,32.889,28.32,47,"{'other': 30, 'rectangle': 7, 'square': 1, 'pentagon': 5, 'triangle': 3, 'circle': 1}"
78,contour,2.085,17.799,14.4,35.309,28.39,52,"{'other': 37, 'rectangle': 8, 'square': 1, 'pentagon': 2, 'triangle': 3, 'circle': 1}"
79,contour,2.263,15.875,13.662,34.385,28.48,50,"{'other': 33, 'rectangle': 8, 'triangle': 3, 'square': 2, 'pentagon': 3, 'circle': 1}"
80,contour,1.587,18.478,14.222,35.56,28.49,50,"{'other': 30, 'rectangle': 8, 'triangle': 5, 'square': 1, 'pentagon': 5, 'circle': 1}"
81,contour,2.12,16.125,13.357,32.597,28.62,48,"{'other': 27, 'rectangle': 6, 'triangle': 4, 'square': 1, 'pentagon': 9, 'circle': 1}"
82,contour,2.035,15.982,13.42,32.389,28.72,50,"{'other': 35, 'rectangle': 6, 'triangle': 5, 'pentagon': 3, 'circle': 1}"
83,contour,1.817,14.677,12.835,30.751,28.92,46,"{'other': 28, 'rectangle': 8, 'square': 1, 'triangle': 5, 'pentagon': 3, 'circle': 1}"
84,contour,1.665,15.495,12.967,31.132,29.13,49,"{'other': 30, 'rectangle': 10, 'square': 2, 'triangle': 3, 'pentagon': 3, 'circle': 1}"
85,contour,1.814,14.633,13.002,31.117,29.36,46,"{'other': 27, 'rectangle': 8, 'triangle': 1, 'square': 2, 'pentagon': 7, 'circle': 1}"
86,contour,1.782,15.415,13.053,31.959,29.51,50,"{'other': 31, 'rectangle': 8, 'square': 2, 'triangle': 3, 'pentagon': 5, 'circle': 1}"
87,contour,2.398,15.339,12.687,31.762,29.64,47,"{'other': 30, 'rectangle': 9, 'square': 2, 'pentagon': 4, 'circle': 1, 'triangle': 1}"
88,contour,1.642,15.722,13.717,32.611,29.82,45,"{'other': 30, 'rectangle': 6, 'square': 2, 'triangle': 2, 'pentagon': 4, 'circle': 1}"
89,contour,1.774,14.974,12.993,31.111,29.99,47,"{'other': 31, 'rectangle': 7, 'square': 2, 'pentagon': 6, 'circle': 1}"
90,contour,1.426,15.364,13.127,31.348,30.09,45,"{'triangle': 6, 'rectangle': 6, 'pentagon': 6, 'other': 23, 'square': 3, 'circle': 1}"
91,contour,1.601,15.419,13.068,31.139,30.27,41,"{'triangle': 6, 'rectangle': 6, 'pentagon': 2, 'other': 25, 'square': 1, 'circle': 1}"
92,contour,1.618,14.261,12.73,29.926,30.53,42,"{'triangle': 6, 'rectangle': 5, 'pentagon': 7, 'other': 21, 'square': 2, 'circle': 1}"
93,contour,1.678,14.139,12.624,29.848,30.66,39,"{'rectangle': 5, 'pentagon': 5, 'other': 22, 'triangle': 5, 'square': 1, 'circle': 1}"
94,contour,1.763,15.141,13.411,31.698,30.76,44,"{'rectangle': 6, 'pentagon': 6, 'other': 26, 'triangle': 4, 'circle': 1, 'square': 1}"
95,contour,1.772,14.938,13.172,31.224,30.87,44,"{'rectangle': 8, 'pentagon': 8, 'other': 22, 'triangle': 5, 'circle': 1}"
96,contour,1.684,14.367,12.777,30.185,30.96,44,"{'rectangle': 7, 'other': 28, 'triangle': 4, 'pentagon': 4, 'circle': 1}"
97,contour,1.836,14.67,13.046,30.581,31.05,43,"{'other': 24, 'triangle': 7, 'rectangle': 4, 'pentagon': 7, 'circle': 1}"
98,contour,1.513,15.252,12.787,30.888,31.12,39,"{'other': 21, 'triangle': 6, 'rectangle': 5, 'pentagon': 6, 'circle': 1}"
99,contour,1.693,14.49,12.497,30.089,31.24,42,"{'other': 25, 'triangle': 4, 'rectangle': 8, 'pentagon': 4, 'circle': 1}"
100,contour,1.606,14.324,12.444,29.777,31.37,42,"{'other': 29, 'rectangle': 5, 'pentagon': 3, 'triangle': 4, 'circle': 1}"
101,contour,1.777,14.41,12.624,29.785,31.51,41,"{'other': 26, 'rectangle': 5, 'pentagon': 4, 'triangle': 4, 'square': 1, 'circle': 1}"
102,contour,1.747,14.784,12.876,30.724,31.58,44,"{'other': 30, 'rectangle': 5, 'triangle': 4, 'square': 1, 'pentagon': 3, 'circle': 1}"
103,contour,1.639,14.347,13.081,30.257,31.64,47,"{'other': 28, 'rectangle': 7, 'triangle': 6, 'pentagon': 5, 'circle': 1}"
104,contour,1.589,15.33,12.766,30.868,31.68,45,"{'other': 30, 'rectangle': 6, 'triangle': 4, 'pentagon': 4, 'circle': 1}"
105,contour,1.629,14.703,12.776,30.079,31.76,43,"{'other': 27, 'triangle': 6, 'rectangle': 7, 'pentagon': 2, 'circle': 1}"
106,contour,2.101,14.003,12.193,29.264,31.87,44,"{'other': 26, 'triangle': 7, 'rectangle': 5, 'pentagon': 5, 'circle': 1}"
107,contour,1.597,15.542,12.399,30.924,31.94,46,"{'other': 35, 'triangle': 3, 'rectangle': 6, 'pentagon': 1, 'circle': 1}"
108,contour,1.315,14.64,12.719,29.945,32.12,41,"{'other': 25, 'triangle': 6, 'rectangle': 5, 'square': 1, 'pentagon': 3, 'circle': 1}"
109,contour,1.566,14.423,12.9,30.214,32.27,42,"{'other': 29, 'triangle': 4, 'pentagon': 4, 'square': 1, 'rectangle': 3, 'circle': 1}"
110,contour,1.862,14.36,12.253,29.898,32.46,40,"{'other': 23, 'pentagon': 6, 'triangle': 6, 'square': 1, 'rectangle': 3, 'circle': 1}"
111,contour,1.372,14.051,12.38,28.761,32.6,40,"{'other': 24, 'pentagon': 4, 'triangle': 5, 'square': 1, 'rectangle': 5, 'circle': 1}"
112,contour,1.649,14.391,12.664,30.427,32.67,35,"{'other': 24, 'pentagon': 3, 'rectangle': 3, 'square': 1, 'triangle': 3, 'circle': 1}"
113,contour,1.607,14.561,12.473,30.012,32.7,38,"{'other': 26, 'pentagon': 3, 'rectangle': 4, 'square': 1, 'triangle': 3, 'circle': 1}"
114,contour,1.704,14.478,12.253,29.487,32.75,38,"{'other': 24, 'pentagon': 5, 'rectangle': 5, 'square': 1, 'triangle': 2, 'circle': 1}"
115,contour,1.801,15.17,12.966,30.938,32.76,41,"{'other': 27, 'pentagon': 3, 'rectangle': 6, 'square': 1, 'triangle': 3, 'circle': 1}"
116,contour,1.685,14.827,12.196,29.932,32.83,40,"{'other': 30, 'rectangle': 5, 'triangle': 1, 'pentagon': 3, 'circle': 1}"
117,contour,1.561,14.763,11.973,29.594,32.91,37,"{'other': 26, 'rectangle': 2, 'triangle': 1, 'pentagon': 7, 'circle': 1}"
118,contour,1.713,14.606,12.121,29.375,33.03,38,"{'other': 28, 'rectangle': 5, 'triangle': 3, 'pentagon': 1, 'circle': 1}"
119,contour,1.574,14.58,12.065,29.387,33.09,41,"{'other': 26, 'rectangle': 6, 'pentagon': 3, 'triangle': 5, 'circle': 1}"
120,contour,1.596,14.052,13.016,30.059,33.14,42,"{'other': 28, 'rectangle': 6, 'triangle': 2, 'pentagon': 5, 'circle': 1}"
121,contour,1.662,14.408,12.765,29.85,33.19,38,"{'other': 25, 'rectangle': 7, 'triangle': 3, 'pentagon': 2, 'circle': 1}"
122,contour,1.871,15.622,12.498,31.388,33.13,41,"{'other': 29, 'rectangle': 6, 'triangle': 2, 'pentagon': 3, 'circle': 1}"
123,contour,1.603,15.876,13.993,32.679,33.03,41,"{'other': 29, 'rectangle': 5, 'pentagon': 4, 'triangle': 2, 'circle': 1}"
124,contour,1.724,14.578,12.826,30.13,33.09,40,"{'other': 25, 'rectangle': 3, 'pentagon': 6, 'square': 1, 'triangle': 4, 'circle': 1}"
125,contour,1.536,16.667,12.625,32.081,33.05,39,"{'other': 23, 'rectangle': 5, 'pentagon': 5, 'square': 1, 'triangle': 4, 'circle': 1}"
126,contour,1.739,15.097,12.698,30.872,33.03,42,"{'other': 26, 'rectangle': 5, 'pentagon': 6, 'square': 1, 'triangle': 3, 'circle': 1}"
127,contour,1.43,14.443,12.237,29.484,33.07,41,"{'other': 29, 'rectangle': 7, 'pentagon': 2, 'triangle': 2, 'circle': 1}"
128,contour,1.753,14.665,13.188,30.655,33.08,39,"{'other': 25, 'rectangle': 5, 'pentagon': 4, 'triangle': 4, 'circle': 1}"
129,contour,1.578,15.063,13.113,30.827,33.05,37,"{'other': 29, 'rectangle': 5, 'pentagon': 1, 'triangle': 1, 'circle': 1}"
130,contour,1.607,14.332,12.847,30.183,33.04,37,"{'other': 25, 'rectangle': 6, 'pentagon': 5, 'triangle': 1}"
131,contour,1.782,14.108,13.49,30.793,33.0,39,"{'other': 26, 'rectangle': 9, 'pentagon': 2, 'triangle': 2}"
132,contour,1.801,13.794,13.753,30.357,33.01,39,"{'other': 24, 'rectangle': 8, 'triangle': 2, 'pentagon': 5}"
133,contour,1.599,14.956,12.683,30.697,33.0,41,"{'other': 27, 'rectangle': 8, 'triangle': 2, 'pentagon': 3, 'square': 1}"
134,contour,1.666,14.312,13.002,30.447,33.01,38,"{'other': 27, 'rectangle': 5, 'triangle': 3, 'pentagon': 2, 'square': 1}"
135,contour,1.595,14.17,12.33,29.467,33.04,44,"{'other': 28, 'rectangle': 7, 'triangle': 2, 'pentagon': 6, 'square': 1}"
136,contour,1.684,13.945,12.631,29.679,33.02,40,"{'rectangle': 11, 'other': 24, 'triangle': 3, 'pentagon': 2}"
137,contour,1.793,14.391,13.878,31.096,33.01,42,"{'other': 28, 'rectangle': 9, 'triangle': 2, 'pentagon': 3}"
138,contour,1.741,14.13,12.61,29.477,33.03,41,"{'rectangle': 11, 'other': 20, 'triangle': 4, 'pentagon': 6}"
139,contour,2.055,14.846,13.034,30.986,33.0,39,"{'rectangle': 8, 'other': 24, 'triangle': 2, 'pentagon': 5}"
140,contour,1.634,14.649,12.528,30.218,32.99,39,"{'rectangle': 5, 'other': 28, 'triangle': 3, 'pentagon': 3}"
141,contour,1.724,14.221,11.728,28.654,32.99,37,"{'other': 23, 'pentagon': 4, 'triangle': 4, 'rectangle': 6}"
142,contour,1.602,15.45,13.298,31.801,32.95,34,"{'rectangle': 2, 'other': 25, 'pentagon': 3, 'triangle': 4}"
143,contour,1.743,14.265,12.736,29.729,32.96,38,"{'rectangle': 7, 'other': 25, 'triangle': 2, 'pentagon': 4}"
144,contour,1.602,13.869,12.102,28.964,32.97,38,"{'rectangle': 6, 'other': 26, 'triangle': 4, 'pentagon': 2}"
145,contour,1.509,14.448,11.781,29.073,33.04,34,"{'rectangle': 6, 'other': 22, 'pentagon': 5, 'triangle': 1}"
146,contour,1.646,14.593,12.248,29.435,33.06,31,"{'rectangle': 7, 'other': 18, 'pentagon': 3, 'triangle': 3}"
147,contour,1.703,13.862,11.966,28.48,33.1,34,"{'rectangle': 6, 'other': 25, 'triangle': 1, 'pentagon': 2}"
148,contour,1.621,15.904,11.676,30.233,33.07,34,"{'pentagon': 2, 'rectangle': 4, 'other': 24, 'triangle': 4}"
149,contour,1.602,15.425,11.592,29.636,33.06,35,"{'rectangle': 7, 'other': 22, 'triangle': 2, 'pentagon': 4}"
150,contour,1.666,14.31,11.357,28.689,33.11,35,"{'rectangle': 6, 'other': 23, 'triangle': 3, 'pentagon': 3}"
151,contour,1.618,14.824,12.133,29.57,33.12,34,"{'rectangle': 5, 'other': 24, 'triangle': 1, 'square': 1, 'pentagon': 3}"
152,contour,1.533,14.098,12.162,28.915,33.21,34,"{'rectangle': 5, 'other': 23, 'triangle': 3, 'pentagon': 3}"
153,contour,1.963,14.537,11.722,29.233,33.34,35,"{'rectangle': 7, 'other': 25, 'triangle': 1, 'pentagon': 2}"
154,contour,1.531,13.948,11.305,28.105,33.41,33,"{'triangle': 2, 'other': 20, 'rectangle': 5, 'pentagon': 6}"
155,contour,1.644,15.224,11.257,29.139,33.52,34,"{'triangle': 3, 'rectangle': 7, 'other': 21, 'pentagon': 3}"
156,contour,1.51,14.568,11.87,28.965,33.6,34,"{'triangle': 3, 'other': 24, 'rectangle': 4, 'pentagon': 3}"
157,contour,1.645,13.992,11.569,28.566,33.63,35,"{'rectangle': 6, 'other': 24, 'triangle': 2, 'pentagon': 3}"
158,contour,1.792,14.915,11.676,29.772,33.66,35,"{'other': 23, 'rectangle': 7, 'triangle': 3, 'pentagon': 2}"
159,contour,1.356,14.116,11.497,28.258,33.76,37,"{'other': 26, 'rectangle': 7, 'triangle': 1, 'pentagon': 3}"
160,contour,1.741,14.655,11.439,29.193,33.8,34,"{'other': 22, 'rectangle': 5, 'triangle': 1, 'pentagon': 6}"
161,contour,1.905,13.928,10.981,28.077,33.9,34,"{'other': 23, 'rectangle': 5, 'triangle': 3, 'pentagon': 3}"
162,contour,1.724,14.1,10.892,27.983,33.99,34,"{'other': 26, 'rectangle': 6, 'triangle': 1, 'pentagon': 1}"
163,contour,1.512,14.259,10.702,27.407,34.12,34,"{'other': 21, 'rectangle': 8, 'triangle': 2, 'pentagon': 3}"
164,contour,1.602,14.225,11.284,28.111,34.21,34,"{'other': 22, 'rectangle': 2, 'triangle': 4, 'pentagon': 6}"
165,contour,1.63,15.335,11.041,29.487,34.21,35,"{'other': 26, 'rectangle': 3, 'pentagon': 3, 'triangle': 3}"
166,contour,1.682,13.517,10.953,27.422,34.3,36,"{'other': 26, 'rectangle': 3, 'triangle': 4, 'pentagon': 3}"
167,contour,1.622,14.272,11.706,28.851,34.39,35,"{'other': 24, 'rectangle': 4, 'pentagon': 5, 'triangle': 2}"
168,contour,1.568,13.917,11.166,27.857,34.45,35,"{'other': 22, 'rectangle': 7, 'pentagon': 4, 'triangle': 2}"
169,contour,1.528,13.585,11.066,27.516,34.59,34,"{'pentagon': 3, 'other': 24, 'rectangle': 4, 'triangle': 3}"
170,contour,1.532,14.138,11.064,27.996,34.68,32,"{'triangle': 2, 'other': 22, 'rectangle': 5, 'pentagon': 3}"
171,contour,1.547,14.657,11.233,28.734,34.67,33,"{'other': 25, 'rectangle': 5, 'triangle': 2, 'pentagon': 1}"
172,contour,1.79,13.916,10.955,27.903,34.83,37,"{'other': 26, 'rectangle': 5, 'triangle': 1, 'pentagon': 5}"
173,contour,1.578,14.21,11.084,28.174,34.89,36,"{'other': 26, 'rectangle': 5, 'pentagon': 3, 'triangle': 2}"
174,contour,1.461,14.125,11.581,28.472,34.91,37,"{'other': 29, 'rectangle': 5, 'triangle': 2, 'pentagon': 1}"
175,contour,1.591,14.533,12.026,29.481,34.9,34,"{'other': 22, 'rectangle': 7, 'pentagon': 3, 'triangle': 2}"
176,contour,1.61,13.837,10.811,27.176,34.99,32,"{'triangle': 2, 'rectangle': 6, 'other': 20, 'pentagon': 4}"
177,contour,1.493,13.949,11.289,28.404,34.99,36,"{'triangle': 1, 'rectangle': 8, 'other': 23, 'pentagon': 4}"
178,contour,1.554,13.777,10.698,27.324,35.11,35,"{'other': 25, 'rectangle': 5, 'pentagon': 2, 'triangle': 3}"
179,contour,1.602,14.074,11.759,28.418,35.16,35,"{'other': 25, 'triangle': 2, 'rectangle': 5, 'pentagon': 3}"
180,contour,1.632,14.309,11.262,28.541,35.17,37,"{'other': 25, 'triangle': 4, 'rectangle': 5, 'pentagon': 3}"
181,contour,1.552,14.516,10.781,28.203,35.22,34,"{'triangle': 2, 'rectangle': 5, 'other': 21, 'pentagon': 6}"
182,contour,1.773,14.363,10.552,27.91,35.27,34,"{'other': 23, 'rectangle': 6, 'pentagon': 3, 'triangle': 2}"
183,contour,1.702,13.857,10.623,27.488,35.34,36,"{'other': 23, 'rectangle': 7, 'triangle': 3, 'pentagon': 3}"
184,contour,1.674,14.833,11.111,28.951,35.3,36,"{'rectangle': 5, 'other': 23, 'triangle': 3, 'pentagon': 5}"
185,contour,1.63,14.263,11.241,28.111,35.35,32,"{'rectangle': 8, 'other': 20, 'triangle': 2, 'pentagon': 2}"
186,contour,1.493,14.852,11.442,28.734,35.36,34,"{'rectangle': 7, 'other': 23, 'pentagon': 2, 'triangle': 2}"
187,contour,1.807,14.389,10.751,28.093,35.38,31,"{'rectangle': 7, 'other': 17, 'triangle': 3, 'pentagon': 4}"
188,contour,1.6,14.741,11.475,29.223,35.4,32,"{'rectangle': 6, 'other': 21, 'triangle': 4, 'pentagon': 1}"
189,contour,1.509,14.995,10.632,28.108,35.4,33,"{'rectangle': 4, 'other': 21, 'pentagon': 3, 'triangle': 5}"
190,contour,1.585,15.697,10.746,29.633,35.39,29,"{'rectangle': 10, 'other': 14, 'pentagon': 2, 'triangle': 3}"
191,contour,1.439,14.896,10.497,28.0,35.39,30,"{'rectangle': 8, 'other': 17, 'pentagon': 2, 'triangle': 3}"
192,contour,1.786,16.251,11.797,30.874,35.27,29,"{'rectangle': 6, 'other': 17, 'pentagon': 4, 'triangle': 2}"
193,contour,1.527,15.639,10.638,29.228,35.19,32,"{'rectangle': 6, 'other': 19, 'triangle': 4, 'pentagon': 3}"
194,contour,1.648,14.312,11.265,28.662,35.17,32,"{'rectangle': 7, 'other': 20, 'triangle': 3, 'pentagon': 2}"
195,contour,1.504,15.114,10.868,28.831,35.2,34,"{'rectangle': 4, 'other': 21, 'triangle': 4, 'pentagon': 5}"
196,contour,1.925,15.027,11.261,29.602,35.11,35,"{'rectangle': 9, 'other': 21, 'triangle': 2, 'pentagon': 3}"
197,contour,1.762,14.94,10.944,29.028,35.1,33,"{'rectangle': 8, 'other': 21, 'triangle': 2, 'pentagon': 2}"
198,contour,1.728,14.353,11.039,28.113,35.09,36,"{'rectangle': 7, 'other': 21, 'triangle': 3, 'pentagon': 5}"
199,contour,1.531,14.659,11.581,29.135,35.02,34,"{'rectangle': 10, 'other': 22, 'triangle': 2}"
200,contour,1.637,14.826,10.925,28.767,34.99,34,"{'rectangle': 10, 'other': 21, 'triangle': 1, 'pentagon': 2}"
201,contour,1.649,15.099,11.034,29.317,34.97,31,"{'rectangle': 13, 'other': 16, 'triangle': 1, 'pentagon': 1}"
202,contour,1.68,15.476,11.505,30.014,34.88,34,"{'rectangle': 12, 'other': 20, 'triangle': 2}"
203,contour,1.973,14.444,14.649,32.041,34.73,30,"{'rectangle': 13, 'other': 14, 'triangle': 2, 'pentagon': 1}"
204,contour,1.815,14.068,11.019,27.865,34.75,31,"{'rectangle': 11, 'other': 16, 'triangle': 2, 'pentagon': 2}"
205,contour,1.629,13.909,10.859,27.832,34.82,34,"{'rectangle': 8, 'other': 19, 'triangle': 4, 'pentagon': 3}"
206,contour,1.329,14.123,11.588,28.382,34.77,35,"{'rectangle': 7, 'other': 21, 'pentagon': 4, 'triangle': 3}"
207,contour,1.8,14.654,10.959,28.456,34.77,34,"{'rectangle': 8, 'other': 17, 'triangle': 5, 'pentagon': 4}"
208,contour,1.678,15.166,10.928,29.134,34.69,31,"{'rectangle': 6, 'other': 16, 'triangle': 6, 'pentagon': 3}"
209,contour,1.279,15.176,10.765,28.206,34.7,30,"{'rectangle': 7, 'other': 16, 'triangle': 4, 'pentagon': 3}"
210,contour,1.942,15.118,11.209,29.299,34.67,32,"{'rectangle': 6, 'other': 20, 'triangle': 3, 'pentagon': 3}"
211,contour,1.624,15.087,10.917,29.063,34.64,30,"{'rectangle': 8, 'other': 15, 'triangle': 5, 'pentagon': 2}"
212,contour,1.768,15.069,10.904,29.205,34.59,31,"{'rectangle': 6, 'other': 19, 'triangle': 3, 'pentagon': 3}"
213,contour,1.62,15.375,10.867,28.894,34.53,31,"{'rectangle': 8, 'other': 18, 'triangle': 3, 'pentagon': 2}"
214,contour,1.852,14.936,11.194,29.371,34.51,30,"{'rectangle': 7, 'other': 19, 'triangle': 2, 'pentagon': 2}"
215,contour,1.747,14.639,10.978,28.35,34.5,30,"{'rectangle': 6, 'other': 20, 'triangle': 1, 'pentagon': 3}"
216,contour,1.675,14.676,10.679,28.394,34.52,30,"{'other': 18, 'rectangle': 5, 'triangle': 2, 'pentagon': 5}"
217,contour,1.991,15.001,10.932,29.282,34.47,34,"{'other': 25, 'rectangle': 4, 'pentagon': 3, 'triangle': 2}"
218,contour,1.575,13.789,10.487,27.253,34.55,32,"{'other': 23, 'rectangle': 4, 'triangle': 1, 'pentagon': 4}"
219,contour,2.424,14.62,10.415,28.403,34.54,31,"{'other': 22, 'rectangle': 3, 'triangle': 2, 'pentagon': 4}"
220,contour,2.014,13.851,10.996,28.222,34.59,36,"{'other': 23, 'rectangle': 6, 'triangle': 2, 'pentagon': 5}"
221,contour,1.59,14.4,10.343,27.638,34.61,34,"{'other': 24, 'rectangle': 6, 'triangle': 1, 'pentagon': 3}"
222,contour,1.808,13.394,10.281,26.572,34.78,35,"{'other': 19, 'triangle': 3, 'pentagon': 5, 'rectangle': 7, 'square': 1}"
223,contour,1.84,13.543,10.097,26.561,34.89,33,"{'other': 24, 'triangle': 1, 'pentagon': 4, 'rectangle': 4}"
224,contour,1.565,14.18,10.073,27.089,34.95,35,"{'other': 22, 'rectangle': 8, 'pentagon': 5}"
225,contour,1.573,14.118,10.253,27.245,35.02,38,"{'other': 28, 'rectangle': 6, 'pentagon': 3, 'triangle': 1}"
226,contour,1.556,13.983,9.806,26.255,35.15,36,"{'other': 24, 'rectangle': 8, 'triangle': 2, 'pentagon': 2}"
227,contour,2.387,21.291,15.026,40.128,34.7,34,"{'other': 20, 'rectangle': 8, 'pentagon': 6}"
228,contour,1.401,15.88,11.219,29.836,34.63,32,"{'other': 21, 'rectangle': 7, 'pentagon': 3, 'triangle': 1}"
229,contour,1.558,13.977,10.821,27.694,34.69,31,"{'other': 21, 'rectangle': 9, 'pentagon': 1}"
230,contour,1.589,13.98,11.956,28.95,34.68,31,"{'other': 19, 'rectangle': 6, 'pentagon': 5, 'square': 1}"
231,contour,1.596,14.067,10.502,27.534,34.76,27,"{'other': 18, 'rectangle': 3, 'pentagon': 5, 'triangle': 1}"
232,contour,1.615,15.201,10.805,29.055,34.79,27,"{'triangle': 2, 'other': 19, 'rectangle': 2, 'pentagon': 4}"
233,contour,1.973,14.867,10.646,28.533,34.94,26,"{'other': 17, 'rectangle': 4, 'pentagon': 5}"
234,contour,1.585,16.146,10.99,30.146,34.84,26,"{'other': 17, 'rectangle': 5, 'pentagon': 3, 'triangle': 1}"
235,contour,1.688,15.71,10.966,29.799,34.76,24,"{'other': 16, 'rectangle': 4, 'pentagon': 4}"
236,contour,1.811,15.548,10.612,29.403,34.72,27,"{'triangle': 2, 'other': 15, 'rectangle': 5, 'pentagon': 5}"
237,contour,1.606,15.353,11.3,29.649,34.68,27,"{'triangle': 2, 'other': 13, 'rectangle': 5, 'pentagon': 7}"
238,contour,1.78,16.125,10.958,30.372,34.63,28,"{'triangle': 2, 'other': 17, 'rectangle': 5, 'pentagon': 3, 'square': 1}"
239,contour,1.682,15.086,11.803,29.961,34.56,27,"{'triangle': 3, 'other': 18, 'rectangle': 5, 'pentagon': 1}"
240,contour,1.764,15.983,10.628,29.406,34.55,29,"{'rectangle': 10, 'triangle': 3, 'other': 13, 'pentagon': 3}"
241,contour,1.562,15.034,10.858,28.453,34.58,29,"{'other': 17, 'triangle': 2, 'rectangle': 8, 'pentagon': 2}"
242,contour,1.682,15.075,11.009,28.791,34.59,26,"{'other': 17, 'triangle': 2, 'rectangle': 5, 'pentagon': 2}"
243,contour,1.616,15.717,11.167,29.524,34.57,30,"{'other': 17, 'triangle': 3, 'rectangle': 7, 'pentagon': 3}"
244,contour,1.712,18.877,16.794,38.577,34.2,29,"{'other': 16, 'triangle': 3, 'rectangle': 7, 'pentagon': 3}"
245,contour,1.822,17.035,11.73,31.711,34.07,29,"{'other': 18, 'triangle': 2, 'rectangle': 6, 'pentagon': 3}"
246,contour,1.725,16.05,11.195,30.006,34.01,28,"{'other': 17, 'triangle': 2, 'rectangle': 5, 'pentagon': 4}"
247,contour,1.661,15.112,11.099,29.365,34.01,29,"{'other': 16, 'triangle': 3, 'rectangle': 6, 'pentagon': 4}"
248,contour,1.792,16.011,11.101,29.898,33.91,28,"{'other': 16, 'triangle': 2, 'rectangle': 8, 'pentagon': 2}"
249,contour,1.767,16.869,12.051,32.055,33.77,29,"{'other': 18, 'triangle': 1, 'rectangle': 6, 'pentagon': 4}"
250,contour,1.843,15.677,11.325,29.931,33.7,29,"{'other': 16, 'triangle': 3, 'rectangle': 6, 'pentagon': 4}"
251,contour,1.727,14.767,10.865,28.835,33.66,26,"{'other': 14, 'triangle': 2, 'square': 1, 'rectangle': 6, 'pentagon': 3}"
252,contour,1.593,16.227,11.165,30.43,33.51,28,"{'other': 17, 'rectangle': 6, 'triangle': 2, 'pentagon': 3}"
253,contour,1.481,15.577,11.334,29.417,33.41,25,"{'other': 12, 'rectangle': 8, 'pentagon': 3, 'square': 1, 'triangle': 1}"
254,contour,1.749,15.035,11.042,28.887,33.34,25,"{'other': 16, 'triangle': 2, 'rectangle': 6, 'pentagon': 1}"
255,contour,1.584,15.35,10.865,29.414,33.26,27,"{'other': 16, 'triangle': 1, 'rectangle': 7, 'pentagon': 3}"
256,contour,1.686,15.351,10.893,29.261,33.15,26,"{'other': 18, 'triangle': 2, 'rectangle': 6}"
257,contour,1.531,14.75,11.942,29.243,33.55,25,"{'other': 15, 'pentagon': 2, 'rectangle': 5, 'square': 1, 'triangle': 2}"
258,contour,1.718,16.291,12.007,31.015,33.51,27,"{'other': 15, 'triangle': 4, 'rectangle': 6, 'square': 1, 'pentagon': 1}"
259,contour,2.0,14.709,11.626,29.329,33.45,29,"{'other': 18, 'pentagon': 4, 'triangle': 3, 'rectangle': 3, 'square': 1}"
260,contour,1.862,14.938,10.933,28.73,33.45,26,"{'other': 17, 'pentagon': 4, 'triangle': 3, 'rectangle': 1, 'square': 1}"
261,contour,1.658,14.926,11.594,29.567,33.38,28,"{'other': 19, 'pentagon': 2, 'triangle': 2, 'rectangle': 4, 'square': 1}"
262,contour,1.685,14.12,11.075,28.327,33.41,28,"{'other': 18, 'triangle': 1, 'rectangle': 4, 'square': 2, 'pentagon': 3}"
263,contour,1.718,14.024,11.141,27.867,33.43,27,"{'other': 16, 'pentagon': 5, 'triangle': 2, 'rectangle': 3, 'square': 1}"
264,contour,2.068,14.769,10.957,28.748,33.48,27,"{'other': 19, 'pentagon': 1, 'triangle': 2, 'rectangle': 5}"
265,contour,2.042,14.419,12.038,29.481,33.5,28,"{'other': 17, 'triangle': 3, 'rectangle': 6, 'pentagon': 2}"
266,contour,2.066,14.315,10.671,28.052,33.55,28,"{'pentagon': 3, 'other': 17, 'triangle': 2, 'rectangle': 4, 'square': 2}"
267,contour,1.866,14.318,10.983,28.535,33.59,29,"{'other': 18, 'triangle': 1, 'rectangle': 4, 'pentagon': 5, 'square': 1}"
268,contour,2.153,13.945,10.779,27.894,33.68,27,"{'pentagon': 4, 'other': 20, 'rectangle': 2, 'square': 1}"
269,contour,1.599,16.12,11.198,29.949,33.68,28,"{'pentagon': 4, 'other': 20, 'rectangle': 2, 'triangle': 2}"
270,contour,1.666,14.442,12.09,29.965,33.66,30,"{'pentagon': 1, 'other': 21, 'rectangle': 7, 'triangle': 1}"
271,contour,1.528,15.99,11.643,30.33,33.59,30,"{'pentagon': 2, 'other': 19, 'rectangle': 5, 'triangle': 4}"
272,contour,1.343,15.032,11.549,29.015,33.58,30,"{'pentagon': 4, 'other': 22, 'rectangle': 2, 'triangle': 2}"
273,contour,1.649,14.704,11.7,29.115,33.6,33,"{'pentagon': 2, 'other': 26, 'rectangle': 2, 'triangle': 3}"
274,contour,1.636,14.837,11.436,29.602,33.94,29,"{'rectangle': 2, 'triangle': 3, 'other': 22, 'pentagon': 1, 'square': 1}"
275,contour,1.658,15.149,12.622,30.434,33.99,32,"{'rectangle': 3, 'triangle': 3, 'other': 25, 'pentagon': 1}"
276,contour,2.162,14.981,11.769,29.948,33.99,28,"{'pentagon': 1, 'triangle': 2, 'other': 21, 'rectangle': 4}"
277,contour,1.639,15.685,12.547,31.393,33.91,30,"{'pentagon': 3, 'triangle': 4, 'other': 17, 'rectangle': 6}"
278,contour,1.549,15.272,12.052,29.986,33.91,27,"{'rectangle': 6, 'triangle': 4, 'other': 14, 'pentagon': 3}"
279,contour,1.729,14.639,12.256,29.825,33.99,29,"{'triangle': 3, 'other': 16, 'pentagon': 4, 'rectangle': 6}"
280,contour,1.594,15.053,12.822,30.917,33.96,33,"{'rectangle': 6, 'triangle': 3, 'other': 21, 'pentagon': 3}"
281,contour,1.701,14.703,12.321,29.838,33.92,32,"{'rectangle': 10, 'triangle': 2, 'other': 16, 'pentagon': 3, 'square': 1}"
282,contour,1.702,15.566,12.713,31.541,33.87,32,"{'rectangle': 10, 'triangle': 1, 'other': 19, 'pentagon': 2}"
283,contour,1.927,17.176,12.572,33.124,33.73,30,"{'rectangle': 9, 'other': 16, 'pentagon': 5}"
284,contour,1.96,15.656,12.922,31.699,33.63,30,"{'rectangle': 8, 'other': 16, 'pentagon': 4, 'triangle': 1, 'square': 1}"
285,contour,2.062,14.612,12.548,30.324,33.59,30,"{'rectangle': 6, 'other': 17, 'pentagon': 5, 'triangle': 2}"
286,contour,2.271,15.576,12.293,31.813,33.5,26,"{'other': 15, 'triangle': 2, 'pentagon': 5, 'rectangle': 4}"
287,contour,1.64,16.601,13.008,32.362,33.38,26,"{'other': 18, 'pentagon': 3, 'rectangle': 3, 'triangle': 1, 'square': 1}"
288,contour,2.359,15.442,14.354,33.525,33.29,30,"{'other': 19, 'triangle': 2, 'rectangle': 5, 'pentagon': 4}"
289,contour,1.711,15.463,13.098,31.405,33.21,26,"{'rectangle': 8, 'triangle': 3, 'other': 11, 'pentagon': 4}"
290,contour,1.605,15.605,13.192,31.952,33.09,26,"{'other': 11, 'rectangle': 7, 'pentagon': 7, 'triangle': 1}"
291,contour,1.701,16.449,13.43,32.728,32.98,28,"{'other': 15, 'pentagon': 4, 'rectangle': 8, 'triangle': 1}"
292,contour,1.72,16.607,13.372,33.437,32.79,31,"{'other': 20, 'rectangle': 6, 'pentagon': 4, 'triangle': 1}"
293,contour,1.911,16.519,13.971,33.99,32.58,33,"{'other': 22, 'rectangle': 4, 'pentagon': 5, 'triangle': 1, 'square': 1}"
294,contour,1.913,17.475,13.368,33.924,32.39,31,"{'other': 18, 'rectangle': 9, 'pentagon': 4}"
295,contour,1.748,16.56,13.691,33.253,32.26,30,"{'other': 18, 'rectangle': 7, 'pentagon': 3, 'triangle': 2}"
296,contour,1.707,16.157,13.469,33.022,32.09,29,"{'other': 15, 'rectangle': 6, 'pentagon': 5, 'triangle': 3}"
297,contour,1.752,15.625,13.648,32.574,31.95,27,"{'other': 17, 'rectangle': 8, 'pentagon': 2}"
298,contour,1.675,15.681,13.559,32.067,31.81,31,"{'rectangle': 9, 'other': 20, 'pentagon': 2}"
299,contour,1.902,17.443,13.548,34.004,31.68,28,"{'rectangle': 8, 'other': 17, 'pentagon': 2, 'circle': 1}"
300,contour,2.06,16.36,13.266,32.798,31.58,30,"{'rectangle': 10, 'pentagon': 6, 'triangle': 3, 'other': 10, 'circle': 1}"
301,contour,1.512,14.665,13.492,31.286,31.55,32,"{'rectangle': 7, 'pentagon': 7, 'triangle': 4, 'other': 13, 'circle': 1}"
302,contour,1.638,15.718,14.074,32.552,31.43,35,"{'rectangle': 5, 'other': 24, 'triangle': 2, 'pentagon': 3, 'circle': 1}"
303,contour,1.907,16.436,13.78,33.306,31.29,31,"{'rectangle': 6, 'other': 20, 'pentagon': 4, 'triangle': 1}"
304,contour,1.531,15.329,13.844,31.858,31.22,33,"{'rectangle': 8, 'other': 20, 'pentagon': 2, 'triangle': 2, 'circle': 1}"
305,contour,1.681,15.593,13.051,31.716,31.18,33,"{'rectangle': 10, 'other': 17, 'triangle': 2, 'pentagon': 3, 'circle': 1}"
306,contour,1.694,15.751,13.162,32.118,31.11,32,"{'rectangle': 6, 'other': 20, 'pentagon': 5, 'triangle': 1}"
307,contour,1.635,16.41,14.759,33.965,31.03,36,"{'rectangle': 7, 'other': 20, 'pentagon': 5, 'triangle': 3, 'circle': 1}"
308,contour,1.714,16.333,12.704,32.112,30.96,34,"{'rectangle': 5, 'other': 18, 'pentagon': 7, 'triangle': 4}"
309,contour,1.721,17.126,12.593,32.669,30.87,35,"{'rectangle': 13, 'pentagon': 6, 'other': 14, 'circle': 1, 'triangle': 1}"
310,contour,1.595,15.99,12.92,31.727,30.84,35,"{'rectangle': 8, 'other': 17, 'pentagon': 7, 'triangle': 2, 'circle': 1}"
311,contour,1.773,15.612,12.965,31.497,30.79,31,"{'rectangle': 8, 'other': 14, 'pentagon': 5, 'triangle': 3, 'circle': 1}"
312,contour,1.977,16.327,13.483,32.95,30.75,29,"{'other': 16, 'pentagon': 7, 'triangle': 3, 'rectangle': 2, 'circle': 1}"
313,contour,1.588,18.366,12.519,34.018,30.72,27,"{'rectangle': 8, 'pentagon': 6, 'other': 11, 'circle': 1, 'triangle': 1}"
314,contour,3.069,16.73,12.295,33.351,30.67,22,"{'other': 9, 'rectangle': 8, 'square': 1, 'circle': 1, 'pentagon': 1, 'triangle': 2}"
315,contour,1.646,16.333,12.266,31.379,30.63,21,"{'other': 10, 'rectangle': 6, 'circle': 1, 'pentagon': 3, 'triangle': 1}"
316,contour,1.771,21.469,21.445,47.256,30.16,25,"{'other': 11, 'rectangle': 6, 'pentagon': 4, 'triangle': 3, 'circle': 1}"
317,contour,1.64,22.701,21.235,47.669,29.7,21,"{'other': 8, 'rectangle': 6, 'triangle': 5, 'circle': 1, 'pentagon': 1}"
318,contour,2.0,25.225,21.678,50.67,29.2,20,"{'other': 9, 'rectangle': 5, 'pentagon': 3, 'triangle': 2, 'circle': 1}"
319,contour,2.356,23.412,29.931,58.553,28.45,19,"{'other': 11, 'rectangle': 5, 'circle': 1, 'triangle': 2}"
320,contour,1.947,25.202,20.894,49.926,27.98,24,"{'rectangle': 8, 'other': 11, 'pentagon': 3, 'circle': 1, 'triangle': 1}"
321,contour,1.974,25.562,23.351,53.896,27.43,24,"{'other': 12, 'rectangle': 8, 'pentagon': 3, 'triangle': 1}"
322,contour,2.26,24.833,21.113,50.003,27.02,23,"{'rectangle': 6, 'other': 14, 'triangle': 3}"
323,contour,2.435,21.546,17.52,44.277,26.78,18,"{'other': 9, 'pentagon': 2, 'rectangle': 5, 'triangle': 2}"
324,contour,2.097,30.461,18.199,52.561,26.34,18,"{'other': 8, 'rectangle': 6, 'triangle': 3, 'pentagon': 1}"
325,contour,1.798,21.365,18.452,43.5,26.1,19,"{'other': 13, 'rectangle': 4, 'pentagon': 1, 'triangle': 1}"
326,contour,2.519,23.864,15.79,43.76,25.86,18,"{'other': 13, 'rectangle': 3, 'triangle': 2}"
327,contour,2.686,21.152,16.631,42.158,25.65,19,"{'other': 14, 'pentagon': 1, 'triangle': 3, 'rectangle': 1}"
328,contour,2.269,22.333,15.545,41.837,25.44,21,"{'rectangle': 6, 'other': 11, 'triangle': 2, 'pentagon': 2}"
329,contour,1.657,21.012,23.551,49.122,25.12,21,"{'other': 12, 'pentagon': 4, 'triangle': 3, 'rectangle': 2}"
330,contour,2.326,28.67,15.214,48.25,24.79,19,"{'rectangle': 4, 'other': 11, 'pentagon': 3, 'triangle': 1}"
331,contour,2.478,25.11,17.415,46.704,24.48,20,"{'rectangle': 3, 'other': 12, 'triangle': 2, 'pentagon': 3}"
332,contour,1.855,27.505,16.279,47.271,24.19,22,"{'other': 15, 'pentagon': 2, 'rectangle': 3, 'triangle': 2}"
333,contour,1.818,24.591,21.122,49.107,23.89,22,"{'other': 13, 'rectangle': 6, 'triangle': 3}"
334,contour,2.373,26.822,25.109,55.969,23.44,23,"{'rectangle': 3, 'other': 16, 'triangle': 3, 'pentagon': 1}"
335,contour,2.287,27.58,27.488,60.065,22.93,23,"{'rectangle': 3, 'other': 14, 'triangle': 5, 'pentagon': 1}"
336,contour,2.066,29.237,16.663,49.502,22.63,22,"{'other': 15, 'triangle': 4, 'rectangle': 2, 'pentagon': 1}"
337,contour,2.151,25.182,21.354,51.792,22.33,23,"{'triangle': 5, 'other': 13, 'rectangle': 2, 'pentagon': 3}"
338,contour,1.91,24.854,28.431,57.853,21.91,24,"{'other': 14, 'triangle': 6, 'pentagon': 2, 'rectangle': 2}"
339,contour,1.964,23.32,17.337,44.575,21.72,23,"{'rectangle': 4, 'other': 16, 'pentagon': 2, 'triangle': 1}"
340,contour,2.466,22.396,14.324,40.385,21.58,21,"{'other': 16, 'triangle': 2, 'pentagon': 2, 'rectangle': 1}"
341,contour,2.264,21.247,16.376,42.811,21.41,25,"{'other': 18, 'triangle': 4, 'pentagon': 1, 'rectangle': 2}"
342,contour,1.82,20.312,21.78,45.639,21.22,26,"{'other': 16, 'triangle': 3, 'rectangle': 4, 'pentagon': 3}"
343,contour,1.941,24.911,16.501,45.164,21.05,26,"{'other': 14, 'triangle': 4, 'rectangle': 7, 'pentagon': 1}"
344,contour,1.839,22.298,27.849,53.726,20.76,25,"{'other': 14, 'triangle': 4, 'rectangle': 6, 'pentagon': 1}"
345,contour,1.831,22.29,17.669,43.513,20.58,24,"{'other': 14, 'triangle': 3, 'rectangle': 5, 'pentagon': 2}"
346,contour,2.238,25.202,28.495,57.692,20.44,24,"{'other': 14, 'rectangle': 5, 'pentagon': 3, 'triangle': 2}"
347,contour,1.885,22.09,19.345,45.647,20.46,26,"{'other': 17, 'triangle': 5, 'rectangle': 2, 'pentagon': 1, 'circle': 1}"
348,contour,2.463,24.89,19.527,49.017,20.49,25,"{'other': 15, 'rectangle': 4, 'pentagon': 2, 'circle': 1, 'triangle': 2, 'square': 1}"
349,contour,2.459,27.547,28.066,60.939,20.45,26,"{'other': 17, 'triangle': 2, 'rectangle': 4, 'pentagon': 2, 'circle': 1}"
350,contour,3.581,23.036,19.229,47.878,20.48,27,"{'other': 16, 'rectangle': 5, 'triangle': 2, 'pentagon': 3, 'square': 1}"
351,contour,2.798,28.061,28.272,61.935,20.37,25,"{'other': 13, 'triangle': 3, 'pentagon': 2, 'rectangle': 5, 'square': 2}"
352,contour,2.124,25.451,19.669,48.922,20.39,25,"{'other': 15, 'triangle': 4, 'rectangle': 3, 'pentagon': 2, 'square': 1}"
353,contour,2.345,25.84,19.497,50.426,20.3,24,"{'other': 13, 'triangle': 6, 'pentagon': 2, 'rectangle': 3}"
354,contour,2.163,20.848,25.667,51.887,20.31,22,"{'other': 14, 'rectangle': 3, 'triangle': 3, 'pentagon': 1, 'square': 1}"
355,contour,3.083,25.746,19.892,51.12,20.21,20,"{'other': 14, 'triangle': 5, 'rectangle': 1}"
356,contour,2.179,23.88,23.583,51.466,20.1,23,"{'other': 13, 'triangle': 3, 'rectangle': 4, 'pentagon': 2, 'square': 1}"
357,contour,2.345,31.383,24.313,60.464,19.86,25,"{'other': 15, 'rectangle': 6, 'triangle': 2, 'pentagon': 2}"
358,contour,1.94,31.332,22.55,58.153,19.65,26,"{'other': 13, 'rectangle': 5, 'pentagon': 4, 'triangle': 4}"
359,contour,1.857,22.676,28.153,55.915,19.56,25,"{'other': 16, 'triangle': 2, 'rectangle': 3, 'pentagon': 4}"
360,contour,3.889,22.848,23.19,51.693,19.52,28,"{'other': 16, 'pentagon': 4, 'triangle': 2, 'rectangle': 5, 'circle': 1}"
361,contour,3.144,23.401,21.186,49.496,19.48,35,"{'other': 24, 'triangle': 4, 'rectangle': 3, 'pentagon': 3, 'circle': 1}"
362,contour,2.362,25.686,23.214,54.276,19.39,31,"{'other': 24, 'rectangle': 3, 'triangle': 2, 'pentagon': 1, 'circle': 1}"
363,contour,1.67,25.478,23.806,53.096,19.34,29,"{'other': 19, 'rectangle': 2, 'triangle': 2, 'pentagon': 5, 'circle': 1}"
364,contour,2.4,22.839,17.521,44.838,19.48,26,"{'other': 18, 'rectangle': 2, 'triangle': 2, 'pentagon': 3, 'circle': 1}"
365,contour,2.11,24.023,17.891,45.718,19.67,27,"{'other': 19, 'rectangle': 2, 'triangle': 2, 'pentagon': 3, 'circle': 1}"
366,contour,2.098,28.52,26.716,60.267,19.53,24,"{'other': 18, 'rectangle': 1, 'triangle': 2, 'pentagon': 1, 'square': 1, 'circle': 1}"
367,contour,1.987,29.234,18.066,50.634,19.54,26,"{'other': 17, 'rectangle': 6, 'triangle': 2, 'circle': 1}"
368,contour,2.675,30.91,23.921,60.504,19.51,26,"{'other': 14, 'rectangle': 3, 'triangle': 4, 'pentagon': 3, 'circle': 2}"
369,contour,2.496,33.682,30.885,70.001,19.19,20,"{'other': 13, 'rectangle': 2, 'triangle': 4, 'circle': 1}"
370,contour,2.635,27.702,27.683,61.214,18.94,26,"{'rectangle': 1, 'triangle': 3, 'other': 22}"
371,contour,1.72,19.612,17.05,41.227,18.96,27,"{'rectangle': 2, 'triangle': 4, 'pentagon': 4, 'other': 15, 'circle': 2}"
372,contour,2.115,19.93,21.99,45.772,18.96,30,"{'other': 21, 'rectangle': 2, 'triangle': 4, 'pentagon': 3}"
373,contour,1.843,21.835,20.365,45.65,18.95,23,"{'rectangle': 1, 'other': 15, 'triangle': 5, 'pentagon': 2}"
374,contour,1.588,19.692,15.916,39.603,19.12,25,"{'rectangle': 1, 'other': 17, 'triangle': 4, 'pentagon': 3}"
375,contour,2.134,24.001,18.026,46.075,19.09,22,"{'rectangle': 2, 'pentagon': 3, 'other': 15, 'triangle': 2}"
376,contour,1.742,20.462,16.761,40.493,19.3,25,"{'other': 16, 'pentagon': 3, 'rectangle': 2, 'triangle': 4}"
377,contour,1.81,21.782,16.724,42.292,19.34,24,"{'pentagon': 5, 'other': 17, 'rectangle': 1, 'triangle': 1}"
378,contour,1.735,20.519,15.914,39.871,19.46,22,"{'other': 16, 'rectangle': 1, 'pentagon': 2, 'triangle': 3}"
379,contour,1.6,27.785,16.38,47.514,19.63,24,"{'rectangle': 2, 'other': 15, 'triangle': 5, 'pentagon': 2}"
380,contour,2.52,26.709,17.878,48.746,19.62,23,"{'rectangle': 4, 'other': 12, 'pentagon': 4, 'triangle': 3}"
381,contour,2.677,27.577,15.726,47.771,19.8,22,"{'rectangle': 3, 'other': 12, 'pentagon': 3, 'triangle': 4}"
382,contour,2.694,30.592,16.213,51.167,19.77,19,"{'rectangle': 2, 'other': 11, 'pentagon': 3, 'triangle': 3}"
383,contour,2.405,24.532,15.424,44.111,19.85,16,"{'other': 11, 'rectangle': 2, 'triangle': 2, 'pentagon': 1}"
384,contour,3.451,23.939,18.037,47.237,19.92,16,"{'other': 9, 'rectangle': 2, 'triangle': 4, 'pentagon': 1}"
385,contour,1.641,23.24,18.295,45.043,20.0,16,"{'rectangle': 3, 'other': 8, 'pentagon': 2, 'triangle': 3}"
386,contour,2.572,24.122,19.056,47.296,20.05,16,"{'rectangle': 2, 'other': 10, 'pentagon': 1, 'triangle': 3}"
387,contour,2.321,28.989,21.327,54.656,20.13,19,"{'other': 12, 'rectangle': 2, 'triangle': 4, 'pentagon': 1}"
388,contour,2.047,22.558,18.991,45.712,20.3,18,"{'other': 13, 'rectangle': 1, 'triangle': 4}"
389,contour,2.652,26.704,19.567,51.0,20.37,18,"{'pentagon': 3, 'other': 10, 'triangle': 5}"
390,contour,5.704,26.064,19.469,53.097,20.35,19,"{'other': 10, 'pentagon': 3, 'rectangle': 1, 'triangle': 4, 'square': 1}"
391,contour,2.26,30.676,17.534,52.678,20.3,19,"{'rectangle': 2, 'other': 11, 'pentagon': 2, 'triangle': 3, 'square': 1}"
392,contour,2.104,25.64,16.578,46.009,20.42,16,"{'other': 11, 'triangle': 3, 'rectangle': 2}"
393,contour,2.198,26.692,20.415,51.419,20.44,17,"{'other': 10, 'pentagon': 2, 'triangle': 3, 'rectangle': 2}"
394,contour,2.048,23.651,20.061,48.669,20.39,19,"{'other': 12, 'rectangle': 3, 'triangle': 3, 'square': 1}"
395,contour,2.257,29.03,21.164,54.857,20.26,18,"{'other': 12, 'pentagon': 1, 'triangle': 4, 'square': 1}"
396,contour,2.344,25.861,22.29,52.791,20.37,19,"{'other': 11, 'pentagon': 1, 'rectangle': 6, 'triangle': 1}"
397,contour,2.042,24.703,20.131,48.904,20.39,19,"{'pentagon': 2, 'other': 11, 'triangle': 4, 'rectangle': 2}"
398,contour,1.82,28.033,21.529,53.408,20.49,21,"{'pentagon': 2, 'other': 13, 'rectangle': 3, 'triangle': 3}"
399,contour,2.407,25.002,20.702,50.187,20.77,21,"{'rectangle': 7, 'other': 12, 'triangle': 2}"
400,contour,2.39,27.72,19.805,52.3,20.9,21,"{'rectangle': 5, 'pentagon': 3, 'other': 9, 'square': 1, 'triangle': 3}"
401,contour,1.987,26.272,28.272,59.523,20.63,22,"{'pentagon': 4, 'other': 10, 'rectangle': 4, 'triangle': 4}"
402,contour,2.371,28.942,14.803,47.797,20.61,21,"{'rectangle': 3, 'other': 12, 'pentagon': 3, 'triangle': 3}"
403,contour,2.772,29.981,26.205,61.69,20.38,19,"{'rectangle': 5, 'other': 8, 'triangle': 3, 'pentagon': 3}"
404,contour,2.362,31.782,27.813,64.765,20.04,18,"{'rectangle': 2, 'other': 9, 'pentagon': 4, 'triangle': 3}"
405,contour,2.641,24.387,22.685,51.608,19.97,18,"{'rectangle': 1, 'other': 8, 'pentagon': 6, 'triangle': 3}"
406,contour,1.742,21.892,15.623,41.065,19.96,19,"{'triangle': 4, 'rectangle': 5, 'other': 7, 'pentagon': 3}"
407,contour,2.196,22.898,16.861,43.631,19.94,21,"{'triangle': 3, 'other': 9, 'pentagon': 4, 'rectangle': 5}"
408,contour,2.273,25.278,26.064,56.444,19.72,21,"{'triangle': 4, 'rectangle': 2, 'other': 10, 'pentagon': 5}"
409,contour,2.262,31.258,22.144,57.3,19.6,20,"{'triangle': 4, 'rectangle': 3, 'other': 9, 'pentagon': 4}"
410,contour,2.414,27.528,14.545,45.841,19.63,19,"{'rectangle': 3, 'other': 12, 'pentagon': 2, 'triangle': 2}"
411,contour,2.515,22.822,16.361,43.531,19.69,20,"{'rectangle': 4, 'other': 8, 'pentagon': 4, 'triangle': 4}"
412,contour,1.842,21.472,15.517,40.607,19.83,22,"{'rectangle': 3, 'pentagon': 3, 'triangle': 6, 'other': 10}"
413,contour,1.706,24.33,17.09,44.783,19.82,20,"{'other': 9, 'pentagon': 4, 'triangle': 5, 'rectangle': 2}"
414,contour,2.299,26.441,24.234,54.745,19.72,19,"{'other': 8, 'pentagon': 2, 'rectangle': 5, 'triangle': 4}"
415,contour,2.811,27.28,14.41,46.276,19.7,18,"{'other': 7, 'pentagon': 3, 'rectangle': 5, 'square': 1, 'triangle': 2}"
416,contour,1.932,24.368,15.916,44.064,19.75,17,"{'rectangle': 3, 'pentagon': 2, 'other': 8, 'triangle': 3, 'square': 1}"
417,contour,1.855,20.035,15.548,39.537,19.94,18,"{'pentagon': 5, 'other': 8, 'rectangle': 2, 'square': 1, 'triangle': 2}"
418,contour,1.983,20.513,15.538,39.751,20.02,19,"{'rectangle': 4, 'pentagon': 4, 'other': 7, 'triangle': 4}"
419,contour,1.85,22.017,24.957,51.71,20.01,19,"{'rectangle': 4, 'other': 9, 'pentagon': 3, 'triangle': 3}"
420,contour,2.827,24.354,15.014,43.776,20.14,19,"{'pentagon': 5, 'rectangle': 5, 'other': 6, 'triangle': 2, 'square': 1}"
421,contour,1.654,25.882,21.814,51.719,20.15,21,"{'pentagon': 5, 'rectangle': 3, 'other': 7, 'triangle': 5, 'square': 1}"
422,contour,2.164,27.969,27.187,60.712,19.95,21,"{'pentagon': 4, 'rectangle': 4, 'other': 8, 'triangle': 5}"
423,contour,2.438,22.612,24.978,52.343,19.94,21,"{'other': 10, 'pentagon': 3, 'rectangle': 4, 'triangle': 4}"
424,contour,2.639,25.093,16.545,46.452,19.97,19,"{'other': 10, 'rectangle': 6, 'triangle': 2, 'pentagon': 1}"
425,contour,1.633,19.171,22.508,46.307,20.09,20,"{'other': 9, 'rectangle': 3, 'triangle': 6, 'pentagon': 2}"
426,contour,1.744,30.862,25.523,61.087,19.98,19,"{'other': 9, 'rectangle': 4, 'triangle': 3, 'pentagon': 3}"
427,contour,2.192,26.13,28.384,59.469,19.84,21,"{'other': 11, 'rectangle': 4, 'triangle': 4, 'pentagon': 2}"
428,contour,2.416,32.028,27.988,65.275,19.68,18,"{'other': 12, 'rectangle': 4, 'triangle': 1, 'pentagon': 1}"
429,contour,2.131,28.986,28.481,62.476,19.52,21,"{'other': 13, 'rectangle': 3, 'pentagon': 3, 'triangle': 2}"
430,contour,1.658,22.326,11.47,37.017,19.72,18,"{'other': 11, 'rectangle': 3, 'triangle': 1, 'pentagon': 3}"
431,contour,2.164,19.281,14.17,37.655,20.01,16,"{'other': 9, 'rectangle': 2, 'pentagon': 5}"
432,contour,1.715,20.258,20.39,45.192,20.04,16,"{'pentagon': 5, 'other': 7, 'triangle': 3, 'rectangle': 1}"
433,contour,2.012,36.801,28.495,70.23,19.93,17,"{'pentagon': 6, 'other': 7, 'rectangle': 3, 'triangle': 1}"
434,contour,1.836,32.598,22.664,58.748,20.01,18,"{'pentagon': 3, 'rectangle': 6, 'other': 7, 'triangle': 2}"
435,contour,1.672,20.01,15.116,38.468,20.19,18,"{'pentagon': 2, 'rectangle': 4, 'triangle': 2, 'other': 10}"
436,contour,1.664,22.803,15.055,41.504,20.18,19,"{'rectangle': 5, 'other': 10, 'square': 1, 'pentagon': 2, 'triangle': 1}"
437,contour,2.454,19.974,15.149,39.121,20.24,20,"{'pentagon': 4, 'other': 9, 'square': 1, 'rectangle': 4, 'triangle': 2}"
438,contour,1.706,22.937,15.471,41.885,20.44,20,"{'pentagon': 4, 'other': 10, 'rectangle': 6}"
439,contour,2.037,25.044,20.774,50.699,20.53,20,"{'pentagon': 2, 'other': 13, 'triangle': 2, 'rectangle': 3}"
440,contour,2.987,24.464,28.925,59.298,20.35,21,"{'rectangle': 5, 'other': 13, 'triangle': 2, 'pentagon': 1}"
441,contour,1.811,31.758,28.627,65.173,20.05,25,"{'pentagon': 5, 'other': 16, 'triangle': 2, 'rectangle': 2}"
442,contour,2.233,23.045,22.854,50.786,19.92,26,"{'pentagon': 3, 'other': 18, 'triangle': 2, 'rectangle': 3}"
443,contour,2.131,30.174,29.151,64.264,19.66,25,"{'rectangle': 4, 'pentagon': 3, 'other': 16, 'triangle': 2}"
444,contour,2.498,31.354,27.234,62.728,19.56,22,"{'pentagon': 4, 'other': 14, 'rectangle': 3, 'triangle': 1}"
445,contour,1.619,19.407,15.123,37.867,19.67,24,"{'pentagon': 3, 'other': 14, 'rectangle': 6, 'triangle': 1}"
446,contour,1.66,19.912,14.727,37.974,19.75,22,"{'pentagon': 3, 'rectangle': 3, 'triangle': 3, 'other': 13}"
447,contour,1.941,21.542,26.853,53.21,19.57,22,"{'other': 14, 'triangle': 4, 'rectangle': 2, 'pentagon': 2}"
448,contour,1.994,19.818,25.214,49.895,19.44,20,"{'other': 12, 'rectangle': 4, 'pentagon': 2, 'triangle': 2}"
449,contour,1.664,21.248,21.893,46.463,19.51,20,"{'other': 14, 'rectangle': 4, 'pentagon': 1, 'triangle': 1}"
450,contour,1.599,21.673,16.86,41.786,19.53,21,"{'other': 14, 'rectangle': 4, 'pentagon': 1, 'triangle': 2}"
451,contour,1.793,19.368,16.875,39.854,19.69,19,"{'other': 13, 'rectangle': 4, 'pentagon': 1, 'triangle': 1}"
452,contour,1.873,20.276,16.552,40.483,19.95,19,"{'other': 11, 'rectangle': 5, 'triangle': 3}"
453,contour,2.107,19.169,13.383,36.564,20.16,17,"{'other': 12, 'rectangle': 3, 'triangle': 2}"
454,contour,1.737,29.321,23.119,57.082,20.02,20,"{'pentagon': 1, 'rectangle': 3, 'triangle': 2, 'other': 14}"
455,contour,1.932,24.626,17.29,45.624,20.03,19,"{'pentagon': 1, 'triangle': 2, 'other': 13, 'rectangle': 3}"
456,contour,1.659,24.465,28.089,57.208,20.08,18,"{'other': 13, 'triangle': 3, 'rectangle': 2}"
457,contour,1.769,26.256,28.824,59.991,20.07,16,"{'other': 11, 'triangle': 2, 'rectangle': 2, 'pentagon': 1}"
458,contour,2.207,29.389,27.298,61.824,20.12,16,"{'other': 13, 'rectangle': 2, 'triangle': 1}"
459,contour,2.196,28.281,25.748,59.268,20.16,15,"{'triangle': 2, 'other': 10, 'rectangle': 3}"
460,contour,2.181,28.115,26.374,59.383,19.86,20,"{'other': 16, 'triangle': 1, 'rectangle': 3}"
461,contour,2.084,29.407,23.374,56.548,19.62,20,"{'other': 16, 'triangle': 2, 'rectangle': 2}"
462,contour,2.679,31.424,30.754,67.741,19.33,22,"{'other': 20, 'rectangle': 2}"
463,contour,2.274,24.177,26.852,56.175,19.51,20,"{'other': 18, 'rectangle': 2}"
464,contour,2.236,34.345,16.438,54.568,19.56,17,"{'other': 15, 'rectangle': 2}"
465,contour,2.192,24.567,15.251,43.634,19.5,16,"{'other': 14, 'rectangle': 2}"
466,contour,2.362,27.311,21.441,52.71,19.36,18,"{'other': 14, 'pentagon': 2, 'rectangle': 2}"
467,contour,2.324,30.69,19.273,53.859,19.17,9,"{'other': 5, 'rectangle': 2, 'triangle': 1, 'pentagon': 1}"
468,contour,2.084,28.047,28.566,61.486,18.94,8,"{'other': 4, 'rectangle': 3, 'triangle': 1}"
469,contour,1.933,31.204,29.461,65.726,18.76,8,"{'pentagon': 2, 'other': 3, 'rectangle': 2, 'triangle': 1}"
470,contour,3.261,26.028,23.226,55.973,18.8,8,"{'rectangle': 4, 'other': 3, 'pentagon': 1}"
471,contour,2.523,30.312,27.32,63.155,18.82,8,"{'other': 4, 'rectangle': 2, 'triangle': 2}"
472,contour,2.656,44.861,24.51,74.848,18.54,9,"{'other': 7, 'rectangle': 1, 'square': 1}"
473,contour,2.138,36.327,29.098,70.283,18.47,11,"{'triangle': 1, 'other': 7, 'rectangle': 1, 'pentagon': 1, 'square': 1}"
474,contour,2.619,28.669,16.693,49.248,18.63,12,"{'rectangle': 3, 'pentagon': 2, 'other': 6, 'square': 1}"
475,contour,2.777,26.15,16.244,46.868,18.53,10,"{'other': 5, 'rectangle': 4, 'square': 1}"
476,contour,3.74,28.222,30.712,65.618,18.21,12,"{'other': 5, 'rectangle': 7}"
477,contour,2.731,28.241,28.399,62.233,18.11,12,"{'triangle': 3, 'other': 5, 'rectangle': 4}"
478,contour,2.444,30.799,33.081,69.432,17.9,12,"{'other': 5, 'rectangle': 5, 'triangle': 1, 'square': 1}"
479,contour,2.659,28.408,26.472,60.144,17.76,8,"{'rectangle': 4, 'other': 4}"
480,contour,2.732,23.059,18.752,46.305,17.71,12,"{'pentagon': 3, 'triangle': 2, 'other': 4, 'rectangle': 3}"
481,contour,2.196,26.608,25.242,56.703,17.54,10,"{'other': 2, 'pentagon': 2, 'rectangle': 5, 'triangle': 1}"
482,contour,3.263,32.101,15.463,53.565,17.4,8,"{'other': 4, 'pentagon': 1, 'rectangle': 3}"
483,contour,2.528,30.69,30.267,66.425,17.11,9,"{'other': 5, 'rectangle': 4}"
484,contour,1.891,26.786,16.831,47.25,17.2,8,"{'other': 4, 'triangle': 1, 'rectangle': 2, 'pentagon': 1}"
485,contour,2.123,28.73,29.693,63.634,17.03,9,"{'other': 4, 'rectangle': 3, 'triangle': 2}"
486,contour,1.773,26.324,20.22,50.138,17.1,11,"{'other': 8, 'rectangle': 3}"
487,contour,1.964,35.172,20.386,59.401,17.1,11,"{'other': 8, 'pentagon': 1, 'rectangle': 2}"
488,contour,2.769,36.308,23.852,64.692,17.07,10,"{'other': 6, 'rectangle': 2, 'pentagon': 1, 'triangle': 1}"
489,contour,2.117,26.126,22.335,52.703,17.14,12,"{'other': 6, 'pentagon': 2, 'rectangle': 3, 'triangle': 1}"
490,contour,1.481,18.844,17.736,40.568,17.32,11,"{'other': 7, 'pentagon': 1, 'rectangle': 2, 'triangle': 1}"
491,contour,2.243,23.322,13.19,40.792,17.48,11,"{'other': 6, 'rectangle': 2, 'pentagon': 2, 'triangle': 1}"
492,contour,1.975,28.11,16.399,49.512,17.67,11,"{'other': 6, 'pentagon': 4, 'rectangle': 1}"
493,contour,2.132,30.076,23.795,59.15,17.64,13,"{'other': 10, 'rectangle': 1, 'pentagon': 2}"
494,contour,2.308,25.006,22.353,53.017,17.66,10,"{'other': 6, 'pentagon': 3, 'triangle': 1}"
495,contour,1.869,27.165,19.464,50.703,17.58,13,"{'other': 6, 'pentagon': 4, 'triangle': 1, 'rectangle': 2}"
496,contour,2.09,24.735,24.7,54.04,17.57,15,"{'other': 7, 'pentagon': 5, 'rectangle': 3}"
497,contour,2.267,27.761,20.742,53.189,17.58,12,"{'other': 7, 'rectangle': 2, 'pentagon': 2, 'triangle': 1}"
498,contour,2.085,27.264,24.203,56.332,17.63,13,"{'other': 10, 'pentagon': 2, 'triangle': 1}"
499,contour,2.328,25.836,24.013,54.769,17.74,14,"{'other': 8, 'rectangle': 1, 'pentagon': 3, 'triangle': 2}"
500,contour,1.891,25.302,23.332,53.153,17.77,23,"{'rectangle': 5, 'other': 10, 'pentagon': 6, 'triangle': 2}"
501,contour,1.597,20.155,30.539,54.784,17.86,23,"{'other': 12, 'pentagon': 8, 'rectangle': 2, 'triangle': 1}"
502,contour,2.48,23.373,26.939,55.502,18.07,20,"{'rectangle': 6, 'other': 9, 'pentagon': 4, 'triangle': 1}"
503,contour,1.756,26.812,21.615,52.348,18.27,20,"{'rectangle': 6, 'other': 6, 'pentagon': 5, 'triangle': 3}"
504,contour,1.91,25.481,31.047,60.874,18.14,20,"{'other': 11, 'rectangle': 3, 'pentagon': 5, 'triangle': 1}"
505,contour,2.088,22.753,26.843,54.151,18.06,20,"{'pentagon': 6, 'other': 12, 'rectangle': 1, 'triangle': 1}"
506,contour,2.124,22.568,23.843,50.04,18.23,26,"{'other': 16, 'rectangle': 1, 'pentagon': 6, 'triangle': 3}"
507,contour,1.743,26.071,29.539,59.724,18.26,24,"{'rectangle': 8, 'other': 10, 'pentagon': 3, 'triangle': 3}"
508,contour,1.981,23.102,27.43,55.269,18.42,23,"{'other': 12, 'rectangle': 8, 'triangle': 2, 'pentagon': 1}"
509,contour,1.81,24.034,30.827,59.446,18.43,21,"{'rectangle': 5, 'triangle': 1, 'other': 12, 'pentagon': 3}"
510,contour,1.529,24.019,25.003,52.87,18.35,20,"{'other': 11, 'rectangle': 4, 'pentagon': 3, 'triangle': 2}"
511,contour,1.737,22.854,16.183,42.063,18.52,15,"{'other': 12, 'pentagon': 1, 'triangle': 2}"
512,contour,1.758,18.275,22.132,44.702,18.62,22,"{'other': 13, 'rectangle': 8, 'triangle': 1}"
513,contour,1.671,20.544,29.868,54.437,18.76,24,"{'other': 13, 'pentagon': 7, 'triangle': 1, 'rectangle': 3}"
514,contour,2.16,22.566,22.009,48.458,18.74,19,"{'other': 12, 'rectangle': 2, 'pentagon': 4, 'triangle': 1}"
515,contour,1.804,20.94,20.301,44.723,18.97,15,"{'other': 11, 'pentagon': 1, 'rectangle': 3}"
516,contour,2.289,22.898,20.249,47.554,19.0,20,"{'rectangle': 5, 'triangle': 1, 'pentagon': 2, 'other': 12}"
517,contour,1.647,21.783,20.869,45.477,19.17,19,"{'rectangle': 5, 'other': 10, 'pentagon': 3, 'triangle': 1}"
518,contour,2.029,22.075,21.639,47.75,19.38,13,"{'other': 9, 'pentagon': 4}"
519,contour,2.039,17.321,17.23,38.653,19.56,14,"{'other': 11, 'triangle': 2, 'rectangle': 1}"
520,contour,1.978,19.399,12.225,34.744,19.63,11,"{'other': 9, 'rectangle': 2}"
521,contour,1.577,20.759,10.661,34.138,19.72,11,"{'other': 9, 'pentagon': 2}"
522,contour,2.059,16.539,18.838,39.552,19.85,12,"{'other': 9, 'pentagon': 2, 'triangle': 1}"
523,contour,1.682,17.443,11.231,31.59,20.21,10,"{'rectangle': 1, 'other': 7, 'triangle': 1, 'pentagon': 1}"
524,contour,1.564,17.113,12.74,32.721,20.5,10,"{'other': 7, 'rectangle': 2, 'pentagon': 1}"
525,contour,1.701,19.447,18.443,41.861,20.62,11,"{'other': 9, 'pentagon': 1, 'rectangle': 1}"
526,contour,1.808,21.726,13.213,38.155,20.85,13,"{'other': 8, 'pentagon': 2, 'triangle': 1, 'rectangle': 2}"
527,contour,2.277,21.936,16.403,41.911,21.01,12,"{'other': 7, 'pentagon': 3, 'triangle': 1, 'rectangle': 1}"
528,contour,1.661,15.099,13.219,31.42,21.39,11,"{'other': 8, 'triangle': 2, 'pentagon': 1}"
529,contour,1.66,17.832,13.674,34.513,21.7,12,"{'other': 11, 'triangle': 1}"
530,contour,1.428,16.919,15.769,35.692,21.98,15,"{'other': 10, 'triangle': 3, 'pentagon': 2}"
531,contour,1.828,24.131,15.335,42.761,22.17,15,"{'other': 10, 'pentagon': 3, 'triangle': 2}"
532,contour,1.553,21.351,17.57,41.847,22.4,10,"{'other': 6, 'pentagon': 2, 'square': 1, 'triangle': 1}"
533,contour,1.135,22.021,14.223,39.039,22.62,10,"{'other': 9, 'pentagon': 1}"
534,contour,1.626,17.099,23.774,44.21,22.91,12,"{'pentagon': 3, 'other': 8, 'square': 1}"
535,contour,1.308,18.139,14.782,36.285,23.23,15,"{'other': 11, 'triangle': 1, 'pentagon': 2, 'rectangle': 1}"
536,contour,1.496,16.493,22.895,43.467,23.35,14,"{'other': 8, 'pentagon': 4, 'triangle': 1, 'rectangle': 1}"
537,contour,1.991,26.5,20.635,51.563,23.49,15,"{'other': 10, 'pentagon': 1, 'triangle': 1, 'rectangle': 3}"
538,contour,1.837,25.55,23.591,54.299,23.51,15,"{'other': 11, 'rectangle': 2, 'pentagon': 2}"
539,contour,2.083,24.774,14.0,42.421,23.83,16,"{'other': 10, 'rectangle': 2, 'pentagon': 3, 'triangle': 1}"
540,contour,1.935,19.488,12.4,35.476,24.16,12,"{'other': 9, 'rectangle': 2, 'pentagon': 1}"
541,contour,2.203,26.432,17.485,48.201,24.05,14,"{'other': 10, 'rectangle': 3, 'triangle': 1}"
542,contour,2.12,28.042,12.903,44.663,24.05,10,"{'other': 6, 'rectangle': 3, 'pentagon': 1}"
543,contour,2.203,21.279,14.562,39.707,24.33,13,"{'rectangle': 3, 'other': 10}"
544,contour,2.201,27.221,22.662,55.05,24.2,16,"{'triangle': 2, 'other': 9, 'rectangle': 5}"
545,contour,2.073,23.488,20.391,48.775,24.13,13,"{'other': 8, 'rectangle': 3, 'triangle': 1, 'pentagon': 1}"
546,contour,2.086,24.653,13.633,42.974,24.21,12,"{'other': 9, 'rectangle': 2, 'triangle': 1}"
547,contour,1.814,16.407,20.828,41.916,24.28,13,"{'other': 9, 'rectangle': 3, 'triangle': 1}"
548,contour,1.505,15.312,16.807,36.277,24.51,15,"{'other': 10, 'rectangle': 3, 'pentagon': 1, 'triangle': 1}"
549,contour,1.27,16.879,12.389,32.301,24.64,15,"{'other': 7, 'pentagon': 4, 'rectangle': 3, 'triangle': 1}"
550,contour,1.986,16.781,14.741,35.239,24.63,15,"{'other': 7, 'pentagon': 5, 'rectangle': 2, 'triangle': 1}"
551,contour,1.33,16.67,11.495,31.493,24.68,12,"{'other': 10, 'triangle': 1, 'rectangle': 1}"
552,contour,1.579,18.734,10.858,34.01,24.8,10,"{'other': 7, 'rectangle': 3}"
553,contour,1.854,16.529,11.905,31.976,24.79,10,"{'other': 6, 'triangle': 2, 'pentagon': 1, 'rectangle': 1}"
554,contour,1.473,18.536,14.627,37.565,24.69,7,"{'other': 5, 'triangle': 2}"
555,contour,1.744,18.263,12.488,34.198,24.85,14,"{'other': 9, 'rectangle': 2, 'pentagon': 2, 'triangle': 1}"
556,contour,1.686,16.624,10.935,31.081,24.99,15,"{'other': 13, 'pentagon': 1, 'triangle': 1}"
557,contour,2.427,17.114,13.454,34.789,25.14,15,"{'other': 12, 'pentagon': 1, 'triangle': 1, 'rectangle': 1}"
558,contour,1.739,18.975,12.521,35.119,25.06,13,"{'other': 11, 'pentagon': 1, 'triangle': 1}"
559,contour,1.965,17.202,12.207,33.289,25.09,13,"{'other': 7, 'pentagon': 3, 'rectangle': 2, 'triangle': 1}"
560,contour,1.401,19.261,13.155,35.751,25.09,12,"{'other': 9, 'rectangle': 1, 'pentagon': 1, 'triangle': 1}"
561,contour,2.232,21.06,11.954,37.084,25.21,10,"{'other': 9, 'rectangle': 1}"
562,contour,2.001,21.25,13.005,39.882,25.25,11,"{'other': 8, 'rectangle': 2, 'pentagon': 1}"
563,contour,1.816,19.719,12.84,36.519,25.3,12,"{'other': 7, 'pentagon': 1, 'rectangle': 2, 'triangle': 2}"
564,contour,2.199,18.203,13.894,37.38,25.45,9,"{'other': 4, 'rectangle': 2, 'pentagon': 3}"
565,contour,2.406,18.646,15.264,39.402,25.38,11,"{'other': 6, 'pentagon': 4, 'rectangle': 1}"
566,contour,1.667,18.694,11.811,33.966,25.59,11,"{'other': 6, 'rectangle': 3, 'pentagon': 2}"
567,contour,1.959,17.999,15.525,38.372,25.88,11,"{'other': 7, 'triangle': 1, 'rectangle': 2, 'pentagon': 1}"
568,contour,1.827,18.941,11.427,33.923,26.34,12,"{'other': 8, 'triangle': 1, 'pentagon': 2, 'rectangle': 1}"
569,contour,1.714,21.905,15.326,42.707,26.34,14,"{'other': 9, 'triangle': 1, 'rectangle': 3, 'pentagon': 1}"
570,contour,1.697,23.782,11.298,38.425,26.27,16,"{'other': 11, 'triangle': 1, 'rectangle': 3, 'pentagon': 1}"
571,contour,2.243,19.341,19.408,43.902,26.37,16,"{'other': 10, 'rectangle': 3, 'triangle': 1, 'pentagon': 2}"
572,contour,1.897,20.517,11.688,36.346,26.56,17,"{'other': 10, 'rectangle': 3, 'triangle': 2, 'pentagon': 2}"
573,contour,1.514,18.719,12.432,34.46,26.69,17,"{'other': 11, 'rectangle': 3, 'triangle': 2, 'pentagon': 1}"
574,contour,2.054,22.598,10.605,37.053,27.12,15,"{'other': 8, 'rectangle': 4, 'triangle': 1, 'pentagon': 2}"
575,contour,1.976,19.531,15.952,40.466,27.33,14,"{'other': 8, 'rectangle': 4, 'pentagon': 2}"
576,contour,1.501,18.612,15.627,38.725,27.43,16,"{'rectangle': 5, 'other': 8, 'pentagon': 3}"
577,contour,1.674,19.14,17.204,41.467,27.44,14,"{'triangle': 1, 'other': 6, 'rectangle': 5, 'pentagon': 2}"
578,contour,2.272,19.272,11.498,34.879,27.48,19,"{'triangle': 1, 'other': 9, 'rectangle': 6, 'pentagon': 3}"
579,contour,2.093,18.69,11.036,33.45,27.45,16,"{'rectangle': 5, 'other': 7, 'pentagon': 4}"
580,contour,1.437,20.152,16.159,40.744,27.31,16,"{'rectangle': 7, 'other': 8, 'pentagon': 1}"
581,contour,2.173,22.567,14.355,41.952,27.05,15,"{'other': 9, 'rectangle': 5, 'pentagon': 1}"
582,contour,1.809,17.501,15.227,37.327,26.97,16,"{'other': 9, 'rectangle': 5, 'triangle': 1, 'pentagon': 1}"
583,contour,1.376,20.242,9.834,33.112,26.95,15,"{'rectangle': 5, 'other': 8, 'triangle': 1, 'pentagon': 1}"
584,contour,1.594,18.069,10.634,32.708,27.06,16,"{'other': 7, 'rectangle': 7, 'triangle': 1, 'pentagon': 1}"
585,contour,2.004,17.022,15.424,37.438,26.99,17,"{'rectangle': 7, 'other': 8, 'pentagon': 2}"
586,contour,2.347,22.076,12.894,39.275,26.79,20,"{'other': 13, 'rectangle': 6, 'pentagon': 1}"
587,contour,2.154,18.456,11.154,34.144,26.8,20,"{'other': 11, 'rectangle': 6, 'pentagon': 3}"
588,contour,1.66,18.788,16.875,40.27,26.68,21,"{'square': 1, 'rectangle': 5, 'other': 14, 'pentagon': 1}"
589,contour,2.336,19.454,11.433,34.818,26.64,21,"{'rectangle': 6, 'other': 14, 'pentagon': 1}"
590,contour,2.211,27.98,11.245,43.023,26.47,20,"{'other': 11, 'rectangle': 5, 'pentagon': 2, 'triangle': 2}"
591,contour,2.249,18.252,16.148,39.988,26.41,26,"{'other': 16, 'rectangle': 8, 'triangle': 1, 'pentagon': 1}"
592,contour,1.554,21.682,12.963,38.97,26.43,22,"{'rectangle': 5, 'other': 13, 'triangle': 2, 'pentagon': 2}"
593,contour,2.245,17.402,14.425,35.884,26.44,23,"{'other': 12, 'rectangle': 7, 'triangle': 2, 'pentagon': 2}"
594,contour,2.025,23.354,12.956,41.301,26.35,25,"{'rectangle': 7, 'other': 16, 'pentagon': 2}"
595,contour,1.75,18.312,9.611,31.263,26.54,19,"{'other': 13, 'rectangle': 6}"
596,contour,2.07,19.216,14.685,38.638,26.43,21,"{'other': 12, 'rectangle': 6, 'pentagon': 3}"
597,contour,1.44,21.76,10.414,36.193,26.48,21,"{'other': 14, 'rectangle': 5, 'pentagon': 2}"
598,contour,1.977,20.192,13.721,38.505,26.38,20,"{'other': 12, 'rectangle': 6, 'pentagon': 2}"
599,contour,2.192,24.351,11.327,41.284,26.41,16,"{'other': 8, 'rectangle': 6, 'triangle': 1, 'pentagon': 1}"
600,contour,2.021,20.478,9.639,33.846,26.52,14,"{'other': 8, 'rectangle': 4, 'pentagon': 2}"
601,contour,1.336,21.589,10.063,34.606,26.73,17,"{'other': 7, 'rectangle': 7, 'triangle': 1, 'pentagon': 2}"
602,contour,1.855,20.724,10.46,34.689,26.77,15,"{'other': 5, 'pentagon': 3, 'rectangle': 6, 'triangle': 1}"
603,contour,1.709,19.2,10.188,33.393,26.8,14,"{'other': 4, 'pentagon': 3, 'rectangle': 7}"
604,contour,1.892,19.586,14.911,39.331,26.75,14,"{'other': 6, 'pentagon': 3, 'rectangle': 4, 'triangle': 1}"
605,contour,2.129,18.455,15.747,39.43,26.77,14,"{'other': 7, 'rectangle': 4, 'pentagon': 2, 'triangle': 1}"
606,contour,1.991,17.936,18.032,40.743,26.72,14,"{'other': 8, 'rectangle': 5, 'pentagon': 1}"
607,contour,1.764,22.708,10.031,37.186,26.82,15,"{'other': 11, 'rectangle': 3, 'pentagon': 1}"
608,contour,1.283,23.291,17.129,44.487,26.6,14,"{'other': 10, 'rectangle': 2, 'pentagon': 2}"
609,contour,2.003,26.082,13.64,44.572,26.34,16,"{'other': 8, 'rectangle': 6, 'pentagon': 2}"
610,contour,1.764,20.457,9.836,33.662,26.5,13,"{'other': 6, 'rectangle': 4, 'pentagon': 3}"
611,contour,1.683,24.728,18.515,47.913,26.36,15,"{'other': 6, 'pentagon': 4, 'rectangle': 5}"
612,contour,2.206,22.878,11.463,39.386,26.31,15,"{'other': 6, 'pentagon': 5, 'rectangle': 4}"
613,contour,2.409,17.282,16.982,40.391,26.15,15,"{'other': 10, 'rectangle': 2, 'pentagon': 3}"
614,contour,1.661,28.674,19.209,52.321,25.71,15,"{'other': 9, 'rectangle': 4, 'pentagon': 2}"
615,contour,2.143,20.656,14.233,39.613,25.66,14,"{'other': 10, 'rectangle': 3, 'pentagon': 1}"
616,contour,1.763,22.676,17.597,44.629,25.54,16,"{'other': 11, 'rectangle': 3, 'pentagon': 2}"
617,contour,2.006,21.031,10.587,36.189,25.5,15,"{'other': 10, 'rectangle': 4, 'pentagon': 1}"
618,contour,1.806,19.29,11.253,34.956,25.61,15,"{'rectangle': 5, 'other': 8, 'pentagon': 2}"
619,contour,1.933,20.188,8.969,32.576,25.66,15,"{'rectangle': 4, 'other': 9, 'triangle': 1, 'pentagon': 1}"
620,contour,1.787,18.968,13.452,36.76,25.8,17,"{'rectangle': 5, 'other': 10, 'pentagon': 2}"
621,contour,1.728,20.194,9.83,33.175,25.95,17,"{'rectangle': 5, 'square': 1, 'other': 9, 'triangle': 1, 'pentagon': 1}"
622,contour,1.764,21.321,12.173,37.035,26.0,20,"{'rectangle': 8, 'other': 10, 'pentagon': 2}"
623,contour,1.577,20.327,9.477,32.838,26.07,16,"{'rectangle': 3, 'triangle': 3, 'other': 10}"
624,contour,1.952,24.228,17.423,46.282,25.95,14,"{'rectangle': 2, 'other': 8, 'pentagon': 3, 'triangle': 1}"
625,contour,1.705,18.367,11.211,34.15,25.89,15,"{'other': 10, 'rectangle': 3, 'triangle': 1, 'pentagon': 1}"
626,contour,2.11,27.963,19.69,52.41,25.59,17,"{'other': 13, 'rectangle': 3, 'triangle': 1}"
627,contour,2.507,21.783,9.779,35.474,25.6,15,"{'other': 11, 'rectangle': 4}"
628,contour,1.887,18.939,11.189,33.69,25.71,13,"{'other': 9, 'rectangle': 4}"
629,contour,1.646,25.765,19.774,49.645,25.52,14,"{'rectangle': 7, 'other': 5, 'triangle': 1, 'pentagon': 1}"
630,contour,1.6,25.89,9.237,38.746,25.42,11,"{'rectangle': 4, 'other': 5, 'pentagon': 1, 'triangle': 1}"
631,contour,1.495,17.358,13.327,34.802,25.41,10,"{'other': 6, 'rectangle': 4}"
632,contour,1.912,19.09,9.635,32.383,25.46,12,"{'rectangle': 3, 'other': 9}"
633,contour,2.033,19.853,9.273,32.673,25.48,11,"{'rectangle': 2, 'other': 6, 'pentagon': 2, 'triangle': 1}"
634,contour,1.807,19.68,12.302,35.929,25.55,14,"{'rectangle': 4, 'pentagon': 2, 'other': 6, 'triangle': 2}"
635,contour,2.135,18.445,11.853,34.066,25.67,10,"{'other': 7, 'circle': 1, 'rectangle': 1, 'triangle': 1}"
636,contour,1.939,17.104,12.552,34.417,25.81,13,"{'rectangle': 2, 'other': 7, 'triangle': 3, 'pentagon': 1}"
637,contour,1.711,16.556,9.447,29.719,25.98,10,"{'other': 7, 'rectangle': 2, 'square': 1}"
638,contour,1.955,28.022,14.425,47.056,25.92,13,"{'other': 9, 'rectangle': 2, 'pentagon': 1, 'square': 1}"
639,contour,1.826,26.511,13.83,44.718,25.92,14,"{'other': 11, 'triangle': 1, 'pentagon': 1, 'rectangle': 1}"
640,contour,2.031,16.77,9.816,30.21,25.99,14,"{'other': 10, 'triangle': 2, 'rectangle': 2}"
641,contour,1.937,26.048,10.152,39.67,26.18,13,"{'pentagon': 3, 'other': 7, 'rectangle': 1, 'square': 1, 'triangle': 1}"
642,contour,1.929,18.815,16.279,39.682,26.17,14,"{'rectangle': 1, 'other': 10, 'pentagon': 2, 'triangle': 1}"
643,contour,1.756,17.113,19.86,41.557,26.15,12,"{'pentagon': 3, 'other': 8, 'triangle': 1}"
644,contour,1.738,19.626,9.801,33.721,26.58,13,"{'rectangle': 2, 'other': 7, 'triangle': 2, 'pentagon': 2}"
645,contour,1.435,18.022,16.053,38.188,26.61,14,"{'rectangle': 3, 'other': 7, 'pentagon': 3, 'triangle': 1}"
646,contour,1.611,19.682,16.578,40.458,26.71,13,"{'rectangle': 3, 'pentagon': 4, 'other': 5, 'triangle': 1}"
647,contour,1.423,21.341,10.106,34.93,26.74,12,"{'rectangle': 2, 'other': 10}"
648,contour,1.674,17.997,10.988,33.398,26.78,11,"{'other': 8, 'triangle': 1, 'pentagon': 2}"
649,contour,1.731,17.211,11.217,31.747,26.8,13,"{'rectangle': 2, 'other': 11}"
650,contour,1.635,16.62,11.697,32.76,26.89,12,"{'other': 10, 'rectangle': 2}"
651,contour,1.935,16.333,13.952,34.151,26.87,14,"{'other': 9, 'pentagon': 2, 'rectangle': 3}"
652,contour,2.141,18.447,11.175,33.399,26.96,17,"{'other': 11, 'pentagon': 2, 'square': 1, 'rectangle': 3}"
653,contour,1.608,17.097,11.601,31.909,26.98,17,"{'rectangle': 4, 'other': 10, 'pentagon': 2, 'square': 1}"
654,contour,1.409,18.44,14.538,37.35,27.2,16,"{'rectangle': 4, 'pentagon': 4, 'triangle': 1, 'other': 7}"
655,contour,1.871,19.994,13.465,37.992,27.1,16,"{'rectangle': 2, 'triangle': 1, 'pentagon': 4, 'other': 9}"
656,contour,2.296,18.946,12.359,35.499,27.52,16,"{'rectangle': 2, 'other': 10, 'pentagon': 4}"
657,contour,1.856,21.15,12.386,37.302,27.48,16,"{'rectangle': 4, 'other': 9, 'pentagon': 3}"
658,contour,2.046,25.313,13.817,44.053,27.22,18,"{'other': 11, 'triangle': 2, 'pentagon': 3, 'rectangle': 2}"
659,contour,1.72,22.604,21.203,48.741,27.24,18,"{'other': 11, 'triangle': 2, 'rectangle': 4, 'pentagon': 1}"
660,contour,2.204,31.495,16.555,53.016,26.89,18,"{'other': 11, 'triangle': 2, 'rectangle': 4, 'pentagon': 1}"
661,contour,2.253,22.677,22.968,50.885,26.51,16,"{'other': 11, 'triangle': 2, 'rectangle': 2, 'pentagon': 1}"
662,contour,2.025,22.074,17.216,43.759,26.25,15,"{'rectangle': 2, 'triangle': 1, 'other': 11, 'pentagon': 1}"
663,contour,2.276,22.6,18.106,45.439,25.96,15,"{'pentagon': 4, 'triangle': 1, 'other': 7, 'rectangle': 2, 'square': 1}"
664,contour,2.329,22.748,22.167,49.758,25.65,14,"{'rectangle': 3, 'pentagon': 2, 'triangle': 1, 'other': 7, 'square': 1}"
665,contour,1.856,20.013,15.21,38.681,25.55,17,"{'other': 12, 'rectangle': 3, 'triangle': 1, 'square': 1}"
666,contour,1.992,20.656,20.202,45.329,25.31,16,"{'other': 8, 'pentagon': 2, 'triangle': 3, 'rectangle': 3}"
667,contour,2.347,21.25,23.114,49.142,24.91,17,"{'pentagon': 3, 'rectangle': 7, 'triangle': 2, 'other': 5}"
668,contour,2.122,23.62,16.621,44.548,24.96,18,"{'rectangle': 8, 'pentagon': 3, 'triangle': 2, 'other': 5}"
669,contour,1.795,26.115,21.823,52.106,24.81,17,"{'pentagon': 1, 'triangle': 1, 'rectangle': 7, 'other': 7, 'square': 1}"
670,contour,2.083,19.581,17.59,41.575,24.58,18,"{'pentagon': 3, 'triangle': 1, 'other': 9, 'rectangle': 5}"
671,contour,1.85,17.707,17.692,39.596,24.58,19,"{'other': 11, 'triangle': 2, 'rectangle': 5, 'pentagon': 1}"
672,contour,1.983,17.586,12.127,33.14,24.71,17,"{'other': 10, 'triangle': 1, 'rectangle': 4, 'pentagon': 2}"
673,contour,1.811,20.148,23.755,48.293,24.57,23,"{'other': 11, 'rectangle': 8, 'triangle': 2, 'pentagon': 2}"
674,contour,2.45,22.9,21.406,49.557,24.26,16,"{'other': 9, 'rectangle': 5, 'pentagon': 1, 'triangle': 1}"
675,contour,2.105,18.255,12.828,35.127,24.32,12,"{'other': 6, 'rectangle': 4, 'triangle': 1, 'pentagon': 1}"
676,contour,2.353,20.114,16.318,41.268,24.3,14,"{'other': 7, 'pentagon': 3, 'rectangle': 3, 'square': 1}"
677,contour,1.911,21.38,14.692,39.455,24.21,16,"{'other': 6, 'pentagon': 4, 'rectangle': 4, 'triangle': 1, 'square': 1}"
678,contour,2.0,17.852,16.759,38.045,24.12,18,"{'other': 8, 'pentagon': 2, 'triangle': 2, 'rectangle': 5, 'square': 1}"
679,contour,1.776,19.588,19.433,43.541,23.9,15,"{'other': 7, 'rectangle': 5, 'pentagon': 2, 'triangle': 1}"
680,contour,1.851,20.946,26.278,51.746,23.54,18,"{'other': 12, 'rectangle': 5, 'pentagon': 1}"
681,contour,1.929,18.076,12.562,34.152,23.54,18,"{'other': 7, 'rectangle': 5, 'pentagon': 4, 'triangle': 2}"
682,contour,2.08,17.477,13.21,34.383,23.52,18,"{'rectangle': 7, 'pentagon': 3, 'other': 7, 'triangle': 1}"
683,contour,1.61,17.651,15.072,35.923,23.45,17,"{'rectangle': 6, 'pentagon': 2, 'other': 9}"
684,contour,1.552,17.761,19.588,42.383,23.36,17,"{'rectangle': 5, 'pentagon': 5, 'other': 7}"
685,contour,1.767,18.221,12.875,34.369,23.42,14,"{'rectangle': 5, 'other': 7, 'pentagon': 2}"
686,contour,2.398,19.418,14.265,37.799,23.38,18,"{'rectangle': 7, 'other': 6, 'pentagon': 4, 'triangle': 1}"
687,contour,1.633,19.334,18.167,40.649,23.32,12,"{'rectangle': 4, 'other': 6, 'pentagon': 2}"
688,contour,1.784,19.812,19.34,42.922,23.34,14,"{'rectangle': 3, 'other': 8, 'triangle': 1, 'pentagon': 2}"
689,contour,1.618,23.796,23.19,51.56,23.29,18,"{'triangle': 2, 'rectangle': 5, 'other': 9, 'pentagon': 2}"
690,contour,2.667,20.301,23.672,49.311,23.36,14,"{'rectangle': 3, 'other': 10, 'triangle': 1}"
691,contour,2.093,19.601,22.331,46.51,23.44,12,"{'rectangle': 2, 'other': 8, 'pentagon': 2}"
692,contour,2.105,19.714,20.858,45.277,23.41,13,"{'rectangle': 5, 'other': 7, 'pentagon': 1}"
693,contour,2.078,23.905,18.372,47.455,23.37,14,"{'other': 9, 'rectangle': 4, 'pentagon': 1}"
694,contour,1.946,21.757,16.479,42.827,23.5,12,"{'rectangle': 3, 'other': 6, 'triangle': 1, 'pentagon': 2}"
695,contour,2.193,19.241,14.296,39.046,23.49,13,"{'other': 7, 'triangle': 1, 'rectangle': 5}"
696,contour,1.62,18.256,13.282,35.782,23.67,14,"{'rectangle': 4, 'triangle': 1, 'pentagon': 2, 'other': 7}"
697,contour,2.067,18.691,12.123,34.355,23.95,12,"{'other': 7, 'rectangle': 2, 'triangle': 1, 'pentagon': 2}"
698,contour,2.26,18.291,12.688,34.673,24.14,14,"{'rectangle': 4, 'other': 8, 'triangle': 1, 'pentagon': 1}"
699,contour,1.474,18.475,19.937,42.547,24.33,14,"{'rectangle': 5, 'pentagon': 4, 'other': 4, 'triangle': 1}"
700,contour,2.029,20.138,13.904,37.597,24.4,13,"{'pentagon': 5, 'rectangle': 2, 'other': 6}"
701,contour,1.732,18.12,20.161,42.739,24.34,14,"{'rectangle': 4, 'pentagon': 4, 'triangle': 1, 'other': 5}"
702,contour,2.13,17.267,14.568,36.595,24.27,16,"{'rectangle': 3, 'pentagon': 5, 'other': 8}"
703,contour,2.273,18.873,14.885,37.687,24.48,15,"{'pentagon': 3, 'other': 10, 'rectangle': 2}"
704,contour,2.319,17.622,12.854,34.369,24.79,13,"{'pentagon': 3, 'rectangle': 2, 'other': 7, 'triangle': 1}"
705,contour,1.514,19.642,13.502,36.441,24.76,14,"{'other': 8, 'pentagon': 4, 'rectangle': 2}"
706,contour,2.081,19.65,14.061,37.564,24.84,12,"{'triangle': 1, 'other': 7, 'rectangle': 3, 'pentagon': 1}"
707,contour,1.543,20.569,18.575,43.629,24.76,11,"{'pentagon': 4, 'other': 5, 'rectangle': 1, 'triangle': 1}"
708,contour,2.493,23.387,14.16,41.642,24.68,11,"{'rectangle': 3, 'other': 7, 'pentagon': 1}"
709,contour,1.718,19.384,15.513,38.924,24.78,13,"{'pentagon': 3, 'other': 7, 'rectangle': 2, 'triangle': 1}"
710,contour,1.774,19.106,14.955,37.618,25.07,14,"{'rectangle': 4, 'pentagon': 3, 'other': 6, 'triangle': 1}"
711,contour,2.114,19.503,18.404,42.939,24.89,13,"{'rectangle': 4, 'other': 6, 'pentagon': 3}"
712,contour,1.633,18.829,15.446,37.72,24.82,14,"{'rectangle': 6, 'other': 7, 'pentagon': 1}"
713,contour,1.718,19.949,18.414,42.114,24.69,14,"{'rectangle': 3, 'other': 9, 'pentagon': 1, 'triangle': 1}"
714,contour,2.136,19.261,15.299,38.307,24.77,14,"{'pentagon': 2, 'other': 8, 'rectangle': 4}"
715,contour,2.38,18.009,16.938,40.178,24.66,16,"{'rectangle': 4, 'pentagon': 1, 'square': 2, 'triangle': 1, 'other': 8}"
716,contour,1.869,20.873,20.888,46.48,24.48,11,"{'other': 7, 'square': 2, 'rectangle': 1, 'triangle': 1}"
717,contour,1.725,21.814,20.35,46.99,24.35,7,"{'pentagon': 4, 'triangle': 1, 'rectangle': 1, 'other': 1}"
718,contour,2.208,27.308,17.465,49.323,24.23,7,"{'pentagon': 2, 'rectangle': 2, 'other': 3}"
719,contour,2.644,26.836,24.944,57.723,24.11,9,"{'rectangle': 4, 'pentagon': 1, 'other': 4}"
720,contour,1.881,24.036,23.684,50.894,24.08,8,"{'pentagon': 1, 'other': 4, 'rectangle': 3}"
721,contour,2.186,22.85,30.367,57.975,23.86,8,"{'other': 5, 'pentagon': 1, 'rectangle': 1, 'square': 1}"
722,contour,2.108,22.195,29.033,56.368,23.65,10,"{'triangle': 1, 'other': 5, 'pentagon': 2, 'square': 2}"
723,contour,2.41,32.219,23.828,60.357,23.41,11,"{'rectangle': 1, 'other': 6, 'pentagon': 4}"
724,contour,2.105,27.453,29.132,61.471,23.08,15,"{'rectangle': 4, 'other': 4, 'triangle': 4, 'square': 2, 'pentagon': 1}"
725,contour,2.584,25.395,21.381,50.934,22.87,15,"{'other': 5, 'rectangle': 4, 'triangle': 3, 'pentagon': 3}"
726,contour,2.074,20.743,25.511,50.313,22.62,17,"{'other': 8, 'rectangle': 3, 'triangle': 2, 'pentagon': 4}"
727,contour,2.659,27.475,31.068,63.98,22.12,18,"{'rectangle': 7, 'other': 8, 'pentagon': 3}"
728,contour,2.303,23.564,26.341,55.276,21.79,16,"{'other': 8, 'pentagon': 3, 'rectangle': 4, 'triangle': 1}"
729,contour,2.265,28.252,26.507,58.438,21.54,15,"{'other': 6, 'rectangle': 5, 'triangle': 1, 'pentagon': 3}"
730,contour,2.162,23.342,30.142,58.578,21.22,11,"{'rectangle': 4, 'other': 4, 'pentagon': 2, 'triangle': 1}"
731,contour,2.21,18.737,23.382,46.826,21.16,11,"{'rectangle': 3, 'triangle': 3, 'pentagon': 2, 'other': 2, 'square': 1}"
732,contour,2.05,26.934,21.62,51.871,20.94,7,"{'triangle': 2, 'other': 2, 'rectangle': 3}"
733,contour,2.192,22.793,25.251,52.633,20.72,16,"{'rectangle': 5, 'triangle': 4, 'other': 5, 'pentagon': 2}"
734,contour,2.52,18.818,21.694,45.364,20.56,14,"{'pentagon': 3, 'triangle': 4, 'rectangle': 5, 'other': 2}"
735,contour,1.841,17.184,14.945,35.613,20.58,10,"{'pentagon': 3, 'triangle': 1, 'rectangle': 2, 'other': 4}"
736,contour,1.977,20.913,13.761,38.075,20.57,11,"{'pentagon': 3, 'other': 5, 'rectangle': 2, 'triangle': 1}"
737,contour,1.541,22.956,14.555,40.272,20.62,12,"{'pentagon': 4, 'other': 4, 'rectangle': 2, 'triangle': 2}"
738,contour,1.898,20.684,24.522,49.511,20.5,17,"{'triangle': 1, 'pentagon': 5, 'other': 9, 'rectangle': 2}"
739,contour,1.904,22.78,17.873,43.955,20.43,14,"{'rectangle': 2, 'pentagon': 2, 'other': 10}"
740,contour,1.82,19.761,19.442,43.725,20.35,14,"{'rectangle': 4, 'other': 6, 'pentagon': 4}"
741,contour,1.843,16.954,11.909,32.094,20.5,14,"{'pentagon': 3, 'triangle': 2, 'rectangle': 3, 'other': 6}"
742,contour,2.153,24.876,14.608,44.007,20.41,17,"{'other': 10, 'pentagon': 4, 'rectangle': 1, 'triangle': 2}"
743,contour,1.767,18.379,20.749,43.191,20.4,16,"{'other': 7, 'pentagon': 4, 'rectangle': 3, 'triangle': 2}"
744,contour,1.983,19.774,12.999,36.037,20.43,18,"{'other': 12, 'rectangle': 2, 'pentagon': 2, 'triangle': 2}"
745,contour,2.133,16.564,13.691,33.868,20.52,16,"{'other': 8, 'pentagon': 5, 'rectangle': 2, 'triangle': 1}"
746,contour,2.455,18.976,13.423,36.223,20.66,18,"{'other': 9, 'triangle': 3, 'rectangle': 3, 'pentagon': 3}"
747,contour,1.878,17.878,13.608,35.126,20.83,17,"{'other': 8, 'triangle': 2, 'rectangle': 3, 'pentagon': 4}"
748,contour,2.142,21.069,13.122,37.73,21.0,18,"{'other': 9, 'pentagon': 2, 'rectangle': 5, 'triangle': 2}"
749,contour,2.107,17.881,13.492,34.949,21.34,18,"{'square': 2, 'other': 9, 'rectangle': 3, 'pentagon': 2, 'triangle': 2}"
750,contour,2.173,18.178,15.384,38.648,21.53,17,"{'other': 12, 'rectangle': 3, 'pentagon': 2}"
751,contour,2.097,17.999,13.438,34.79,21.89,20,"{'triangle': 3, 'other': 7, 'rectangle': 4, 'pentagon': 6}"
752,contour,1.508,22.781,13.435,39.013,22.18,16,"{'other': 11, 'pentagon': 2, 'rectangle': 3}"
753,contour,2.023,22.434,14.5,40.415,22.51,19,"{'triangle': 3, 'other': 9, 'pentagon': 5, 'rectangle': 2}"
754,contour,1.692,19.973,21.241,44.037,22.81,17,"{'triangle': 1, 'other': 9, 'rectangle': 5, 'pentagon': 2}"
755,contour,2.494,20.652,21.716,47.193,22.87,18,"{'other': 9, 'rectangle': 6, 'triangle': 1, 'pentagon': 2}"
756,contour,1.913,17.469,14.631,35.365,23.13,22,"{'triangle': 3, 'rectangle': 6, 'pentagon': 3, 'other': 10}"
757,contour,2.109,30.361,14.411,48.295,23.42,22,"{'rectangle': 6, 'pentagon': 3, 'other': 11, 'triangle': 2}"
758,contour,1.516,24.112,22.083,50.537,23.5,20,"{'rectangle': 8, 'pentagon': 6, 'other': 4, 'triangle': 2}"
759,contour,2.057,25.138,18.89,48.624,23.69,20,"{'rectangle': 5, 'pentagon': 5, 'other': 8, 'triangle': 2}"
760,contour,2.153,28.65,23.268,56.662,23.72,18,"{'other': 8, 'pentagon': 4, 'rectangle': 3, 'triangle': 3}"
761,contour,1.947,17.825,18.462,40.646,23.84,18,"{'other': 9, 'rectangle': 3, 'triangle': 2, 'pentagon': 4}"
762,contour,2.326,22.812,21.848,49.346,23.89,18,"{'other': 8, 'rectangle': 3, 'pentagon': 5, 'triangle': 2}"
763,contour,1.887,20.487,13.461,37.19,24.18,15,"{'rectangle': 4, 'other': 8, 'pentagon': 2, 'triangle': 1}"
764,contour,1.74,25.998,21.482,51.533,24.06,13,"{'other': 6, 'rectangle': 2, 'pentagon': 4, 'triangle': 1}"
765,contour,1.824,16.842,15.579,36.513,24.05,14,"{'other': 8, 'pentagon': 4, 'rectangle': 1, 'triangle': 1}"
766,contour,1.845,19.07,16.891,40.366,24.0,15,"{'other': 5, 'rectangle': 5, 'pentagon': 5}"
767,contour,1.829,20.122,17.613,41.847,23.97,18,"{'other': 8, 'rectangle': 4, 'triangle': 3, 'pentagon': 3}"
768,contour,2.176,17.012,18.827,40.343,24.15,16,"{'other': 6, 'pentagon': 4, 'triangle': 2, 'rectangle': 3, 'square': 1}"
769,contour,1.953,17.153,12.741,34.044,24.34,12,"{'other': 7, 'rectangle': 3, 'pentagon': 2}"
770,contour,1.802,18.04,11.487,33.761,24.54,15,"{'other': 6, 'rectangle': 8, 'pentagon': 1}"
771,contour,1.929,22.825,12.176,39.169,24.4,16,"{'other': 10, 'rectangle': 5, 'pentagon': 1}"
772,contour,1.91,18.482,13.863,35.653,24.57,16,"{'square': 1, 'other': 8, 'rectangle': 6, 'triangle': 1}"
773,contour,1.703,22.292,17.405,43.016,24.57,17,"{'other': 10, 'rectangle': 6, 'square': 1}"
774,contour,2.209,25.727,16.08,46.378,24.36,19,"{'other': 12, 'rectangle': 5, 'pentagon': 1, 'square': 1}"
775,contour,2.466,24.318,17.305,45.51,24.14,17,"{'other': 11, 'rectangle': 6}"
776,contour,2.35,25.309,18.898,48.813,23.89,15,"{'other': 8, 'rectangle': 5, 'square': 1, 'pentagon': 1}"
777,contour,2.506,23.243,18.621,47.295,23.67,17,"{'other': 10, 'rectangle': 4, 'square': 1, 'pentagon': 2}"
778,contour,2.057,26.478,20.996,51.938,23.4,18,"{'other': 12, 'rectangle': 3, 'pentagon': 2, 'triangle': 1}"
779,contour,2.043,21.729,11.571,37.534,23.36,17,"{'other': 9, 'rectangle': 5, 'square': 1, 'pentagon': 2}"
780,contour,1.665,20.035,17.416,41.495,23.3,15,"{'other': 9, 'rectangle': 2, 'square': 1, 'triangle': 1, 'pentagon': 2}"
781,contour,2.006,25.96,17.14,46.498,23.09,15,"{'other': 10, 'triangle': 1, 'rectangle': 1, 'pentagon': 3}"
782,contour,1.758,20.349,11.8,35.23,23.16,15,"{'rectangle': 2, 'other': 8, 'pentagon': 4, 'triangle': 1}"
783,contour,1.944,17.402,16.744,38.426,23.2,11,"{'other': 8, 'rectangle': 1, 'pentagon': 2}"
784,contour,1.794,21.496,15.177,41.333,23.25,15,"{'other': 13, 'pentagon': 1, 'rectangle': 1}"
785,contour,1.328,20.982,19.281,44.151,23.3,13,"{'other': 11, 'rectangle': 2}"
786,contour,2.182,19.101,18.211,40.901,23.2,13,"{'other': 11, 'pentagon': 2}"
787,contour,1.703,22.108,17.316,43.481,23.29,12,"{'other': 8, 'rectangle': 2, 'pentagon': 2}"
788,contour,2.081,17.77,11.04,32.466,23.62,11,"{'other': 7, 'triangle': 1, 'pentagon': 2, 'rectangle': 1}"
789,contour,1.579,17.675,15.094,35.984,23.86,12,"{'other': 9, 'triangle': 1, 'rectangle': 2}"
790,contour,1.555,23.321,11.432,37.588,24.22,10,"{'triangle': 1, 'other': 7, 'rectangle': 2}"
791,contour,1.837,25.497,17.883,47.681,24.09,17,"{'triangle': 3, 'other': 10, 'rectangle': 2, 'pentagon': 2}"
792,contour,1.978,20.985,13.711,37.945,24.31,16,"{'other': 9, 'triangle': 2, 'square': 2, 'rectangle': 2, 'pentagon': 1}"
793,contour,2.418,26.413,21.958,53.319,24.0,12,"{'other': 7, 'triangle': 2, 'rectangle': 2, 'pentagon': 1}"
794,contour,1.854,20.224,13.621,37.901,24.26,14,"{'other': 9, 'pentagon': 2, 'rectangle': 2, 'triangle': 1}"
795,contour,2.033,18.986,13.184,35.869,24.27,17,"{'other': 10, 'rectangle': 6, 'pentagon': 1}"
796,contour,2.628,21.078,12.088,37.823,24.32,18,"{'pentagon': 3, 'other': 10, 'rectangle': 5}"
797,contour,1.438,21.391,16.62,41.862,24.32,21,"{'other': 11, 'triangle': 2, 'pentagon': 2, 'rectangle': 6}"
798,contour,1.928,17.511,13.403,34.321,24.44,18,"{'other': 11, 'triangle': 2, 'rectangle': 2, 'pentagon': 3}"
799,contour,2.244,26.924,11.402,41.869,24.29,19,"{'other': 11, 'triangle': 3, 'rectangle': 3, 'pentagon': 2}"
800,contour,1.816,19.489,11.59,34.386,24.28,20,"{'triangle': 3, 'pentagon': 3, 'rectangle': 6, 'other': 8}"
801,contour,1.922,21.823,12.208,37.385,24.31,18,"{'other': 9, 'triangle': 2, 'rectangle': 4, 'pentagon': 3}"
802,contour,1.881,21.828,11.435,36.587,24.29,15,"{'rectangle': 4, 'other': 7, 'pentagon': 4}"
803,contour,1.839,19.419,12.014,34.714,24.46,12,"{'other': 6, 'triangle': 2, 'rectangle': 3, 'pentagon': 1}"
804,contour,2.183,22.443,11.499,37.509,24.63,14,"{'rectangle': 5, 'other': 5, 'pentagon': 2, 'triangle': 2}"
805,contour,1.568,19.079,12.22,34.347,24.86,13,"{'triangle': 2, 'pentagon': 3, 'rectangle': 4, 'other': 4}"
806,contour,1.511,19.987,14.238,38.281,25.08,13,"{'triangle': 1, 'other': 5, 'pentagon': 2, 'rectangle': 5}"
807,contour,2.609,20.854,14.28,39.423,25.25,10,"{'triangle': 1, 'other': 4, 'rectangle': 4, 'pentagon': 1}"
808,contour,1.686,20.373,13.107,36.722,25.57,10,"{'triangle': 2, 'other': 3, 'rectangle': 3, 'pentagon': 2}"
809,contour,1.55,21.463,12.36,36.886,25.59,10,"{'triangle': 1, 'other': 3, 'rectangle': 4, 'pentagon': 2}"
810,contour,2.122,19.506,11.735,34.754,25.74,11,"{'rectangle': 6, 'other': 3, 'pentagon': 2}"
811,contour,2.105,20.641,11.69,35.832,25.97,11,"{'rectangle': 5, 'other': 4, 'pentagon': 1, 'square': 1}"
812,contour,1.753,19.653,13.424,36.286,25.95,11,"{'triangle': 3, 'other': 5, 'rectangle': 3}"
813,contour,2.384,18.564,17.409,39.841,25.92,9,"{'other': 7, 'rectangle': 2}"
814,contour,2.011,22.54,12.321,38.344,25.99,11,"{'other': 7, 'rectangle': 2, 'pentagon': 1, 'triangle': 1}"
815,contour,1.533,19.238,12.975,35.313,26.19,10,"{'other': 6, 'rectangle': 3, 'pentagon': 1}"
816,contour,2.451,32.641,20.855,58.61,25.79,13,"{'other': 10, 'pentagon': 3}"
817,contour,2.277,19.891,20.091,44.758,25.76,12,"{'other': 10, 'square': 1, 'pentagon': 1}"
818,contour,1.8,18.277,16.143,38.248,25.63,13,"{'other': 7, 'rectangle': 2, 'square': 1, 'triangle': 1, 'pentagon': 2}"
819,contour,2.096,22.923,11.528,39.408,25.56,10,"{'other': 5, 'rectangle': 2, 'triangle': 2, 'pentagon': 1}"
820,contour,2.01,17.412,12.2,33.451,25.65,10,"{'other': 5, 'rectangle': 2, 'pentagon': 3}"
821,contour,1.681,19.148,12.849,35.081,25.93,11,"{'other': 4, 'rectangle': 3, 'pentagon': 4}"
822,contour,1.816,19.459,20.752,43.624,25.8,10,"{'other': 2, 'rectangle': 2, 'pentagon': 3, 'square': 1, 'triangle': 2}"
823,contour,2.05,23.01,13.703,40.367,26.09,11,"{'other': 3, 'rectangle': 4, 'triangle': 3, 'pentagon': 1}"
824,contour,1.541,23.642,23.223,51.463,25.79,11,"{'other': 6, 'rectangle': 3, 'pentagon': 1, 'triangle': 1}"
825,contour,1.397,23.689,23.665,51.33,25.45,15,"{'other': 4, 'rectangle': 5, 'square': 1, 'triangle': 3, 'pentagon': 2}"
826,contour,1.841,22.024,15.091,40.369,25.39,12,"{'other': 3, 'rectangle': 5, 'pentagon': 2, 'triangle': 2}"
827,contour,1.925,17.588,13.045,34.124,25.56,14,"{'other': 7, 'rectangle': 4, 'pentagon': 2, 'triangle': 1}"
828,contour,2.3,21.276,17.483,44.378,25.34,12,"{'other': 6, 'rectangle': 2, 'pentagon': 3, 'triangle': 1}"
829,contour,1.578,26.222,16.257,45.501,25.27,13,"{'pentagon': 1, 'rectangle': 3, 'other': 8, 'triangle': 1}"
830,contour,2.21,22.127,17.077,42.985,25.09,12,"{'other': 7, 'rectangle': 3, 'triangle': 1, 'pentagon': 1}"
831,contour,2.284,23.121,13.972,41.974,24.99,16,"{'other': 7, 'rectangle': 4, 'triangle': 1, 'pentagon': 3, 'square': 1}"
832,contour,1.378,22.483,12.394,37.899,24.96,18,"{'rectangle': 6, 'pentagon': 2, 'triangle': 1, 'other': 9}"
833,contour,2.269,15.458,10.196,29.268,25.08,15,"{'rectangle': 2, 'other': 10, 'triangle': 1, 'pentagon': 2}"
834,contour,1.589,14.039,9.137,25.741,25.32,16,"{'triangle': 3, 'rectangle': 5, 'other': 7, 'square': 1}"
835,contour,1.466,15.132,8.937,26.675,25.49,15,"{'triangle': 5, 'rectangle': 4, 'other': 6}"
836,contour,1.545,14.543,9.426,26.554,25.75,14,"{'triangle': 4, 'rectangle': 5, 'other': 3, 'pentagon': 2}"
837,contour,1.95,15.17,9.472,27.638,26.01,16,"{'triangle': 3, 'pentagon': 2, 'other': 8, 'rectangle': 3}"
838,contour,1.804,15.979,10.105,30.119,26.16,16,"{'triangle': 4, 'rectangle': 5, 'other': 4, 'pentagon': 3}"
839,contour,1.615,16.28,9.764,28.666,26.35,17,"{'triangle': 4, 'pentagon': 3, 'other': 5, 'rectangle': 5}"
840,contour,1.549,14.275,9.692,26.533,26.54,16,"{'triangle': 4, 'rectangle': 4, 'other': 8}"
841,contour,1.589,16.188,10.066,29.029,26.7,17,"{'rectangle': 5, 'triangle': 2, 'other': 10}"
842,contour,2.856,16.323,10.224,30.395,26.84,19,"{'rectangle': 2, 'pentagon': 3, 'other': 11, 'triangle': 3}"
843,contour,1.61,16.831,10.33,29.819,27.08,18,"{'other': 10, 'pentagon': 2, 'triangle': 3, 'rectangle': 3}"
844,contour,1.785,16.636,10.614,30.039,27.29,18,"{'other': 10, 'pentagon': 2, 'triangle': 4, 'rectangle': 2}"
845,contour,1.765,15.768,11.049,29.824,27.43,19,"{'other': 10, 'rectangle': 3, 'triangle': 3, 'pentagon': 3}"
846,contour,2.08,15.923,10.901,30.016,28.16,18,"{'other': 11, 'triangle': 2, 'rectangle': 4, 'pentagon': 1}"
847,contour,1.878,16.387,10.895,30.303,28.55,18,"{'other': 10, 'triangle': 3, 'pentagon': 4, 'rectangle': 1}"
848,contour,2.561,16.934,10.602,31.19,28.74,16,"{'other': 10, 'triangle': 2, 'pentagon': 1, 'rectangle': 3}"
849,contour,1.741,15.983,10.532,29.308,29.02,16,"{'other': 8, 'rectangle': 5, 'triangle': 3}"
850,contour,1.759,17.457,11.173,31.406,29.08,19,"{'other': 12, 'triangle': 3, 'rectangle': 4}"
851,contour,1.785,16.604,10.856,30.363,29.21,16,"{'other': 10, 'rectangle': 2, 'triangle': 2, 'pentagon': 2}"
852,contour,1.756,16.678,10.979,30.575,29.59,11,"{'other': 8, 'rectangle': 2, 'triangle': 1}"
853,contour,1.787,16.518,11.296,30.961,29.87,14,"{'square': 1, 'rectangle': 2, 'pentagon': 3, 'triangle': 2, 'other': 6}"
854,contour,1.959,17.242,11.46,31.765,30.46,14,"{'rectangle': 6, 'pentagon': 3, 'triangle': 2, 'other': 3}"
855,contour,1.795,16.553,11.423,30.831,31.11,12,"{'triangle': 3, 'pentagon': 1, 'other': 6, 'rectangle': 2}"
856,contour,1.903,18.286,12.019,33.224,31.34,15,"{'rectangle': 3, 'triangle': 2, 'pentagon': 3, 'other': 7}"
857,contour,1.843,16.759,11.874,31.577,31.43,14,"{'triangle': 4, 'pentagon': 3, 'other': 5, 'rectangle': 2}"
858,contour,2.335,17.435,12.176,33.053,31.81,17,"{'rectangle': 4, 'triangle': 3, 'pentagon': 4, 'other': 6}"
859,contour,1.579,18.528,13.595,34.837,32.17,15,"{'pentagon': 2, 'other': 7, 'triangle': 4, 'rectangle': 2}"
860,contour,1.756,16.853,12.287,32.298,32.54,13,"{'pentagon': 2, 'other': 5, 'rectangle': 3, 'square': 1, 'triangle': 2}"
861,contour,1.637,16.751,12.6,32.526,32.88,12,"{'rectangle': 3, 'pentagon': 3, 'other': 4, 'triangle': 2}"
862,contour,1.619,16.647,13.017,32.619,33.07,12,"{'triangle': 3, 'pentagon': 2, 'rectangle': 3, 'other': 4}"
863,contour,1.859,16.993,12.648,32.699,32.95,11,"{'triangle': 4, 'rectangle': 2, 'other': 5}"
864,contour,1.376,16.673,12.992,32.175,32.71,10,"{'triangle': 3, 'other': 6, 'rectangle': 1}"
865,contour,2.056,17.709,13.726,34.768,32.43,14,"{'other': 8, 'triangle': 3, 'rectangle': 3}"
866,contour,1.638,17.173,12.609,32.585,32.22,12,"{'other': 6, 'triangle': 2, 'rectangle': 2, 'pentagon': 2}"
867,contour,1.596,16.929,12.653,32.315,32.06,13,"{'other': 7, 'pentagon': 1, 'rectangle': 4, 'triangle': 1}"
868,contour,1.79,16.363,13.081,32.336,31.98,9,"{'other': 6, 'rectangle': 2, 'triangle': 1}"
869,contour,2.002,17.086,12.864,33.048,31.83,15,"{'other': 6, 'rectangle': 5, 'pentagon': 1, 'triangle': 3}"
870,contour,2.073,15.972,13.005,32.194,31.64,13,"{'other': 8, 'rectangle': 2, 'triangle': 3}"
871,contour,1.613,16.789,12.837,32.381,31.53,11,"{'pentagon': 2, 'rectangle': 3, 'other': 3, 'triangle': 3}"
872,contour,1.909,17.871,13.2,34.238,31.4,11,"{'other': 7, 'rectangle': 2, 'triangle': 2}"
873,contour,2.449,16.992,13.62,34.262,31.26,12,"{'rectangle': 2, 'pentagon': 1, 'other': 7, 'triangle': 2}"
874,contour,1.963,20.436,14.067,37.615,31.01,12,"{'triangle': 2, 'pentagon': 1, 'other': 9}"
875,contour,2.031,19.225,13.848,36.358,30.81,7,"{'other': 6, 'triangle': 1}"
876,contour,1.503,16.366,13.31,32.411,30.73,9,"{'other': 7, 'triangle': 2}"
877,contour,1.827,16.915,13.462,33.309,30.64,11,"{'rectangle': 2, 'pentagon': 2, 'other': 6, 'triangle': 1}"
878,contour,1.725,16.818,13.508,33.353,30.57,13,"{'other': 6, 'rectangle': 3, 'pentagon': 2, 'triangle': 2}"
879,contour,1.82,15.888,13.834,32.79,30.46,16,"{'other': 9, 'rectangle': 3, 'pentagon': 1, 'triangle': 3}"
880,contour,1.763,16.798,11.515,31.673,30.45,15,"{'rectangle': 3, 'pentagon': 1, 'other': 10, 'triangle': 1}"
881,contour,1.729,18.626,13.24,34.757,30.32,17,"{'rectangle': 3, 'pentagon': 3, 'other': 9, 'triangle': 2}"
882,contour,1.942,16.609,12.731,32.385,30.26,18,"{'other': 11, 'pentagon': 4, 'rectangle': 2, 'triangle': 1}"
883,contour,1.876,17.401,13.675,34.453,30.16,17,"{'pentagon': 3, 'other': 7, 'rectangle': 6, 'triangle': 1}"
884,contour,1.874,17.317,13.972,34.337,30.08,19,"{'pentagon': 1, 'other': 13, 'rectangle': 2, 'triangle': 2, 'square': 1}"
885,contour,1.788,18.66,12.842,34.799,29.96,13,"{'other': 6, 'triangle': 4, 'rectangle': 2, 'pentagon': 1}"
886,contour,1.956,17.995,14.74,36.511,29.86,18,"{'other': 13, 'rectangle': 3, 'pentagon': 1, 'triangle': 1}"
887,contour,2.132,17.527,13.787,34.601,29.77,19,"{'rectangle': 5, 'other': 10, 'triangle': 2, 'pentagon': 2}"
888,contour,2.075,17.601,14.365,35.33,29.7,21,"{'other': 15, 'pentagon': 3, 'triangle': 1, 'square': 1, 'rectangle': 1}"
889,contour,1.735,17.12,14.265,34.275,29.72,22,"{'other': 17, 'rectangle': 3, 'triangle': 1, 'pentagon': 1}"
890,contour,1.685,16.152,13.206,32.129,29.73,22,"{'other': 15, 'rectangle': 5, 'triangle': 1, 'pentagon': 1}"
891,contour,2.117,16.461,12.734,32.374,29.73,24,"{'other': 12, 'rectangle': 6, 'triangle': 3, 'pentagon': 3}"
892,contour,1.742,16.659,12.951,32.554,29.73,21,"{'other': 10, 'rectangle': 6, 'pentagon': 2, 'triangle': 3}"
893,contour,1.635,17.141,12.694,32.567,29.74,20,"{'other': 11, 'rectangle': 3, 'pentagon': 4, 'triangle': 2}"
894,contour,1.656,16.09,12.177,30.942,29.77,24,"{'pentagon': 3, 'other': 12, 'triangle': 5, 'rectangle': 4}"
895,contour,1.861,16.824,12.663,32.467,29.84,21,"{'other': 9, 'rectangle': 6, 'triangle': 4, 'square': 2}"
896,contour,1.846,16.035,12.65,31.632,29.87,19,"{'rectangle': 3, 'other': 11, 'triangle': 3, 'pentagon': 2}"
897,contour,2.081,16.112,12.543,31.832,29.88,18,"{'rectangle': 4, 'other': 11, 'pentagon': 1, 'square': 1, 'triangle': 1}"
898,contour,2.005,16.852,12.191,32.12,29.89,17,"{'pentagon': 3, 'other': 9, 'rectangle': 4, 'triangle': 1}"
899,contour,1.924,16.169,12.279,31.398,29.94,18,"{'other': 12, 'pentagon': 4, 'rectangle': 2}"
900,contour,1.905,17.326,11.903,32.181,29.94,18,"{'other': 8, 'square': 1, 'rectangle': 6, 'triangle': 3}"
901,contour,1.804,16.749,11.834,31.437,29.97,19,"{'other': 10, 'square': 2, 'triangle': 2, 'rectangle': 3, 'pentagon': 2}"
902,contour,1.866,16.414,11.529,30.877,30.07,18,"{'other': 12, 'pentagon': 3, 'triangle': 1, 'rectangle': 2}"
903,contour,1.882,16.954,11.545,31.491,30.15,17,"{'pentagon': 4, 'square': 1, 'other': 6, 'rectangle': 4, 'triangle': 2}"
904,contour,1.984,17.211,11.263,31.535,30.34,16,"{'pentagon': 4, 'other': 10, 'rectangle': 1, 'triangle': 1}"
905,contour,1.862,18.571,12.142,33.673,30.42,16,"{'square': 1, 'other': 9, 'rectangle': 3, 'pentagon': 2, 'triangle': 1}"
906,contour,2.432,18.377,11.786,33.736,30.38,13,"{'other': 10, 'rectangle': 3}"
907,contour,1.825,17.36,11.267,31.752,30.43,13,"{'other': 10, 'rectangle': 1, 'pentagon': 2}"
908,contour,1.876,17.761,11.564,32.388,30.46,11,"{'other': 9, 'rectangle': 2}"
909,contour,1.708,18.302,11.474,32.661,30.46,14,"{'other': 10, 'triangle': 2, 'rectangle': 2}"
910,contour,2.025,19.956,12.051,35.185,30.35,16,"{'other': 11, 'triangle': 1, 'rectangle': 3, 'pentagon': 1}"
911,contour,2.086,18.3,11.34,33.267,30.4,18,"{'other': 9, 'triangle': 1, 'rectangle': 5, 'pentagon': 3}"
912,contour,2.087,18.694,10.538,32.588,30.39,15,"{'other': 11, 'rectangle': 2, 'pentagon': 1, 'triangle': 1}"
913,contour,2.102,18.659,10.928,32.884,30.44,17,"{'other': 12, 'rectangle': 4, 'triangle': 1}"
914,contour,2.386,21.155,10.991,35.685,30.4,19,"{'other': 12, 'pentagon': 1, 'rectangle': 4, 'triangle': 2}"
915,contour,2.11,19.388,10.965,33.647,30.43,18,"{'other': 13, 'pentagon': 2, 'triangle': 1, 'rectangle': 2}"
916,contour,2.106,19.132,10.468,33.27,30.54,19,"{'rectangle': 8, 'pentagon': 1, 'other': 10}"
917,contour,2.04,18.273,10.884,32.374,30.6,17,"{'pentagon': 1, 'rectangle': 4, 'other': 12}"
918,contour,2.024,18.835,9.536,31.908,30.71,13,"{'pentagon': 1, 'rectangle': 2, 'other': 10}"
919,contour,1.827,18.42,10.276,31.71,30.79,15,"{'other': 12, 'pentagon': 1, 'rectangle': 2}"
920,contour,1.632,18.996,10.69,32.598,30.78,13,"{'other': 11, 'pentagon': 1, 'rectangle': 1}"
921,contour,2.184,18.685,10.154,32.28,30.78,12,"{'other': 9, 'rectangle': 2, 'pentagon': 1}"
922,contour,1.937,17.795,10.053,31.079,30.83,14,"{'pentagon': 2, 'rectangle': 3, 'other': 9}"
923,contour,2.001,18.712,9.927,31.92,30.85,11,"{'other': 10, 'rectangle': 1}"
924,contour,2.162,19.823,10.655,33.871,30.76,15,"{'other': 10, 'rectangle': 2, 'pentagon': 3}"
925,contour,1.823,19.678,10.607,33.907,30.71,16,"{'pentagon': 3, 'other': 11, 'rectangle': 1, 'triangle': 1}"
926,contour,1.981,19.32,10.217,32.935,30.67,17,"{'other': 11, 'pentagon': 3, 'rectangle': 1, 'square': 1, 'triangle': 1}"
927,contour,2.08,18.871,9.768,31.946,30.67,14,"{'pentagon': 2, 'other': 10, 'square': 2}"
928,contour,1.899,21.337,9.811,34.358,30.6,11,"{'pentagon': 1, 'other': 8, 'rectangle': 2}"
929,contour,1.921,21.332,10.588,35.287,30.47,13,"{'other': 10, 'rectangle': 1, 'triangle': 1, 'square': 1}"
930,contour,1.874,19.687,9.808,33.001,30.45,11,"{'pentagon': 1, 'rectangle': 1, 'other': 9}"
931,contour,2.361,17.652,10.293,31.848,30.44,11,"{'rectangle': 2, 'other': 7, 'triangle': 1, 'square': 1}"
932,contour,2.14,21.767,11.13,36.755,30.26,13,"{'other': 12, 'rectangle': 1}"
933,contour,1.913,19.944,11.266,34.778,30.16,12,"{'other': 10, 'triangle': 1, 'rectangle': 1}"
934,contour,2.008,20.158,10.151,34.213,30.08,9,"{'other': 8, 'rectangle': 1}"
935,contour,2.283,18.603,10.33,32.855,30.1,14,"{'other': 13, 'rectangle': 1}"
936,contour,2.51,21.117,10.412,35.817,30.04,12,"{'other': 7, 'rectangle': 2, 'pentagon': 2, 'circle': 1}"
937,contour,1.918,19.574,11.274,34.882,29.94,14,"{'other': 8, 'triangle': 2, 'rectangle': 3, 'pentagon': 1}"
938,contour,2.017,19.59,10.389,33.573,29.91,16,"{'other': 10, 'rectangle': 4, 'triangle': 2}"
939,contour,2.007,20.127,10.172,34.524,29.85,14,"{'other': 10, 'rectangle': 4}"
940,contour,2.136,20.508,10.094,34.661,29.87,13,"{'other': 6, 'rectangle': 4, 'pentagon': 3}"
941,contour,2.046,18.981,9.891,32.62,29.89,11,"{'other': 6, 'pentagon': 3, 'rectangle': 2}"
942,contour,2.131,20.098,10.306,33.868,29.85,16,"{'other': 10, 'circle': 1, 'rectangle': 5}"
943,contour,1.836,20.961,10.523,34.617,29.8,13,"{'other': 8, 'triangle': 1, 'rectangle': 3, 'pentagon': 1}"
944,contour,1.654,20.736,10.07,33.782,29.85,14,"{'other': 9, 'rectangle': 3, 'pentagon': 2}"
945,contour,2.025,18.47,10.664,32.901,29.88,15,"{'other': 7, 'pentagon': 5, 'rectangle': 3}"
946,contour,1.846,18.016,9.943,31.777,29.92,18,"{'other': 11, 'rectangle': 5, 'pentagon': 2}"
947,contour,2.199,19.617,9.425,33.333,29.89,14,"{'other': 8, 'pentagon': 3, 'rectangle': 3}"
948,contour,1.893,18.683,9.558,31.789,29.9,13,"{'other': 9, 'rectangle': 3, 'pentagon': 1}"
949,contour,2.209,19.008,9.943,32.483,29.87,15,"{'other': 12, 'rectangle': 3}"
950,contour,1.902,18.982,10.026,33.271,29.85,16,"{'other': 9, 'pentagon': 3, 'rectangle': 4}"
951,contour,1.65,19.594,10.356,34.031,29.8,15,"{'other': 8, 'rectangle': 6, 'pentagon': 1}"
952,contour,1.923,17.621,9.718,30.621,29.81,14,"{'other': 7, 'rectangle': 3, 'pentagon': 4}"
953,contour,2.375,19.011,10.146,32.903,29.79,17,"{'other': 12, 'rectangle': 4, 'pentagon': 1}"
954,contour,1.986,19.892,9.613,33.457,29.8,16,"{'other': 10, 'rectangle': 6}"
955,contour,2.025,19.967,9.87,34.052,29.79,17,"{'other': 10, 'rectangle': 4, 'pentagon': 2, 'triangle': 1}"
956,contour,1.613,18.778,9.765,31.551,29.83,16,"{'other': 9, 'rectangle': 4, 'pentagon': 3}"
957,contour,1.946,19.052,9.622,31.947,29.83,17,"{'other': 10, 'rectangle': 4, 'pentagon': 3}"
958,contour,1.937,17.868,9.874,31.037,29.93,19,"{'other': 10, 'pentagon': 3, 'rectangle': 6}"
959,contour,2.127,18.588,9.634,31.684,30.04,15,"{'other': 10, 'pentagon': 2, 'rectangle': 3}"
960,contour,2.439,19.486,9.657,33.334,30.03,18,"{'other': 12, 'pentagon': 2, 'rectangle': 4}"
961,contour,2.184,18.812,10.049,32.707,30.01,18,"{'other': 10, 'pentagon': 4, 'rectangle': 3, 'triangle': 1}"
962,contour,2.045,17.951,9.79,31.068,30.18,18,"{'other': 10, 'rectangle': 6, 'pentagon': 2}"
963,contour,2.053,18.055,10.016,31.537,30.28,18,"{'other': 9, 'rectangle': 7, 'pentagon': 2}"
964,contour,2.18,20.507,9.605,33.887,30.29,16,"{'other': 7, 'pentagon': 5, 'rectangle': 4}"
965,contour,2.033,21.351,10.627,35.421,30.21,17,"{'other': 8, 'rectangle': 5, 'pentagon': 2, 'triangle': 2}"
966,contour,2.224,22.753,10.521,36.705,30.18,17,"{'other': 8, 'pentagon': 3, 'rectangle': 5, 'triangle': 1}"
967,contour,2.225,21.71,9.877,35.008,30.18,17,"{'other': 10, 'rectangle': 6, 'pentagon': 1}"
968,contour,3.199,22.876,10.04,37.327,30.06,18,"{'other': 10, 'rectangle': 6, 'pentagon': 2}"
969,contour,2.247,21.349,10.548,35.369,30.04,16,"{'other': 8, 'rectangle': 6, 'pentagon': 2}"
970,contour,2.303,22.374,10.153,36.035,30.0,18,"{'other': 10, 'rectangle': 7, 'pentagon': 1}"
971,contour,2.346,20.554,10.19,34.672,29.93,17,"{'other': 9, 'rectangle': 6, 'pentagon': 2}"
972,contour,2.369,20.357,9.93,33.904,29.93,17,"{'other': 8, 'rectangle': 6, 'pentagon': 2, 'triangle': 1}"
973,contour,2.604,21.125,10.538,35.635,29.9,15,"{'other': 7, 'rectangle': 6, 'pentagon': 2}"
974,contour,2.23,22.127,9.757,35.444,29.85,18,"{'triangle': 2, 'other': 8, 'rectangle': 5, 'pentagon': 3}"
975,contour,2.07,26.836,12.727,42.981,29.56,15,"{'other': 9, 'rectangle': 5, 'pentagon': 1}"
976,contour,2.372,30.093,10.884,44.766,29.18,15,"{'other': 7, 'rectangle': 6, 'pentagon': 1, 'triangle': 1}"
977,contour,2.143,20.799,9.622,33.854,29.17,14,"{'other': 8, 'rectangle': 5, 'pentagon': 1}"
978,contour,2.199,20.349,10.118,33.967,29.11,17,"{'other': 9, 'rectangle': 6, 'pentagon': 2}"
979,contour,2.27,18.109,9.605,31.336,29.14,17,"{'other': 8, 'rectangle': 5, 'pentagon': 2, 'triangle': 2}"
980,contour,1.764,19.669,9.622,32.381,29.17,15,"{'other': 8, 'rectangle': 4, 'pentagon': 2, 'triangle': 1}"
981,contour,2.413,18.865,9.618,32.456,29.21,15,"{'other': 6, 'rectangle': 7, 'pentagon': 2}"
982,contour,2.422,20.471,10.057,34.137,29.11,18,"{'other': 11, 'rectangle': 6, 'pentagon': 1}"
983,contour,1.648,19.463,9.236,31.576,29.15,15,"{'other': 7, 'rectangle': 8}"
984,contour,2.162,19.603,9.317,32.31,29.18,17,"{'other': 9, 'rectangle': 5, 'pentagon': 3}"
985,contour,2.39,19.911,9.452,32.991,29.21,20,"{'other': 12, 'rectangle': 7, 'pentagon': 1}"
986,contour,1.869,19.321,9.133,31.534,29.21,18,"{'other': 10, 'rectangle': 6, 'pentagon': 1, 'triangle': 1}"
987,contour,2.141,18.775,9.228,31.327,29.23,17,"{'other': 9, 'rectangle': 6, 'triangle': 1, 'pentagon': 1}"
988,contour,2.071,18.0,8.58,29.867,29.26,15,"{'rectangle': 6, 'triangle': 1, 'other': 8}"
989,contour,1.986,17.829,8.529,29.528,29.32,14,"{'rectangle': 6, 'triangle': 1, 'other': 7}"
990,contour,2.056,18.259,8.695,30.227,29.41,14,"{'rectangle': 5, 'triangle': 1, 'other': 8}"
991,contour,2.184,18.746,8.851,31.003,29.46,15,"{'rectangle': 6, 'triangle': 2, 'other': 5, 'pentagon': 2}"
992,contour,2.101,18.821,8.88,31.082,29.46,12,"{'rectangle': 4, 'triangle': 2, 'other': 6}"
993,contour,2.024,18.683,8.964,30.859,29.48,15,"{'rectangle': 6, 'triangle': 1, 'other': 8}"
994,contour,1.984,18.178,8.514,29.969,29.6,13,"{'rectangle': 4, 'triangle': 2, 'other': 7}"
995,contour,1.753,17.932,8.539,29.446,29.77,12,"{'rectangle': 5, 'other': 6, 'pentagon': 1}"
996,contour,2.027,17.631,8.623,29.971,29.97,16,"{'other': 7, 'rectangle': 6, 'triangle': 3}"
997,contour,2.159,17.221,8.558,29.139,30.15,13,"{'other': 8, 'rectangle': 4, 'pentagon': 1}"
998,contour,1.978,18.12,8.987,30.232,30.36,19,"{'pentagon': 1, 'rectangle': 6, 'triangle': 1, 'other': 11}"
999,contour,1.882,17.417,8.876,29.335,30.55,17,"{'pentagon': 1, 'rectangle': 5, 'triangle': 3, 'other': 8}"
1000,contour,2.03,18.504,8.869,30.615,30.72,16,"{'pentagon': 1, 'rectangle': 6, 'triangle': 1, 'other': 8}"
1001,contour,2.166,18.442,8.78,30.638,30.85,16,"{'pentagon': 1, 'rectangle': 6, 'triangle': 2, 'other': 7}"
1002,contour,2.004,18.344,9.04,30.863,30.94,18,"{'other': 8, 'pentagon': 1, 'rectangle': 6, 'triangle': 3}"
1003,contour,1.896,15.79,8.728,27.631,31.2,18,"{'other': 10, 'pentagon': 2, 'rectangle': 6}"
1004,contour,1.999,17.435,8.813,29.424,31.4,17,"{'other': 6, 'rectangle': 8, 'pentagon': 2, 'triangle': 1}"
1005,contour,2.181,18.484,8.677,30.746,31.81,20,"{'other': 9, 'rectangle': 6, 'triangle': 4, 'pentagon': 1}"
1006,contour,1.698,14.283,8.606,25.694,32.46,21,"{'pentagon': 4, 'rectangle': 7, 'other': 8, 'triangle': 2}"
1007,contour,1.62,14.995,8.318,26.146,32.74,20,"{'other': 8, 'rectangle': 6, 'triangle': 3, 'pentagon': 3}"
1008,contour,2.01,13.726,8.802,25.733,33.03,24,"{'other': 12, 'rectangle': 8, 'pentagon': 2, 'triangle': 2}"
1009,contour,1.724,14.982,8.778,26.705,33.2,22,"{'other': 10, 'pentagon': 2, 'triangle': 4, 'rectangle': 6}"
1010,contour,1.529,15.235,8.46,26.452,33.42,21,"{'other': 11, 'rectangle': 7, 'pentagon': 2, 'triangle': 1}"
1011,contour,1.754,13.921,8.777,25.691,33.67,23,"{'other': 11, 'rectangle': 9, 'triangle': 2, 'pentagon': 1}"
1012,contour,1.947,14.824,8.871,26.893,33.95,26,"{'other': 12, 'rectangle': 11, 'triangle': 1, 'pentagon': 2}"
1013,contour,1.625,15.031,8.934,26.871,34.13,26,"{'other': 12, 'rectangle': 6, 'pentagon': 4, 'triangle': 3, 'square': 1}"
1014,contour,1.559,15.768,9.016,27.66,34.31,23,"{'pentagon': 3, 'other': 9, 'rectangle': 10, 'triangle': 1}"
1015,contour,2.19,14.686,9.067,27.223,34.54,24,"{'pentagon': 3, 'other': 11, 'rectangle': 9, 'triangle': 1}"
1016,contour,1.85,15.974,9.164,28.259,34.67,27,"{'rectangle': 10, 'other': 12, 'pentagon': 2, 'triangle': 2, 'square': 1}"
1017,contour,1.854,15.386,8.993,27.551,34.82,22,"{'rectangle': 10, 'other': 9, 'pentagon': 2, 'square': 1}"
1018,contour,1.663,15.894,9.943,28.845,34.87,21,"{'other': 12, 'rectangle': 7, 'triangle': 1, 'square': 1}"
1019,contour,1.567,15.694,9.135,27.728,34.94,23,"{'other': 12, 'rectangle': 11}"
1020,contour,2.782,15.782,9.38,29.247,34.98,22,"{'other': 14, 'rectangle': 8}"
1021,contour,1.745,16.57,9.321,28.962,35.06,24,"{'other': 11, 'pentagon': 2, 'rectangle': 11}"
1022,contour,1.587,17.51,9.297,29.742,35.12,23,"{'other': 11, 'pentagon': 3, 'rectangle': 7, 'triangle': 2}"
1023,contour,1.654,16.476,9.825,29.254,35.18,22,"{'other': 10, 'rectangle': 9, 'pentagon': 2, 'triangle': 1}"
1024,contour,1.886,15.305,9.386,27.917,35.27,23,"{'other': 10, 'triangle': 2, 'rectangle': 8, 'pentagon': 3}"
1025,contour,2.194,14.506,9.662,27.679,35.34,26,"{'other': 13, 'rectangle': 7, 'pentagon': 2, 'triangle': 4}"
1026,contour,1.77,14.913,9.439,27.479,35.45,23,"{'rectangle': 6, 'triangle': 3, 'other': 10, 'pentagon': 4}"
1027,contour,1.783,15.554,9.562,28.214,35.48,23,"{'other': 16, 'triangle': 2, 'pentagon': 2, 'rectangle': 3}"
1028,contour,1.747,15.419,10.707,29.104,35.53,23,"{'other': 14, 'triangle': 2, 'rectangle': 6, 'pentagon': 1}"
1029,contour,1.631,15.939,10.2,29.225,35.54,23,"{'other': 16, 'rectangle': 5, 'pentagon': 1, 'triangle': 1}"
1030,contour,1.895,15.998,9.58,28.781,35.61,26,"{'other': 17, 'triangle': 3, 'rectangle': 5, 'pentagon': 1}"
1031,contour,1.872,15.981,9.361,28.507,35.7,26,"{'other': 13, 'triangle': 4, 'rectangle': 6, 'pentagon': 3}"
1032,contour,1.921,15.302,9.954,28.509,35.81,28,"{'other': 14, 'triangle': 2, 'rectangle': 8, 'pentagon': 4}"
1033,contour,1.527,14.444,9.304,26.53,35.85,26,"{'other': 15, 'triangle': 3, 'rectangle': 7, 'pentagon': 1}"
1034,contour,1.969,14.895,9.607,27.981,35.91,29,"{'other': 20, 'triangle': 2, 'rectangle': 6, 'pentagon': 1}"
1035,contour,1.799,17.017,9.971,30.099,35.94,29,"{'other': 18, 'triangle': 1, 'rectangle': 7, 'pentagon': 3}"
1036,contour,1.696,19.502,10.914,33.544,35.61,28,"{'other': 16, 'triangle': 2, 'rectangle': 8, 'pentagon': 2}"
1037,contour,1.531,17.536,10.586,31.08,35.4,27,"{'other': 17, 'triangle': 1, 'rectangle': 7, 'pentagon': 2}"
1038,contour,1.571,16.438,10.051,30.758,35.19,28,"{'other': 16, 'triangle': 2, 'rectangle': 7, 'pentagon': 3}"
1039,contour,1.973,16.974,9.891,30.547,35.03,26,"{'other': 13, 'rectangle': 7, 'pentagon': 3, 'triangle': 3}"
1040,contour,1.701,16.934,9.986,30.03,34.89,26,"{'other': 17, 'triangle': 2, 'rectangle': 4, 'pentagon': 3}"
1041,contour,1.979,15.747,10.523,29.657,34.73,24,"{'other': 12, 'triangle': 4, 'rectangle': 6, 'pentagon': 2}"
1042,contour,1.895,15.501,9.817,28.623,34.66,22,"{'other': 12, 'triangle': 3, 'rectangle': 6, 'pentagon': 1}"
1043,contour,1.644,16.356,9.672,29.486,34.55,27,"{'other': 11, 'rectangle': 9, 'triangle': 5, 'pentagon': 2}"
1044,contour,1.936,16.296,9.712,29.905,34.46,25,"{'other': 15, 'triangle': 3, 'rectangle': 6, 'pentagon': 1}"
1045,contour,1.758,16.837,10.136,30.68,34.33,27,"{'other': 18, 'triangle': 1, 'rectangle': 7, 'pentagon': 1}"
1046,contour,1.8,19.771,12.072,35.181,34.06,28,"{'other': 16, 'square': 1, 'triangle': 3, 'rectangle': 7, 'pentagon': 1}"
1047,contour,1.876,20.852,11.267,35.454,33.76,26,"{'other': 16, 'square': 1, 'pentagon': 1, 'triangle': 2, 'rectangle': 6}"
1048,contour,2.017,17.966,11.07,33.588,33.58,28,"{'other': 19, 'triangle': 3, 'rectangle': 6}"
1049,contour,1.762,17.877,10.923,32.222,33.41,27,"{'other': 18, 'rectangle': 7, 'triangle': 1, 'pentagon': 1}"
1050,contour,1.916,17.512,10.61,31.578,33.32,25,"{'other': 16, 'triangle': 3, 'rectangle': 6}"
1051,contour,1.985,18.237,10.452,32.175,33.2,25,"{'other': 15, 'rectangle': 6, 'pentagon': 2, 'triangle': 2}"
1052,contour,1.592,18.848,10.414,32.327,33.11,25,"{'other': 15, 'rectangle': 7, 'triangle': 3}"
1053,contour,1.808,18.669,11.082,33.779,32.94,25,"{'other': 14, 'rectangle': 7, 'pentagon': 1, 'triangle': 3}"
1054,contour,1.727,20.33,12.329,35.999,32.65,21,"{'other': 12, 'rectangle': 6, 'pentagon': 1, 'triangle': 2}"
1055,contour,1.954,20.026,11.375,34.911,32.4,24,"{'other': 13, 'rectangle': 6, 'pentagon': 4, 'triangle': 1}"
1056,contour,2.021,19.35,11.122,34.239,32.16,23,"{'other': 12, 'rectangle': 7, 'triangle': 3, 'pentagon': 1}"
1057,contour,2.015,18.664,10.952,33.228,31.99,24,"{'other': 12, 'rectangle': 7, 'pentagon': 2, 'triangle': 3}"
1058,contour,1.778,17.74,11.198,32.271,31.88,23,"{'other': 13, 'rectangle': 6, 'pentagon': 2, 'triangle': 2}"
1059,contour,2.099,18.35,10.549,32.564,31.77,22,"{'other': 12, 'rectangle': 7, 'pentagon': 1, 'triangle': 2}"
1060,contour,1.394,18.247,11.426,32.969,31.63,22,"{'other': 11, 'rectangle': 7, 'triangle': 3, 'pentagon': 1}"
1061,contour,2.176,18.061,10.608,32.744,31.49,21,"{'other': 11, 'rectangle': 8, 'triangle': 2}"
1062,contour,2.19,17.908,10.737,32.679,31.35,22,"{'other': 13, 'rectangle': 6, 'triangle': 3}"
1063,contour,2.043,17.563,10.867,32.309,31.17,22,"{'other': 13, 'rectangle': 5, 'pentagon': 1, 'triangle': 3}"
1064,contour,1.936,22.798,11.328,38.24,30.84,22,"{'other': 11, 'rectangle': 7, 'pentagon': 1, 'triangle': 3}"
1065,contour,2.109,20.039,10.868,34.395,30.7,22,"{'other': 11, 'rectangle': 5, 'triangle': 4, 'pentagon': 2}"
1066,contour,1.905,18.828,10.443,32.58,30.73,22,"{'other': 10, 'rectangle': 5, 'triangle': 5, 'pentagon': 2}"
1067,contour,1.938,18.44,10.608,33.131,30.67,21,"{'other': 11, 'rectangle': 7, 'triangle': 2, 'pentagon': 1}"
1068,contour,1.921,17.091,10.422,31.101,30.66,19,"{'other': 10, 'rectangle': 6, 'triangle': 3}"
1069,contour,1.583,17.684,10.565,31.294,30.63,21,"{'other': 12, 'rectangle': 5, 'pentagon': 1, 'triangle': 3}"
1070,contour,2.136,18.152,10.708,32.37,30.56,22,"{'other': 11, 'rectangle': 6, 'triangle': 4, 'pentagon': 1}"
1071,contour,1.799,23.959,12.179,39.186,30.27,21,"{'other': 11, 'rectangle': 6, 'pentagon': 1, 'triangle': 3}"
1072,contour,2.253,21.853,11.213,36.882,30.02,22,"{'other': 13, 'rectangle': 6, 'pentagon': 1, 'triangle': 2}"
1073,contour,1.979,19.792,11.858,35.16,29.85,20,"{'other': 12, 'rectangle': 6, 'pentagon': 1, 'triangle': 1}"
1074,contour,1.933,19.245,11.514,34.495,29.71,22,"{'other': 13, 'rectangle': 5, 'triangle': 1, 'pentagon': 3}"
1075,contour,2.09,18.509,10.919,33.316,29.63,21,"{'other': 12, 'rectangle': 4, 'pentagon': 3, 'square': 1, 'triangle': 1}"
1076,contour,2.037,18.436,11.003,33.385,29.69,21,"{'other': 12, 'rectangle': 6, 'triangle': 2, 'pentagon': 1}"
1077,contour,2.28,18.766,10.955,33.599,29.74,22,"{'other': 14, 'rectangle': 5, 'pentagon': 2, 'triangle': 1}"
1078,contour,2.963,20.281,12.619,37.754,29.62,21,"{'other': 14, 'rectangle': 4, 'pentagon': 1, 'triangle': 2}"
1079,contour,1.972,21.19,12.096,36.847,29.48,21,"{'other': 13, 'rectangle': 6, 'triangle': 2}"
1080,contour,1.945,21.282,11.256,35.911,29.36,21,"{'other': 11, 'rectangle': 6, 'pentagon': 3, 'triangle': 1}"
1081,contour,1.926,20.662,11.296,35.289,29.27,18,"{'other': 11, 'rectangle': 5, 'pentagon': 2}"
1082,contour,2.06,21.686,11.349,36.936,29.14,22,"{'other': 13, 'rectangle': 6, 'pentagon': 2, 'triangle': 1}"
1083,contour,2.224,20.356,11.824,35.89,29.08,21,"{'other': 11, 'rectangle': 6, 'pentagon': 3, 'triangle': 1}"
1084,contour,2.236,19.899,11.403,35.023,29.11,22,"{'other': 11, 'rectangle': 7, 'pentagon': 2, 'triangle': 2}"
1085,contour,2.145,19.21,12.161,35.054,29.1,22,"{'other': 9, 'rectangle': 8, 'pentagon': 3, 'triangle': 2}"
1086,contour,2.55,19.724,11.734,35.471,29.07,19,"{'other': 10, 'rectangle': 4, 'pentagon': 4, 'triangle': 1}"
1087,contour,2.144,22.255,12.057,37.927,28.94,18,"{'other': 10, 'rectangle': 4, 'pentagon': 3, 'triangle': 1}"
1088,contour,2.271,21.917,11.667,37.315,28.8,20,"{'other': 10, 'rectangle': 6, 'pentagon': 3, 'triangle': 1}"
1089,contour,2.129,20.781,11.575,35.789,28.71,20,"{'other': 9, 'rectangle': 7, 'pentagon': 3, 'triangle': 1}"
1090,contour,2.092,21.953,11.04,36.416,28.61,20,"{'rectangle': 8, 'other': 9, 'triangle': 2, 'pentagon': 1}"
1091,contour,2.409,19.434,11.105,34.364,28.57,19,"{'other': 9, 'rectangle': 6, 'triangle': 4}"
1092,contour,1.992,18.73,11.032,32.949,28.56,20,"{'other': 10, 'rectangle': 7, 'pentagon': 2, 'triangle': 1}"
1093,contour,2.047,19.043,11.065,33.343,28.53,21,"{'other': 11, 'rectangle': 7, 'pentagon': 1, 'triangle': 2}"
1094,contour,2.016,19.03,10.714,32.956,28.68,21,"{'other': 12, 'rectangle': 7, 'pentagon': 1, 'triangle': 1}"
1095,contour,1.625,19.387,10.444,32.657,28.72,19,"{'other': 9, 'rectangle': 4, 'pentagon': 4, 'triangle': 2}"
1096,contour,2.001,18.749,10.794,32.783,28.72,19,"{'other': 11, 'rectangle': 4, 'pentagon': 3, 'triangle': 1}"
1097,contour,2.341,19.564,10.642,33.753,28.7,19,"{'other': 9, 'rectangle': 5, 'triangle': 3, 'pentagon': 2}"
1098,contour,1.928,18.614,10.593,32.815,28.66,20,"{'rectangle': 4, 'pentagon': 3, 'other': 10, 'triangle': 3}"
1099,contour,1.891,18.865,10.7,32.712,28.62,22,"{'rectangle': 6, 'other': 11, 'pentagon': 2, 'triangle': 3}"
1100,contour,1.991,19.281,10.443,32.959,28.6,20,"{'rectangle': 5, 'other': 11, 'pentagon': 2, 'triangle': 2}"
1101,contour,1.87,19.153,10.676,33.327,28.76,21,"{'rectangle': 4, 'pentagon': 4, 'other': 12, 'triangle': 1}"
1102,contour,1.985,21.466,11.147,35.773,28.79,19,"{'rectangle': 6, 'pentagon': 1, 'other': 11, 'triangle': 1}"
1103,contour,2.2,20.464,12.124,36.052,28.77,19,"{'rectangle': 5, 'pentagon': 3, 'other': 10, 'triangle': 1}"
1104,contour,2.327,18.977,10.495,33.007,28.81,19,"{'rectangle': 5, 'pentagon': 5, 'other': 7, 'triangle': 2}"
1105,contour,2.016,18.405,10.252,31.828,28.85,18,"{'rectangle': 7, 'other': 9, 'triangle': 1, 'pentagon': 1}"
1106,contour,2.085,18.405,10.837,32.608,28.87,19,"{'rectangle': 7, 'other': 9, 'triangle': 1, 'pentagon': 2}"
1107,contour,2.273,19.504,10.441,33.472,28.87,18,"{'rectangle': 4, 'other': 10, 'pentagon': 3, 'triangle': 1}"
1108,contour,1.835,20.368,10.594,34.401,28.97,18,"{'rectangle': 4, 'other': 9, 'triangle': 1, 'pentagon': 4}"
1109,contour,1.953,22.076,10.661,36.006,28.99,19,"{'rectangle': 8, 'other': 8, 'pentagon': 3}"
1110,contour,2.283,23.942,12.97,40.925,28.85,18,"{'rectangle': 4, 'other': 10, 'pentagon': 4}"
1111,contour,2.273,22.6,11.092,37.132,28.8,19,"{'rectangle': 6, 'triangle': 1, 'other': 11, 'pentagon': 1}"
1112,contour,2.214,20.462,11.412,35.462,28.84,20,"{'rectangle': 9, 'other': 11}"
1113,contour,1.942,20.45,11.346,35.013,28.87,20,"{'rectangle': 3, 'other': 12, 'triangle': 3, 'pentagon': 2}"
1114,contour,2.056,21.224,10.961,35.476,28.85,18,"{'rectangle': 4, 'triangle': 3, 'other': 9, 'pentagon': 2}"
1115,contour,2.151,20.792,10.471,34.684,28.86,18,"{'rectangle': 5, 'triangle': 4, 'other': 7, 'pentagon': 2}"
1116,contour,2.114,25.879,11.999,43.022,28.66,16,"{'rectangle': 7, 'other': 6, 'pentagon': 3}"
1117,contour,2.247,22.791,13.257,39.797,28.6,20,"{'rectangle': 5, 'triangle': 3, 'other': 10, 'square': 1, 'pentagon': 1}"
1118,contour,1.794,23.45,11.076,37.59,28.6,18,"{'rectangle': 7, 'other': 9, 'pentagon': 1, 'triangle': 1}"
1119,contour,1.947,22.569,12.779,38.716,28.52,19,"{'rectangle': 8, 'other': 8, 'pentagon': 1, 'square': 1, 'triangle': 1}"
1120,contour,1.694,20.401,11.291,34.843,28.56,19,"{'rectangle': 6, 'triangle': 2, 'other': 8, 'square': 1, 'pentagon': 2}"
1121,contour,2.029,24.894,18.219,47.138,28.22,18,"{'rectangle': 7, 'other': 8, 'square': 1, 'pentagon': 2}"
1122,contour,4.628,22.673,13.254,42.044,27.98,19,"{'rectangle': 7, 'other': 9, 'pentagon': 2, 'triangle': 1}"
1123,contour,1.98,18.752,10.818,32.795,27.99,19,"{'rectangle': 5, 'triangle': 2, 'other': 9, 'pentagon': 3}"
1124,contour,1.932,18.061,10.927,32.238,28.01,20,"{'rectangle': 6, 'triangle': 2, 'pentagon': 4, 'other': 8}"
1125,contour,2.118,19.346,10.603,33.867,27.98,20,"{'rectangle': 8, 'pentagon': 2, 'other': 9, 'triangle': 1}"
1126,contour,2.296,25.069,11.839,40.667,27.77,17,"{'rectangle': 9, 'other': 7, 'triangle': 1}"
1127,contour,2.103,20.704,11.826,35.874,27.72,19,"{'rectangle': 9, 'other': 9, 'triangle': 1}"
1128,contour,2.172,20.219,10.433,34.617,27.67,19,"{'rectangle': 8, 'triangle': 1, 'other': 9, 'pentagon': 1}"
1129,contour,2.04,19.26,10.99,33.519,27.65,20,"{'rectangle': 6, 'other': 9, 'triangle': 2, 'pentagon': 3}"
1130,contour,2.119,18.852,10.461,32.683,27.66,20,"{'rectangle': 9, 'other': 10, 'triangle': 1}"
1131,contour,2.457,19.334,11.5,34.467,27.63,21,"{'rectangle': 8, 'other': 11, 'pentagon': 1, 'triangle': 1}"
1132,contour,2.033,21.312,11.267,36.127,27.62,21,"{'rectangle': 7, 'other': 11, 'pentagon': 3}"
1133,contour,2.249,23.531,12.016,39.296,27.54,20,"{'rectangle': 7, 'other': 10, 'pentagon': 1, 'triangle': 2}"
1134,contour,3.878,18.805,10.741,34.74,27.5,20,"{'rectangle': 7, 'other': 11, 'pentagon': 2}"
1135,contour,2.097,21.666,10.45,35.439,27.41,20,"{'rectangle': 7, 'other': 11, 'pentagon': 1, 'triangle': 1}"
1136,contour,1.895,19.743,10.819,33.732,27.38,22,"{'other': 12, 'rectangle': 8, 'pentagon': 2}"
1137,contour,2.216,20.226,11.121,34.868,27.34,21,"{'rectangle': 8, 'other': 10, 'triangle': 2, 'pentagon': 1}"
1138,contour,2.135,18.262,10.647,32.311,27.4,23,"{'rectangle': 10, 'other': 11, 'pentagon': 2}"
1139,contour,2.19,18.009,10.556,31.877,27.5,23,"{'rectangle': 10, 'other': 10, 'pentagon': 2, 'triangle': 1}"
1140,contour,2.105,19.347,10.949,33.504,27.69,22,"{'rectangle': 9, 'other': 10, 'pentagon': 3}"
1141,contour,2.104,18.03,10.495,31.79,27.82,22,"{'rectangle': 8, 'other': 8, 'triangle': 2, 'pentagon': 4}"
1142,contour,2.448,18.466,10.575,32.633,27.9,22,"{'rectangle': 8, 'other': 11, 'triangle': 1, 'pentagon': 2}"
1143,contour,2.159,18.427,10.281,32.038,27.97,22,"{'rectangle': 7, 'other': 11, 'triangle': 1, 'pentagon': 3}"
1144,contour,1.913,19.56,10.62,33.292,28.03,23,"{'rectangle': 9, 'other': 11, 'triangle': 1, 'pentagon': 2}"
1145,contour,2.185,17.412,9.94,30.623,28.14,21,"{'rectangle': 7, 'other': 12, 'triangle': 1, 'pentagon': 1}"
1146,contour,2.085,18.559,10.405,32.124,28.43,21,"{'rectangle': 8, 'other': 11, 'triangle': 1, 'pentagon': 1}"
1147,contour,1.947,17.956,11.102,32.174,28.64,21,"{'rectangle': 7, 'other': 10, 'triangle': 3, 'pentagon': 1}"
1148,contour,2.11,17.118,9.869,30.165,28.84,21,"{'rectangle': 6, 'other': 13, 'triangle': 1, 'pentagon': 1}"
1149,contour,2.088,18.783,10.327,32.271,29.02,23,"{'rectangle': 8, 'other': 13, 'triangle': 1, 'pentagon': 1}"
1150,contour,2.664,18.311,10.825,32.883,29.08,20,"{'rectangle': 4, 'other': 15, 'pentagon': 1}"
1151,contour,2.535,18.629,9.936,32.174,29.5,20,"{'rectangle': 7, 'other': 12, 'pentagon': 1}"
1152,contour,2.042,17.322,9.955,30.373,29.85,20,"{'rectangle': 5, 'other': 11, 'triangle': 2, 'pentagon': 2}"
1153,contour,2.031,18.708,10.909,32.786,29.85,20,"{'pentagon': 2, 'rectangle': 4, 'other': 13, 'triangle': 1}"
1154,contour,1.993,17.972,10.602,31.634,29.86,21,"{'pentagon': 2, 'rectangle': 7, 'other': 12}"
1155,contour,2.179,16.425,9.759,29.538,29.99,19,"{'pentagon': 3, 'rectangle': 4, 'other': 10, 'triangle': 2}"
1156,contour,2.131,18.107,11.212,32.678,30.23,19,"{'pentagon': 2, 'rectangle': 5, 'other': 10, 'triangle': 2}"
1157,contour,1.96,21.917,11.303,36.412,30.22,21,"{'pentagon': 2, 'rectangle': 4, 'other': 14, 'triangle': 1}"
1158,contour,2.0,19.646,11.068,33.857,30.24,20,"{'pentagon': 1, 'rectangle': 5, 'other': 13, 'triangle': 1}"
1159,contour,1.918,18.982,10.699,32.883,30.26,20,"{'pentagon': 2, 'rectangle': 5, 'other': 11, 'triangle': 2}"
1160,contour,1.93,17.007,9.961,29.956,30.34,21,"{'pentagon': 2, 'rectangle': 4, 'other': 14, 'triangle': 1}"
1161,contour,2.099,18.254,10.739,32.463,30.41,21,"{'pentagon': 4, 'other': 13, 'rectangle': 3, 'triangle': 1}"
1162,contour,2.02,17.997,9.888,30.958,30.57,20,"{'pentagon': 4, 'other': 12, 'rectangle': 3, 'triangle': 1}"
1163,contour,1.757,17.607,9.508,29.879,30.86,21,"{'pentagon': 2, 'other': 13, 'rectangle': 5, 'triangle': 1}"
1164,contour,1.909,18.037,10.278,31.303,30.97,21,"{'other': 12, 'pentagon': 2, 'rectangle': 4, 'triangle': 3}"
1165,contour,2.103,16.933,10.099,30.207,31.14,21,"{'other': 12, 'pentagon': 2, 'rectangle': 4, 'triangle': 3}"
1166,contour,1.991,16.627,9.556,29.193,31.29,20,"{'pentagon': 1, 'rectangle': 4, 'other': 11, 'triangle': 4}"
1167,contour,1.789,15.722,9.257,27.743,31.52,22,"{'other': 12, 'pentagon': 3, 'rectangle': 5, 'triangle': 2}"
1168,contour,1.883,15.938,9.734,28.711,31.64,20,"{'other': 12, 'pentagon': 2, 'rectangle': 4, 'triangle': 2}"
1169,contour,1.856,16.138,9.245,28.245,31.76,20,"{'pentagon': 3, 'rectangle': 5, 'other': 11, 'triangle': 1}"
1170,contour,1.845,15.391,9.075,27.286,31.97,16,"{'pentagon': 3, 'rectangle': 4, 'other': 9}"
1171,contour,1.865,16.588,8.739,28.132,32.1,16,"{'rectangle': 4, 'other': 11, 'pentagon': 1}"
1172,contour,2.192,15.476,8.929,27.577,32.27,19,"{'other': 12, 'pentagon': 3, 'rectangle': 4}"
1173,contour,1.771,14.316,8.771,25.862,32.49,19,"{'rectangle': 4, 'pentagon': 2, 'other': 12, 'triangle': 1}"
1174,contour,1.777,18.447,10.838,32.095,32.53,21,"{'other': 14, 'rectangle': 4, 'pentagon': 2, 'triangle': 1}"
1175,contour,1.62,19.205,9.166,31.023,32.52,18,"{'other': 12, 'rectangle': 4, 'triangle': 1, 'pentagon': 1}"
1176,contour,1.833,16.65,8.903,28.313,32.65,16,"{'other': 11, 'rectangle': 3, 'pentagon': 1, 'triangle': 1}"
1177,contour,2.127,16.169,9.187,28.431,32.79,19,"{'pentagon': 2, 'rectangle': 3, 'other': 12, 'triangle': 2}"
1178,contour,1.864,16.1,9.114,28.168,32.86,19,"{'other': 14, 'rectangle': 4, 'pentagon': 1}"
1179,contour,1.73,15.93,9.97,28.578,32.99,18,"{'rectangle': 7, 'other': 9, 'triangle': 1, 'pentagon': 1}"
1180,contour,1.751,19.149,9.82,31.703,33.03,19,"{'other': 14, 'rectangle': 3, 'pentagon': 2}"
1181,contour,1.903,20.137,10.365,33.429,32.99,17,"{'rectangle': 5, 'other': 11, 'pentagon': 1}"
1182,contour,1.599,16.858,10.125,29.634,33.01,19,"{'other': 10, 'rectangle': 6, 'triangle': 2, 'pentagon': 1}"
1183,contour,1.576,17.392,9.583,29.611,33.13,19,"{'other': 11, 'rectangle': 5, 'pentagon': 2, 'triangle': 1}"
1184,contour,2.078,16.655,9.477,29.238,33.22,20,"{'rectangle': 6, 'other': 11, 'triangle': 1, 'pentagon': 2}"
1185,contour,1.885,16.467,9.568,28.926,33.24,20,"{'rectangle': 7, 'other': 11, 'triangle': 1, 'pentagon': 1}"
1186,contour,1.953,16.461,9.469,28.884,33.38,21,"{'rectangle': 6, 'other': 14, 'pentagon': 1}"
1187,contour,1.855,17.037,9.698,29.726,33.63,19,"{'rectangle': 7, 'other': 12}"
1188,contour,1.747,18.65,11.19,32.999,33.66,21,"{'other': 11, 'rectangle': 8, 'triangle': 1, 'pentagon': 1}"
1189,contour,1.758,16.282,10.035,29.267,33.8,21,"{'rectangle': 9, 'other': 9, 'triangle': 1, 'pentagon': 2}"
1190,contour,1.748,17.646,9.936,30.613,33.78,22,"{'rectangle': 9, 'other': 13}"
1191,contour,1.678,18.222,9.844,30.861,33.84,20,"{'other': 11, 'rectangle': 8, 'pentagon': 1}"
1192,contour,1.941,19.306,11.55,34.064,33.72,22,"{'other': 14, 'rectangle': 8}"
1193,contour,1.793,18.82,10.89,32.7,33.61,22,"{'other': 12, 'rectangle': 7, 'triangle': 1, 'pentagon': 2}"
1194,contour,2.043,16.646,10.002,29.772,33.67,20,"{'other': 11, 'rectangle': 7, 'pentagon': 2}"
1195,contour,1.491,16.041,10.119,28.874,33.72,19,"{'other': 9, 'rectangle': 9, 'pentagon': 1}"
1196,contour,1.806,16.774,10.422,30.161,33.68,19,"{'other': 14, 'rectangle': 5}"
1197,contour,2.33,16.522,10.222,30.17,33.59,20,"{'other': 12, 'triangle': 1, 'rectangle': 7}"
1198,contour,1.997,16.438,10.259,29.831,33.55,23,"{'other': 15, 'rectangle': 6, 'pentagon': 1, 'triangle': 1}"
1199,contour,2.349,15.777,10.209,31.417,33.43,23,"{'other': 14, 'rectangle': 7, 'pentagon': 2}"
1200,contour,1.87,17.903,11.406,32.314,33.25,19,"{'other': 11, 'rectangle': 6, 'triangle': 2}"
1201,contour,1.763,17.033,10.104,30.047,33.18,22,"{'other': 14, 'rectangle': 5, 'triangle': 1, 'pentagon': 2}"
1202,contour,1.778,17.358,9.85,30.113,33.08,20,"{'other': 13, 'rectangle': 6, 'pentagon': 1}"
1203,contour,1.871,15.845,9.879,28.811,32.98,22,"{'other': 14, 'pentagon': 1, 'rectangle': 6, 'triangle': 1}"
1204,contour,1.601,16.05,9.839,28.591,33.1,24,"{'other': 11, 'rectangle': 9, 'pentagon': 3, 'triangle': 1}"
1205,contour,1.831,16.838,10.335,30.119,33.14,23,"{'other': 11, 'pentagon': 2, 'triangle': 3, 'rectangle': 7}"
1206,contour,2.271,15.785,10.017,29.394,33.1,21,"{'other': 12, 'pentagon': 2, 'rectangle': 5, 'triangle': 2}"
1207,contour,1.97,18.826,10.354,33.576,32.91,23,"{'other': 12, 'pentagon': 1, 'triangle': 2, 'rectangle': 8}"
1208,contour,1.731,16.055,10.035,28.951,32.88,23,"{'other': 11, 'rectangle': 9, 'triangle': 1, 'pentagon': 2}"
1209,contour,1.938,16.136,10.351,29.878,32.83,22,"{'other': 10, 'rectangle': 8, 'triangle': 2, 'pentagon': 2}"
1210,contour,1.756,16.007,9.647,28.485,32.95,21,"{'other': 10, 'rectangle': 9, 'triangle': 2}"
1211,contour,1.87,15.741,10.321,29.042,33.11,24,"{'other': 11, 'rectangle': 9, 'pentagon': 3, 'triangle': 1}"
1212,contour,2.034,16.407,9.701,29.185,33.13,24,"{'other': 11, 'rectangle': 8, 'triangle': 3, 'pentagon': 2}"
1213,contour,1.756,15.793,9.331,27.948,33.19,22,"{'other': 10, 'rectangle': 9, 'triangle': 2, 'pentagon': 1}"
1214,contour,1.93,17.272,9.189,29.41,33.18,23,"{'other': 11, 'rectangle': 9, 'pentagon': 3}"
1215,contour,1.806,16.423,10.21,29.909,33.15,23,"{'other': 13, 'rectangle': 8, 'triangle': 1, 'pentagon': 1}"
1216,contour,2.043,16.603,9.26,28.931,33.14,21,"{'other': 10, 'rectangle': 8, 'triangle': 3}"
1217,contour,1.88,15.583,9.091,27.582,33.22,21,"{'other': 11, 'rectangle': 6, 'triangle': 2, 'pentagon': 2}"
1218,contour,1.676,16.021,9.643,28.404,33.39,24,"{'other': 13, 'rectangle': 7, 'pentagon': 2, 'triangle': 2}"
1219,contour,2.183,15.038,9.41,27.646,33.45,22,"{'other': 10, 'triangle': 2, 'rectangle': 7, 'pentagon': 3}"
1220,contour,1.723,15.734,9.244,27.742,33.56,23,"{'other': 12, 'triangle': 2, 'rectangle': 6, 'pentagon': 3}"
1221,contour,2.031,17.823,9.519,30.408,33.58,23,"{'other': 14, 'rectangle': 6, 'pentagon': 2, 'triangle': 1}"
1222,contour,2.907,16.895,9.018,29.842,33.74,23,"{'other': 11, 'rectangle': 7, 'triangle': 2, 'pentagon': 3}"
1223,contour,1.838,16.782,9.007,28.642,33.89,22,"{'other': 11, 'rectangle': 7, 'triangle': 2, 'pentagon': 2}"
1224,contour,1.848,16.184,9.114,28.149,33.95,21,"{'other': 11, 'rectangle': 8, 'triangle': 1, 'pentagon': 1}"
1225,contour,1.873,16.867,8.794,28.573,33.96,19,"{'other': 11, 'rectangle': 7, 'pentagon': 1}"
1226,contour,1.869,16.673,8.712,28.595,34.02,20,"{'other': 10, 'rectangle': 6, 'pentagon': 3, 'triangle': 1}"
1227,contour,2.102,16.879,8.969,29.111,34.07,21,"{'other': 9, 'rectangle': 8, 'pentagon': 3, 'triangle': 1}"
1228,contour,1.922,16.622,8.731,28.557,34.12,20,"{'other': 11, 'rectangle': 6, 'triangle': 2, 'pentagon': 1}"
1229,contour,1.864,15.214,8.366,26.771,34.3,19,"{'other': 8, 'rectangle': 8, 'pentagon': 2, 'triangle': 1}"
1230,contour,2.004,16.275,8.355,28.226,34.46,18,"{'other': 9, 'rectangle': 7, 'pentagon': 1, 'triangle': 1}"
1231,contour,1.955,16.767,8.473,28.358,34.52,20,"{'other': 10, 'triangle': 3, 'rectangle': 6, 'pentagon': 1}"
1232,contour,1.748,15.516,8.404,26.812,34.66,20,"{'other': 9, 'rectangle': 7, 'pentagon': 2, 'triangle': 2}"
1233,contour,1.814,16.15,8.285,27.391,34.71,17,"{'other': 8, 'rectangle': 6, 'pentagon': 2, 'triangle': 1}"
1234,contour,2.003,15.272,8.382,26.757,34.79,20,"{'other': 12, 'rectangle': 5, 'pentagon': 3}"
1235,contour,1.996,22.529,13.499,39.821,34.4,21,"{'other': 11, 'rectangle': 6, 'pentagon': 3, 'triangle': 1}"
1236,contour,2.145,19.988,9.631,33.01,34.26,22,"{'other': 14, 'rectangle': 5, 'pentagon': 3}"
1237,contour,1.736,17.049,9.415,29.494,34.42,21,"{'other': 13, 'rectangle': 6, 'pentagon': 2}"
1238,contour,1.755,16.36,9.309,29.069,34.41,20,"{'other': 12, 'rectangle': 5, 'pentagon': 2, 'triangle': 1}"
1239,contour,1.733,16.051,9.451,28.49,34.47,21,"{'other': 13, 'rectangle': 5, 'pentagon': 2, 'triangle': 1}"
1240,contour,1.794,18.327,10.05,31.388,34.35,21,"{'other': 9, 'rectangle': 6, 'pentagon': 3, 'triangle': 2, 'square': 1}"
1241,contour,1.693,16.533,9.363,28.886,34.36,23,"{'other': 12, 'rectangle': 7, 'pentagon': 3, 'square': 1}"
1242,contour,1.949,14.977,9.49,27.763,34.42,22,"{'other': 13, 'rectangle': 6, 'pentagon': 2, 'triangle': 1}"
1243,contour,1.774,18.801,14.697,37.32,34.05,22,"{'other': 15, 'rectangle': 6, 'triangle': 1}"
1244,contour,1.811,19.841,10.632,33.676,33.89,19,"{'other': 11, 'rectangle': 7, 'pentagon': 1}"
1245,contour,1.573,17.791,10.613,31.352,33.83,21,"{'other': 10, 'rectangle': 8, 'pentagon': 2, 'triangle': 1}"
1246,contour,1.955,18.577,9.464,31.338,33.74,19,"{'other': 9, 'rectangle': 7, 'triangle': 1, 'pentagon': 1, 'square': 1}"
1247,contour,1.869,17.53,9.709,30.883,33.61,21,"{'other': 12, 'rectangle': 8, 'pentagon': 1}"
1248,contour,1.766,17.893,9.738,30.707,33.53,20,"{'other': 9, 'rectangle': 7, 'pentagon': 3, 'square': 1}"
1249,contour,1.724,18.088,10.087,31.322,33.39,20,"{'other': 10, 'rectangle': 8, 'pentagon': 1, 'square': 1}"
1250,contour,1.858,16.727,9.788,29.75,33.32,21,"{'other': 11, 'rectangle': 7, 'pentagon': 2, 'square': 1}"
1251,contour,1.714,16.492,9.842,29.358,33.36,21,"{'other': 10, 'rectangle': 7, 'triangle': 1, 'pentagon': 2, 'square': 1}"
1252,contour,1.675,18.648,9.728,31.418,33.3,22,"{'other': 11, 'rectangle': 7, 'triangle': 1, 'pentagon': 2, 'square': 1}"
1253,contour,1.892,17.543,9.375,30.163,33.24,21,"{'other': 10, 'rectangle': 7, 'triangle': 1, 'pentagon': 2, 'square': 1}"
1254,contour,1.765,17.89,9.623,30.565,33.15,22,"{'other': 11, 'rectangle': 7, 'triangle': 1, 'pentagon': 2, 'square': 1}"
1255,contour,2.266,16.533,9.931,30.055,33.1,23,"{'other': 14, 'rectangle': 6, 'pentagon': 2, 'square': 1}"
1256,contour,1.721,16.1,9.833,28.976,33.08,23,"{'other': 13, 'rectangle': 8, 'pentagon': 1, 'square': 1}"
1257,contour,1.661,15.515,9.249,27.709,33.14,23,"{'other': 13, 'rectangle': 7, 'pentagon': 2, 'square': 1}"
1258,contour,1.747,16.774,9.543,29.417,33.1,24,"{'other': 13, 'rectangle': 7, 'pentagon': 3, 'square': 1}"
1259,contour,1.882,18.372,9.859,31.389,32.94,21,"{'other': 11, 'rectangle': 7, 'pentagon': 2, 'square': 1}"
1260,contour,1.477,17.345,10.23,30.523,32.85,22,"{'other': 12, 'rectangle': 5, 'pentagon': 4, 'triangle': 1}"
1261,contour,1.675,21.087,9.989,34.126,32.65,22,"{'other': 11, 'rectangle': 6, 'pentagon': 3, 'triangle': 1, 'square': 1}"
1262,contour,1.595,17.47,10.061,30.505,32.52,25,"{'other': 14, 'rectangle': 6, 'triangle': 1, 'pentagon': 3, 'square': 1}"
1263,contour,1.748,17.325,9.773,30.234,32.42,23,"{'other': 12, 'rectangle': 6, 'pentagon': 3, 'triangle': 1, 'square': 1}"
1264,contour,1.891,17.652,9.771,30.626,32.28,22,"{'other': 11, 'rectangle': 6, 'pentagon': 3, 'triangle': 1, 'square': 1}"
1265,contour,1.743,16.658,9.962,30.08,32.62,23,"{'other': 12, 'rectangle': 6, 'pentagon': 3, 'triangle': 1, 'square': 1}"
1266,contour,1.629,17.055,9.999,30.018,32.73,22,"{'other': 10, 'pentagon': 4, 'rectangle': 6, 'triangle': 1, 'square': 1}"
1267,contour,1.808,16.157,9.528,28.974,32.75,23,"{'other': 10, 'rectangle': 7, 'pentagon': 4, 'triangle': 1, 'square': 1}"
1268,contour,2.005,16.181,9.165,28.657,32.76,22,"{'other': 11, 'rectangle': 6, 'pentagon': 3, 'triangle': 1, 'square': 1}"
1269,contour,1.758,16.013,9.241,28.278,32.77,22,"{'other': 11, 'rectangle': 6, 'pentagon': 3, 'triangle': 1, 'square': 1}"
1270,contour,2.002,17.191,9.812,30.327,32.81,23,"{'other': 13, 'rectangle': 6, 'pentagon': 2, 'triangle': 1, 'square': 1}"
1271,contour,1.643,17.451,10.661,31.053,32.73,24,"{'other': 12, 'pentagon': 3, 'rectangle': 6, 'triangle': 2, 'square': 1}"
1272,contour,2.163,16.567,9.195,29.209,32.68,22,"{'other': 12, 'rectangle': 6, 'pentagon': 2, 'triangle': 1, 'square': 1}"
1273,contour,2.183,15.269,9.46,28.202,33.01,22,"{'other': 11, 'rectangle': 6, 'pentagon': 3, 'triangle': 1, 'square': 1}"
1274,contour,1.727,18.539,9.326,30.981,33.11,23,"{'other': 13, 'rectangle': 5, 'pentagon': 4, 'triangle': 1}"
1275,contour,1.63,17.324,9.916,30.251,33.15,24,"{'other': 14, 'rectangle': 6, 'pentagon': 2, 'triangle': 1, 'square': 1}"
1276,contour,1.923,18.045,9.24,30.561,33.17,23,"{'other': 12, 'rectangle': 7, 'pentagon': 3, 'triangle': 1}"
1277,contour,1.991,16.163,9.08,28.555,33.26,23,"{'other': 11, 'rectangle': 7, 'pentagon': 2, 'triangle': 2, 'square': 1}"
1278,contour,1.666,15.522,9.111,27.554,33.38,22,"{'other': 9, 'rectangle': 7, 'pentagon': 3, 'triangle': 3}"
1279,contour,1.884,15.819,8.899,27.971,33.5,21,"{'other': 9, 'rectangle': 7, 'pentagon': 2, 'triangle': 2, 'square': 1}"
1280,contour,1.998,16.335,9.131,28.752,33.54,22,"{'other': 11, 'rectangle': 5, 'pentagon': 4, 'triangle': 2}"
1281,contour,2.273,15.576,9.29,28.429,33.57,21,"{'other': 9, 'rectangle': 6, 'triangle': 2, 'pentagon': 4}"
1282,contour,1.799,16.441,9.695,29.425,33.65,17,"{'other': 8, 'rectangle': 5, 'pentagon': 4}"
1283,contour,4.229,20.435,11.988,38.222,33.35,19,"{'other': 8, 'rectangle': 6, 'triangle': 3, 'pentagon': 2}"
1284,contour,1.738,18.646,10.259,32.037,33.29,19,"{'other': 8, 'rectangle': 7, 'pentagon': 2, 'triangle': 2}"
1285,contour,1.826,17.272,10.644,31.155,33.25,23,"{'other': 11, 'rectangle': 8, 'pentagon': 3, 'triangle': 1}"
1286,contour,1.736,17.248,9.881,30.357,33.2,21,"{'other': 9, 'rectangle': 9, 'pentagon': 3}"
1287,contour,1.751,17.523,9.978,30.622,33.09,20,"{'other': 9, 'rectangle': 8, 'pentagon': 2, 'triangle': 1}"
1288,contour,1.769,16.124,10.1,29.339,33.1,22,"{'other': 9, 'rectangle': 6, 'triangle': 3, 'pentagon': 3, 'square': 1}"
1289,contour,1.647,18.295,10.031,31.283,33.1,23,"{'other': 9, 'rectangle': 7, 'pentagon': 4, 'triangle': 2, 'square': 1}"
1290,contour,1.908,17.195,9.675,30.087,33.12,23,"{'other': 10, 'rectangle': 7, 'triangle': 2, 'pentagon': 3, 'square': 1}"
1291,contour,1.767,16.22,9.595,28.942,33.31,21,"{'other': 10, 'rectangle': 7, 'pentagon': 2, 'triangle': 1, 'square': 1}"
1292,contour,1.759,16.267,9.685,29.047,33.36,21,"{'other': 7, 'rectangle': 7, 'pentagon': 5, 'triangle': 1, 'square': 1}"
1293,contour,1.531,16.184,9.618,29.007,33.41,20,"{'other': 9, 'rectangle': 7, 'pentagon': 4}"
1294,contour,2.117,15.905,9.911,29.252,33.46,23,"{'other': 11, 'rectangle': 5, 'pentagon': 5, 'triangle': 1, 'square': 1}"
1295,contour,2.059,16.993,10.144,30.455,33.44,21,"{'other': 8, 'rectangle': 9, 'triangle': 1, 'pentagon': 3}"
1296,contour,1.764,16.116,10.177,29.198,33.48,22,"{'other': 9, 'rectangle': 9, 'pentagon': 3, 'triangle': 1}"
1297,contour,1.802,15.929,9.744,28.633,33.49,19,"{'other': 9, 'rectangle': 8, 'pentagon': 2}"
1298,contour,1.883,17.239,10.71,31.069,33.4,22,"{'other': 12, 'rectangle': 7, 'pentagon': 2, 'triangle': 1}"
1299,contour,1.964,19.712,9.929,32.792,33.23,21,"{'other': 11, 'rectangle': 7, 'triangle': 2, 'pentagon': 1}"
1300,contour,2.137,18.098,10.864,32.289,33.16,23,"{'other': 12, 'pentagon': 4, 'rectangle': 5, 'triangle': 2}"
1301,contour,2.369,17.392,10.135,31.058,33.16,22,"{'other': 12, 'triangle': 3, 'rectangle': 6, 'pentagon': 1}"
1302,contour,1.817,16.353,9.904,29.195,33.16,22,"{'other': 11, 'triangle': 2, 'rectangle': 8, 'pentagon': 1}"
1303,contour,1.699,16.951,9.827,29.626,33.11,20,"{'other': 7, 'triangle': 2, 'rectangle': 9, 'pentagon': 1, 'square': 1}"
1304,contour,1.987,16.589,9.891,29.623,33.16,22,"{'other': 13, 'rectangle': 8, 'pentagon': 1}"
1305,contour,1.828,16.778,9.656,29.688,33.18,22,"{'other': 14, 'triangle': 3, 'rectangle': 5}"
1306,contour,1.803,18.39,10.917,32.443,33.11,24,"{'other': 13, 'pentagon': 3, 'rectangle': 7, 'triangle': 1}"
1307,contour,1.913,18.3,10.499,31.91,32.99,23,"{'rectangle': 9, 'other': 10, 'triangle': 1, 'pentagon': 3}"
1308,contour,1.761,17.459,10.459,30.887,32.87,20,"{'other': 9, 'triangle': 4, 'rectangle': 6, 'pentagon': 1}"
1309,contour,1.882,17.583,10.578,31.361,32.74,21,"{'other': 9, 'rectangle': 7, 'pentagon': 4, 'triangle': 1}"
1310,contour,1.637,19.214,10.647,32.656,32.61,22,"{'other': 10, 'rectangle': 8, 'pentagon': 4}"
1311,contour,1.824,19.76,10.066,33.369,32.43,22,"{'triangle': 2, 'other': 9, 'rectangle': 9, 'pentagon': 2}"
1312,contour,1.531,18.093,10.378,31.519,32.36,24,"{'other': 14, 'rectangle': 8, 'pentagon': 2}"
1313,contour,2.157,16.729,12.661,33.049,32.54,22,"{'other': 9, 'triangle': 1, 'rectangle': 8, 'pentagon': 4}"
1314,contour,1.699,16.411,10.125,29.776,32.62,22,"{'triangle': 1, 'other': 10, 'rectangle': 8, 'square': 1, 'pentagon': 2}"
1315,contour,1.467,17.017,10.248,30.219,32.65,23,"{'triangle': 2, 'other': 9, 'rectangle': 7, 'pentagon': 4, 'square': 1}"
1316,contour,1.854,16.632,10.2,30.26,32.66,21,"{'triangle': 1, 'other': 8, 'rectangle': 9, 'pentagon': 3}"
1317,contour,1.881,17.925,10.057,31.468,32.63,21,"{'triangle': 1, 'other': 11, 'rectangle': 7, 'pentagon': 2}"
1318,contour,1.92,16.618,9.787,29.809,32.61,20,"{'other': 9, 'rectangle': 7, 'pentagon': 4}"
1319,contour,1.957,16.7,9.668,30.021,32.65,22,"{'other': 11, 'rectangle': 6, 'pentagon': 4, 'square': 1}"
1320,contour,1.778,17.408,9.839,30.635,32.64,23,"{'triangle': 1, 'other': 10, 'rectangle': 9, 'pentagon': 2, 'square': 1}"
1321,contour,1.897,20.526,10.961,35.408,32.41,21,"{'other': 11, 'pentagon': 2, 'rectangle': 7, 'square': 1}"
1322,contour,1.819,18.704,14.658,37.628,32.11,20,"{'other': 12, 'pentagon': 2, 'rectangle': 5, 'triangle': 1}"
1323,contour,1.979,30.622,13.948,48.542,31.45,20,"{'other': 11, 'rectangle': 5, 'triangle': 2, 'pentagon': 2}"
1324,contour,4.571,32.261,14.256,53.131,30.68,21,"{'other': 11, 'rectangle': 5, 'triangle': 2, 'pentagon': 3}"
1325,contour,3.258,20.887,10.465,36.077,30.51,21,"{'other': 10, 'rectangle': 6, 'triangle': 1, 'pentagon': 4}"
1326,contour,1.916,18.726,10.639,32.935,30.39,20,"{'rectangle': 7, 'other': 9, 'triangle': 2, 'pentagon': 2}"
1327,contour,1.555,18.75,10.635,32.433,30.28,19,"{'rectangle': 4, 'other': 11, 'triangle': 2, 'pentagon': 2}"
1328,contour,1.879,19.445,10.474,33.244,30.21,19,"{'other': 11, 'rectangle': 5, 'pentagon': 2, 'triangle': 1}"
1329,contour,1.888,18.533,10.685,32.579,30.22,19,"{'other': 11, 'triangle': 2, 'rectangle': 5, 'square': 1}"
1330,contour,1.794,20.674,11.421,35.352,30.12,16,"{'other': 9, 'triangle': 2, 'rectangle': 5}"
1331,contour,2.142,20.377,10.605,34.554,30.02,19,"{'other': 10, 'rectangle': 5, 'triangle': 3, 'pentagon': 1}"
1332,contour,1.885,20.847,11.62,35.888,29.82,21,"{'other': 10, 'rectangle': 8, 'pentagon': 2, 'triangle': 1}"
1333,contour,1.752,20.255,11.174,34.669,29.67,18,"{'other': 9, 'triangle': 3, 'rectangle': 4, 'pentagon': 2}"
1334,contour,1.827,18.629,10.629,32.775,29.58,19,"{'other': 9, 'rectangle': 4, 'pentagon': 5, 'square': 1}"
1335,contour,1.896,21.811,11.206,36.355,29.38,20,"{'other': 11, 'triangle': 2, 'rectangle': 5, 'pentagon': 1, 'square': 1}"
1336,contour,2.255,21.213,12.338,37.253,29.25,19,"{'other': 11, 'rectangle': 6, 'pentagon': 2}"
1337,contour,1.751,21.835,10.922,35.841,29.13,19,"{'other': 9, 'rectangle': 7, 'pentagon': 3}"
1338,contour,3.562,23.065,10.703,38.948,28.91,17,"{'other': 9, 'rectangle': 5, 'pentagon': 3}"
1339,contour,2.602,23.798,11.553,39.237,28.69,21,"{'other': 12, 'rectangle': 6, 'pentagon': 1, 'square': 1, 'triangle': 1}"
1340,contour,2.484,21.221,10.374,35.416,28.62,17,"{'other': 10, 'rectangle': 5, 'pentagon': 2}"
1341,contour,2.615,20.73,10.309,34.953,28.57,16,"{'other': 10, 'rectangle': 6}"
1342,contour,2.777,22.285,10.92,37.278,28.42,18,"{'other': 9, 'rectangle': 5, 'pentagon': 3, 'triangle': 1}"
1343,contour,2.361,22.505,13.79,40.088,28.23,16,"{'other': 8, 'rectangle': 5, 'pentagon': 3}"
1344,contour,2.409,24.064,11.415,39.373,27.98,17,"{'other': 10, 'rectangle': 6, 'triangle': 1}"
1345,contour,2.044,26.632,12.183,42.35,27.66,17,"{'other': 8, 'rectangle': 6, 'pentagon': 2, 'triangle': 1}"
1346,contour,2.179,27.097,10.828,41.453,27.38,16,"{'other': 7, 'rectangle': 6, 'triangle': 1, 'pentagon': 2}"
1347,contour,2.48,22.258,10.982,37.091,27.24,17,"{'other': 8, 'rectangle': 6, 'pentagon': 3}"
1348,contour,2.326,26.282,10.8,40.792,26.97,17,"{'other': 8, 'rectangle': 7, 'pentagon': 2}"
1349,contour,2.573,22.798,11.183,37.935,26.78,18,"{'other': 8, 'rectangle': 6, 'pentagon': 4}"
1350,contour,2.138,22.426,12.56,38.546,26.59,18,"{'other': 9, 'rectangle': 6, 'pentagon': 3}"
1351,contour,2.219,23.416,11.063,38.074,26.53,16,"{'other': 9, 'rectangle': 6, 'triangle': 1}"
1352,contour,2.497,23.653,12.012,39.547,26.49,18,"{'other': 11, 'rectangle': 6, 'pentagon': 1}"
1353,contour,2.52,21.677,10.817,36.31,26.77,18,"{'other': 11, 'rectangle': 5, 'triangle': 2}"
1354,contour,2.416,22.102,11.158,37.269,27.16,17,"{'other': 6, 'rectangle': 6, 'pentagon': 2, 'square': 1, 'triangle': 2}"
1355,contour,2.321,22.768,10.715,37.101,27.13,17,"{'other': 9, 'rectangle': 6, 'pentagon': 2}"
1356,contour,2.534,21.827,11.381,37.121,27.03,21,"{'other': 13, 'rectangle': 5, 'square': 1, 'triangle': 1, 'pentagon': 1}"
1357,contour,2.425,24.763,11.601,40.164,26.84,23,"{'other': 13, 'rectangle': 8, 'square': 1, 'triangle': 1}"
1358,contour,2.252,23.54,12.219,39.486,26.7,22,"{'other': 12, 'triangle': 2, 'rectangle': 8}"
1359,contour,3.012,23.737,11.081,39.249,26.54,20,"{'other': 11, 'triangle': 1, 'rectangle': 6, 'pentagon': 1, 'square': 1}"
1360,contour,2.147,21.69,10.928,36.121,26.52,22,"{'other': 11, 'rectangle': 7, 'triangle': 3, 'square': 1}"
1361,contour,2.254,21.007,10.835,35.443,26.5,22,"{'other': 11, 'rectangle': 8, 'pentagon': 1, 'triangle': 1, 'square': 1}"
1362,contour,2.317,20.738,10.949,35.34,26.51,24,"{'other': 14, 'pentagon': 2, 'triangle': 2, 'rectangle': 5, 'square': 1}"
1363,contour,2.313,20.978,10.963,35.586,26.49,22,"{'other': 12, 'triangle': 3, 'rectangle': 5, 'pentagon': 1, 'square': 1}"
1364,contour,2.362,21.155,10.049,34.81,26.44,19,"{'other': 9, 'rectangle': 6, 'triangle': 3, 'square': 1}"
1365,contour,2.538,20.309,10.753,34.924,26.48,22,"{'other': 11, 'rectangle': 6, 'triangle': 2, 'pentagon': 2, 'square': 1}"
1366,contour,2.202,20.114,10.26,33.844,26.56,21,"{'other': 9, 'rectangle': 6, 'triangle': 4, 'pentagon': 1, 'square': 1}"
1367,contour,2.244,20.321,10.13,33.922,26.6,19,"{'other': 9, 'rectangle': 6, 'triangle': 2, 'pentagon': 1, 'square': 1}"
1368,contour,2.408,17.364,10.152,31.267,26.78,19,"{'other': 9, 'rectangle': 6, 'triangle': 2, 'pentagon': 1, 'square': 1}"
1369,contour,2.224,19.467,9.886,32.821,26.94,20,"{'other': 9, 'rectangle': 6, 'triangle': 3, 'pentagon': 1, 'square': 1}"
1370,contour,2.221,19.465,9.914,32.86,27.0,21,"{'other': 10, 'rectangle': 6, 'triangle': 3, 'pentagon': 1, 'square': 1}"
1371,contour,2.156,19.117,10.176,32.692,27.05,23,"{'other': 12, 'rectangle': 7, 'triangle': 2, 'pentagon': 1, 'square': 1}"
1372,contour,2.063,18.602,9.304,31.133,27.21,19,"{'other': 10, 'rectangle': 7, 'square': 1, 'pentagon': 1}"
1373,contour,2.014,18.765,9.962,31.981,27.41,21,"{'other': 9, 'rectangle': 7, 'pentagon': 1, 'triangle': 3, 'square': 1}"
1374,contour,2.102,19.446,10.155,32.918,27.57,20,"{'other': 9, 'rectangle': 6, 'triangle': 4, 'square': 1}"
1375,contour,2.064,18.218,10.454,31.995,27.83,25,"{'other': 12, 'rectangle': 7, 'triangle': 3, 'pentagon': 2, 'square': 1}"
1376,contour,2.106,19.764,10.261,33.389,28.04,22,"{'other': 11, 'rectangle': 7, 'pentagon': 2, 'triangle': 1, 'square': 1}"
1377,contour,2.115,19.257,9.836,32.427,28.17,19,"{'other': 10, 'rectangle': 6, 'pentagon': 1, 'square': 1, 'triangle': 1}"
1378,contour,2.046,18.316,9.906,31.517,28.41,24,"{'other': 10, 'rectangle': 7, 'triangle': 3, 'pentagon': 3, 'square': 1}"
1379,contour,2.037,18.64,9.57,31.458,28.59,22,"{'other': 12, 'rectangle': 7, 'pentagon': 1, 'square': 1, 'triangle': 1}"
1380,contour,2.275,17.495,9.58,30.514,28.81,25,"{'other': 11, 'triangle': 3, 'rectangle': 6, 'pentagon': 4, 'square': 1}"
1381,contour,1.702,17.461,9.196,29.512,29.05,20,"{'other': 9, 'rectangle': 6, 'triangle': 2, 'pentagon': 2, 'square': 1}"
1382,contour,2.248,17.818,9.397,30.622,29.3,21,"{'other': 11, 'rectangle': 7, 'pentagon': 1, 'square': 1, 'triangle': 1}"
1383,contour,1.959,18.737,9.389,31.268,29.45,20,"{'other': 11, 'rectangle': 6, 'pentagon': 2, 'square': 1}"
1384,contour,1.639,19.329,9.555,31.65,29.61,19,"{'other': 10, 'rectangle': 6, 'pentagon': 1, 'square': 1, 'triangle': 1}"
1385,contour,2.043,19.432,9.441,32.14,29.76,21,"{'other': 10, 'rectangle': 8, 'pentagon': 2, 'triangle': 1}"
1386,contour,1.931,18.459,9.537,31.159,29.93,20,"{'other': 10, 'rectangle': 8, 'pentagon': 1, 'triangle': 1}"
1387,contour,2.059,18.259,9.267,30.788,30.22,20,"{'rectangle': 7, 'other': 11, 'pentagon': 1, 'triangle': 1}"
1388,contour,1.974,17.366,8.939,29.446,30.53,19,"{'triangle': 2, 'other': 9, 'rectangle': 7, 'pentagon': 1}"
1389,contour,2.475,17.622,8.797,30.038,30.81,19,"{'other': 10, 'triangle': 1, 'rectangle': 7, 'pentagon': 1}"
1390,contour,1.936,18.248,9.582,30.956,30.98,18,"{'triangle': 2, 'other': 8, 'rectangle': 7, 'pentagon': 1}"
1391,contour,2.18,16.842,9.741,29.916,31.16,18,"{'triangle': 2, 'other': 7, 'rectangle': 7, 'pentagon': 2}"
1392,contour,2.06,18.596,8.985,30.781,31.3,21,"{'other': 12, 'rectangle': 7, 'pentagon': 2}"
1393,contour,2.151,18.657,8.793,30.688,31.47,18,"{'triangle': 3, 'other': 7, 'rectangle': 8}"
1394,contour,1.93,18.422,9.213,30.692,31.6,20,"{'triangle': 4, 'other': 9, 'rectangle': 6, 'pentagon': 1}"
1395,contour,1.896,18.02,9.119,30.156,31.76,19,"{'triangle': 2, 'other': 9, 'rectangle': 6, 'pentagon': 2}"
1396,contour,1.911,18.54,9.201,30.867,31.86,21,"{'other': 10, 'triangle': 2, 'rectangle': 6, 'pentagon': 3}"
1397,contour,1.86,17.591,8.894,29.456,32.01,20,"{'triangle': 3, 'other': 7, 'rectangle': 7, 'pentagon': 3}"
1398,contour,1.918,17.688,9.016,29.802,32.06,20,"{'other': 10, 'triangle': 4, 'rectangle': 5, 'pentagon': 1}"
1399,contour,1.599,17.508,8.942,29.16,32.19,18,"{'triangle': 4, 'other': 8, 'rectangle': 6}"
1400,contour,1.975,17.945,8.758,29.809,32.3,17,"{'other': 8, 'rectangle': 6, 'triangle': 2, 'pentagon': 1}"
1401,contour,2.037,18.06,9.193,30.449,32.37,15,"{'triangle': 3, 'other': 8, 'rectangle': 4}"
1402,contour,2.406,17.393,9.05,30.009,32.41,19,"{'triangle': 4, 'other': 8, 'rectangle': 5, 'pentagon': 2}"
1403,contour,2.136,17.798,8.656,29.709,32.49,16,"{'triangle': 4, 'other': 6, 'rectangle': 4, 'pentagon': 2}"
1404,contour,2.022,17.629,8.967,29.822,32.6,17,"{'triangle': 3, 'other': 7, 'rectangle': 6, 'pentagon': 1}"
1405,contour,2.145,17.292,8.94,29.509,32.69,22,"{'other': 15, 'rectangle': 4, 'triangle': 2, 'pentagon': 1}"
1406,contour,2.583,16.983,8.725,29.382,32.83,20,"{'other': 13, 'rectangle': 4, 'triangle': 2, 'pentagon': 1}"
1407,contour,2.008,16.841,8.603,28.566,32.97,22,"{'other': 15, 'rectangle': 5, 'triangle': 2}"
1408,contour,1.981,17.13,8.228,28.446,33.08,19,"{'other': 16, 'rectangle': 2, 'triangle': 1}"
1409,contour,1.955,17.009,8.997,29.115,33.17,21,"{'other': 12, 'rectangle': 4, 'triangle': 4, 'pentagon': 1}"
1410,contour,1.992,17.397,8.734,29.218,33.22,23,"{'other': 11, 'rectangle': 8, 'triangle': 4}"
1411,contour,1.627,17.688,8.92,29.362,33.22,23,"{'other': 12, 'pentagon': 3, 'triangle': 3, 'rectangle': 5}"
1412,contour,1.973,17.568,8.634,29.289,33.27,21,"{'other': 10, 'triangle': 8, 'rectangle': 2, 'pentagon': 1}"
1413,contour,2.017,17.904,8.826,29.9,33.32,23,"{'other': 12, 'rectangle': 6, 'triangle': 5}"
1414,contour,1.645,17.628,8.443,28.851,33.43,23,"{'other': 10, 'pentagon': 2, 'triangle': 9, 'rectangle': 2}"
1415,contour,1.864,17.423,8.496,29.032,33.54,24,"{'other': 12, 'rectangle': 3, 'triangle': 8, 'pentagon': 1}"
1416,contour,1.934,17.518,8.388,29.004,33.62,21,"{'other': 13, 'pentagon': 1, 'rectangle': 2, 'triangle': 5}"
1417,contour,1.681,17.0,8.151,27.953,33.73,19,"{'other': 8, 'pentagon': 1, 'rectangle': 2, 'triangle': 8}"
1418,contour,1.814,17.108,8.173,28.212,33.78,20,"{'other': 9, 'rectangle': 2, 'triangle': 9}"
1419,contour,1.989,17.728,8.146,28.995,33.82,19,"{'other': 12, 'pentagon': 1, 'triangle': 4, 'rectangle': 2}"
1420,contour,1.633,17.899,8.822,29.54,33.87,20,"{'other': 10, 'pentagon': 2, 'rectangle': 1, 'triangle': 7}"
1421,contour,2.33,17.59,8.152,29.216,33.9,19,"{'other': 9, 'rectangle': 2, 'triangle': 8}"
1422,contour,2.089,18.446,8.306,29.986,33.93,19,"{'other': 9, 'pentagon': 1, 'rectangle': 2, 'triangle': 7}"
1423,contour,2.124,18.218,8.057,29.531,33.97,18,"{'other': 9, 'rectangle': 2, 'triangle': 7}"
1424,contour,1.943,18.517,8.202,29.909,34.0,18,"{'other': 7, 'rectangle': 1, 'pentagon': 2, 'triangle': 8}"
1425,contour,1.888,17.623,8.039,28.71,34.06,16,"{'other': 9, 'triangle': 6, 'rectangle': 1}"
1426,contour,1.904,18.175,8.236,29.578,34.11,19,"{'rectangle': 1, 'square': 1, 'other': 8, 'triangle': 9}"
1427,contour,1.993,18.877,8.973,31.041,34.05,20,"{'other': 10, 'pentagon': 1, 'triangle': 9}"
1428,contour,1.991,17.58,8.49,29.249,34.07,19,"{'other': 9, 'triangle': 9, 'rectangle': 1}"
1429,contour,2.092,17.95,8.463,29.693,34.05,20,"{'other': 10, 'pentagon': 1, 'triangle': 9}"
1430,contour,1.941,17.817,8.373,29.275,34.07,18,"{'other': 7, 'triangle': 8, 'rectangle': 3}"
1431,contour,1.843,17.213,8.659,28.895,34.13,19,"{'other': 8, 'pentagon': 2, 'triangle': 8, 'rectangle': 1}"
1432,contour,1.971,16.984,7.685,27.77,34.22,13,"{'triangle': 10, 'other': 3}"
1433,contour,1.857,17.077,7.695,27.808,34.29,17,"{'other': 9, 'triangle': 7, 'rectangle': 1}"
1434,contour,2.009,18.045,9.611,30.946,34.25,16,"{'other': 8, 'pentagon': 1, 'triangle': 6, 'rectangle': 1}"
1435,contour,2.447,20.476,8.173,32.347,34.14,17,"{'other': 9, 'pentagon': 1, 'triangle': 6, 'rectangle': 1}"
1436,contour,1.653,21.143,8.746,32.776,34.01,17,"{'other': 8, 'rectangle': 1, 'triangle': 8}"
1437,contour,2.125,18.825,8.875,31.05,33.91,16,"{'other': 10, 'triangle': 4, 'rectangle': 2}"
1438,contour,2.111,18.595,8.229,30.265,33.84,18,"{'rectangle': 3, 'other': 8, 'pentagon': 1, 'triangle': 6}"
1439,contour,2.088,17.687,8.221,29.262,33.83,16,"{'rectangle': 4, 'other': 7, 'triangle': 5}"
1440,contour,2.208,17.947,8.15,29.516,33.82,18,"{'rectangle': 5, 'other': 7, 'triangle': 6}"
1441,contour,1.681,18.346,8.514,29.734,33.81,17,"{'rectangle': 4, 'other': 8, 'triangle': 5}"
1442,contour,2.08,21.781,9.066,34.199,33.62,17,"{'pentagon': 3, 'other': 7, 'triangle': 5, 'rectangle': 2}"
1443,contour,1.909,19.661,8.83,31.73,33.55,18,"{'triangle': 10, 'pentagon': 2, 'other': 3, 'rectangle': 3}"
1444,contour,2.047,20.064,8.341,31.7,33.45,16,"{'other': 5, 'pentagon': 2, 'triangle': 6, 'rectangle': 3}"
1445,contour,1.99,19.986,9.021,32.255,33.33,19,"{'other': 6, 'triangle': 9, 'rectangle': 4}"
1446,contour,2.13,19.711,8.249,31.321,33.24,16,"{'other': 7, 'pentagon': 1, 'triangle': 7, 'rectangle': 1}"
1447,contour,1.675,19.376,8.808,31.111,33.13,17,"{'other': 11, 'pentagon': 2, 'triangle': 3, 'rectangle': 1}"
1448,contour,2.256,19.076,8.49,31.005,33.02,15,"{'other': 7, 'pentagon': 1, 'rectangle': 3, 'triangle': 4}"
1449,contour,2.128,19.033,8.514,30.919,32.95,15,"{'triangle': 5, 'square': 1, 'other': 6, 'rectangle': 3}"
1450,contour,2.095,20.415,9.542,33.326,32.82,16,"{'other': 11, 'triangle': 3, 'rectangle': 2}"
1451,contour,2.079,19.901,10.028,33.221,32.68,14,"{'pentagon': 2, 'other': 7, 'triangle': 4, 'rectangle': 1}"
1452,contour,2.026,19.642,8.344,31.229,32.63,15,"{'other': 6, 'pentagon': 2, 'square': 1, 'triangle': 4, 'rectangle': 2}"
1453,contour,2.129,19.124,9.147,31.698,32.55,13,"{'other': 5, 'pentagon': 3, 'triangle': 4, 'rectangle': 1}"
1454,contour,2.139,19.986,8.716,32.111,32.48,14,"{'other': 7, 'square': 1, 'pentagon': 2, 'triangle': 2, 'rectangle': 2}"
1455,contour,1.619,19.618,9.071,31.603,32.38,13,"{'other': 9, 'pentagon': 1, 'square': 1, 'triangle': 2}"
1456,contour,2.272,19.658,8.78,32.019,32.29,14,"{'other': 9, 'rectangle': 1, 'triangle': 3, 'pentagon': 1}"
1457,contour,2.164,20.323,8.599,32.39,32.24,10,"{'other': 8, 'pentagon': 1, 'rectangle': 1}"
1458,contour,1.554,20.173,9.081,32.138,32.14,11,"{'other': 8, 'triangle': 1, 'rectangle': 1, 'pentagon': 1}"
1459,contour,3.091,23.455,9.659,37.614,31.87,11,"{'other': 8, 'pentagon': 1, 'triangle': 2}"
1460,contour,2.062,20.715,8.852,32.925,31.75,14,"{'other': 8, 'triangle': 4, 'pentagon': 2}"
1461,contour,2.109,19.721,8.888,31.985,31.65,12,"{'other': 8, 'pentagon': 2, 'triangle': 1, 'rectangle': 1}"
1462,contour,2.152,20.308,9.356,33.185,31.47,12,"{'other': 6, 'triangle': 4, 'pentagon': 1, 'rectangle': 1}"
1463,contour,2.189,20.54,9.419,33.601,31.28,16,"{'other': 7, 'rectangle': 2, 'pentagon': 3, 'triangle': 4}"
1464,contour,2.498,25.462,11.883,41.278,30.94,17,"{'other': 9, 'rectangle': 3, 'pentagon': 2, 'triangle': 3}"
1465,contour,2.085,26.928,10.163,41.354,30.66,14,"{'other': 7, 'pentagon': 2, 'triangle': 4, 'rectangle': 1}"
1466,contour,2.453,25.751,10.663,40.29,30.42,12,"{'other': 7, 'square': 1, 'triangle': 2, 'rectangle': 1, 'pentagon': 1}"
1467,contour,2.139,23.676,10.486,37.837,30.22,15,"{'other': 8, 'rectangle': 2, 'triangle': 5}"
1468,contour,3.442,25.159,10.514,40.632,29.9,15,"{'other': 7, 'rectangle': 3, 'pentagon': 3, 'triangle': 2}"
1469,contour,2.29,25.003,11.675,40.93,29.56,16,"{'other': 9, 'rectangle': 1, 'square': 1, 'pentagon': 1, 'triangle': 4}"
1470,contour,1.881,23.19,10.497,37.067,29.34,15,"{'other': 9, 'pentagon': 2, 'triangle': 4}"
1471,contour,2.545,21.162,10.121,35.235,29.19,13,"{'other': 8, 'triangle': 4, 'rectangle': 1}"
1472,contour,2.601,22.847,9.94,36.879,29.11,14,"{'other': 9, 'rectangle': 1, 'triangle': 3, 'pentagon': 1}"
1473,contour,2.316,22.126,9.941,35.798,29.0,15,"{'other': 10, 'rectangle': 1, 'pentagon': 2, 'triangle': 2}"
1474,contour,2.563,21.123,9.505,34.647,28.91,12,"{'other': 7, 'rectangle': 3, 'triangle': 1, 'pentagon': 1}"
1475,contour,1.83,21.775,9.474,34.543,28.85,15,"{'other': 9, 'rectangle': 3, 'triangle': 2, 'pentagon': 1}"
1476,contour,2.562,20.284,9.24,33.485,28.79,13,"{'other': 9, 'triangle': 3, 'square': 1}"
1477,contour,2.233,20.646,9.407,33.673,28.72,12,"{'other': 7, 'rectangle': 1, 'triangle': 3, 'pentagon': 1}"
1478,contour,2.32,20.576,9.352,33.629,28.65,10,"{'other': 5, 'rectangle': 3, 'pentagon': 1, 'triangle': 1}"
1479,contour,2.17,20.442,9.502,33.506,28.58,10,"{'other': 6, 'rectangle': 4}"
1480,contour,2.288,21.34,8.987,34.025,28.56,10,"{'other': 7, 'rectangle': 1, 'pentagon': 2}"
1481,contour,2.143,21.829,8.864,34.746,28.52,11,"{'other': 5, 'rectangle': 5, 'pentagon': 1}"
1482,contour,1.727,18.961,8.067,30.265,28.54,11,"{'other': 8, 'rectangle': 2, 'pentagon': 1}"
1483,contour,2.222,20.815,8.433,32.844,28.51,11,"{'other': 6, 'rectangle': 3, 'pentagon': 2}"
1484,contour,2.404,21.578,8.514,33.813,28.46,11,"{'other': 4, 'rectangle': 4, 'pentagon': 3}"
1485,contour,2.189,21.49,8.582,33.612,28.41,11,"{'other': 5, 'rectangle': 2, 'pentagon': 3, 'triangle': 1}"
1486,contour,2.546,21.444,8.341,33.683,28.37,9,"{'other': 7, 'rectangle': 2}"
1487,contour,2.158,20.82,8.425,32.757,28.36,8,"{'other': 3, 'rectangle': 3, 'pentagon': 2}"
1488,contour,2.614,24.918,9.623,38.541,28.19,7,"{'other': 5, 'rectangle': 2}"
1489,contour,2.233,20.627,8.965,33.198,28.3,11,"{'other': 6, 'rectangle': 4, 'triangle': 1}"
1490,contour,2.31,21.755,8.25,33.678,28.28,9,"{'other': 5, 'rectangle': 2, 'pentagon': 2}"
1491,contour,2.132,19.844,8.246,31.582,28.29,10,"{'other': 8, 'rectangle': 1, 'pentagon': 1}"
1492,contour,2.425,20.55,8.44,32.778,28.3,7,"{'other': 5, 'rectangle': 1, 'pentagon': 1}"
1493,contour,1.888,20.778,8.317,32.3,28.34,8,"{'other': 5, 'rectangle': 2, 'pentagon': 1}"
1494,contour,2.635,21.611,9.787,35.405,28.5,11,"{'other': 8, 'rectangle': 2, 'square': 1}"
1495,contour,2.396,22.774,8.227,34.777,28.68,6,"{'other': 4, 'rectangle': 1, 'triangle': 1}"
1496,contour,2.162,22.113,8.529,34.131,28.85,7,"{'other': 5, 'pentagon': 1, 'triangle': 1}"
1497,contour,2.49,22.792,8.693,35.303,28.92,9,"{'other': 6, 'pentagon': 1, 'triangle': 1, 'rectangle': 1}"
1498,contour,2.213,22.607,9.805,35.977,29.05,8,"{'other': 5, 'rectangle': 3}"
1499,contour,2.244,21.227,9.085,33.984,29.24,7,"{'other': 5, 'rectangle': 1, 'pentagon': 1}"
1500,contour,2.374,20.881,9.058,33.724,29.34,10,"{'other': 6, 'rectangle': 2, 'pentagon': 2}"
1501,contour,2.419,21.29,8.736,33.921,29.38,8,"{'other': 3, 'rectangle': 2, 'pentagon': 2, 'triangle': 1}"
1502,contour,2.168,23.283,9.8,36.643,29.38,8,"{'other': 3, 'rectangle': 2, 'pentagon': 3}"
1503,contour,2.015,19.507,12.019,36.995,29.35,9,"{'other': 7, 'rectangle': 2}"
1504,contour,2.262,20.436,8.77,32.818,29.4,11,"{'other': 9, 'pentagon': 2}"
1505,contour,2.277,19.793,8.713,32.093,29.47,8,"{'pentagon': 3, 'other': 2, 'rectangle': 1, 'square': 1, 'triangle': 1}"
1506,contour,2.366,20.681,8.763,33.132,29.48,6,"{'pentagon': 2, 'other': 3, 'triangle': 1}"
1507,contour,2.361,21.086,8.801,33.574,29.49,7,"{'rectangle': 1, 'other': 5, 'pentagon': 1}"
1508,contour,2.467,19.618,8.605,32.017,29.53,8,"{'pentagon': 1, 'rectangle': 1, 'other': 4, 'triangle': 2}"
1509,contour,2.322,22.051,8.831,34.545,29.5,7,"{'other': 4, 'pentagon': 1, 'rectangle': 1, 'triangle': 1}"
1510,contour,2.308,20.06,8.819,32.535,29.55,7,"{'other': 4, 'rectangle': 1, 'pentagon': 1, 'triangle': 1}"
1511,contour,2.357,20.754,8.74,33.177,29.59,9,"{'other': 7, 'rectangle': 1, 'pentagon': 1}"
1512,contour,2.335,19.95,8.621,32.196,29.54,8,"{'other': 5, 'pentagon': 2, 'rectangle': 1}"
1513,contour,2.272,20.306,8.451,32.303,29.55,8,"{'other': 6, 'rectangle': 2}"
1514,contour,2.261,19.102,8.548,31.246,29.63,7,"{'other': 6, 'pentagon': 1}"
1515,contour,2.158,22.89,12.5,39.151,29.46,9,"{'other': 5, 'pentagon': 3, 'triangle': 1}"
1516,contour,2.203,21.884,8.639,34.024,29.46,10,"{'other': 7, 'pentagon': 3}"
1517,contour,2.201,19.615,8.955,32.113,29.47,10,"{'other': 6, 'pentagon': 2, 'triangle': 1, 'rectangle': 1}"
1518,contour,2.263,20.326,9.324,33.224,29.63,11,"{'other': 6, 'pentagon': 2, 'rectangle': 2, 'triangle': 1}"
1519,contour,2.164,20.744,9.203,33.427,29.62,9,"{'other': 4, 'pentagon': 2, 'rectangle': 3}"
1520,contour,2.36,22.3,9.02,35.052,29.58,9,"{'other': 6, 'pentagon': 2, 'rectangle': 1}"
1521,contour,1.988,21.612,8.857,33.769,29.52,11,"{'other': 8, 'pentagon': 2, 'rectangle': 1}"
1522,contour,2.296,22.262,10.013,35.915,29.43,9,"{'other': 6, 'rectangle': 2, 'triangle': 1}"
1523,contour,2.236,22.141,9.052,34.752,29.36,8,"{'other': 5, 'pentagon': 3}"
1524,contour,2.259,18.412,7.751,29.907,29.52,10,"{'other': 6, 'rectangle': 2, 'triangle': 1, 'pentagon': 1}"
1525,contour,1.707,18.017,7.86,28.912,29.69,11,"{'other': 5, 'pentagon': 4, 'rectangle': 2}"
1526,contour,2.05,17.93,7.725,28.87,29.84,9,"{'other': 6, 'pentagon': 1, 'rectangle': 1, 'square': 1}"
1527,contour,1.956,18.368,8.173,29.681,30.01,9,"{'other': 7, 'rectangle': 1, 'triangle': 1}"
1528,contour,1.902,18.492,7.174,28.709,30.23,7,"{'other': 5, 'rectangle': 1, 'triangle': 1}"
1529,contour,2.071,18.262,7.716,29.225,30.38,7,"{'other': 5, 'rectangle': 2}"
1530,contour,1.924,17.07,7.051,27.204,30.58,8,{'other': 8}
1531,contour,1.911,17.002,6.847,26.868,30.8,6,"{'other': 5, 'rectangle': 1}"
1532,contour,1.926,18.436,6.813,28.353,31.06,7,"{'other': 6, 'pentagon': 1}"
1533,contour,1.883,18.881,6.698,28.629,31.33,6,{'other': 6}
1534,contour,1.918,16.807,6.798,26.814,31.53,9,"{'other': 4, 'pentagon': 2, 'rectangle': 3}"
1535,contour,1.389,16.095,6.386,24.919,31.77,9,"{'other': 6, 'rectangle': 3}"
1536,contour,1.854,16.846,6.52,26.263,32.0,8,"{'other': 5, 'rectangle': 1, 'triangle': 2}"
1537,contour,1.613,16.201,7.079,25.956,32.27,12,"{'other': 8, 'pentagon': 1, 'rectangle': 2, 'triangle': 1}"
1538,contour,1.62,17.136,8.986,28.903,32.37,10,"{'other': 6, 'pentagon': 1, 'rectangle': 2, 'triangle': 1}"
1539,contour,1.713,17.779,7.404,28.049,32.6,9,"{'other': 6, 'pentagon': 2, 'triangle': 1}"
1540,contour,1.644,16.686,6.676,26.104,32.83,10,"{'other': 8, 'pentagon': 1, 'triangle': 1}"
1541,contour,1.877,17.122,6.693,26.805,33.06,9,"{'other': 7, 'pentagon': 1, 'triangle': 1}"
1542,contour,1.771,16.485,6.883,26.267,33.28,11,"{'other': 6, 'pentagon': 1, 'rectangle': 3, 'triangle': 1}"
1543,contour,1.692,16.756,6.552,26.112,33.51,12,"{'other': 6, 'pentagon': 2, 'rectangle': 4}"
1544,contour,1.631,15.058,6.329,24.087,33.78,9,"{'other': 8, 'pentagon': 1}"
1545,contour,1.592,15.164,6.517,24.349,34.35,12,"{'other': 9, 'rectangle': 2, 'pentagon': 1}"
1546,contour,1.637,15.836,6.238,24.754,34.72,8,"{'other': 5, 'rectangle': 1, 'pentagon': 1, 'triangle': 1}"
1547,contour,1.614,16.2,6.3,25.276,35.0,8,"{'other': 5, 'square': 1, 'triangle': 2}"
1548,contour,1.617,17.302,6.906,26.998,35.26,8,"{'other': 6, 'pentagon': 1, 'rectangle': 1}"
1549,contour,1.636,18.03,7.895,28.701,35.45,11,"{'other': 8, 'square': 1, 'rectangle': 2}"
1550,contour,1.639,16.496,6.615,26.082,35.83,10,"{'other': 8, 'pentagon': 1, 'rectangle': 1}"
1551,contour,1.516,15.246,7.348,25.23,36.2,11,"{'other': 8, 'square': 1, 'rectangle': 2}"
1552,contour,1.661,14.967,6.53,24.201,36.72,14,"{'other': 10, 'pentagon': 2, 'square': 1, 'rectangle': 1}"
1553,contour,1.686,14.525,6.439,23.689,37.22,11,"{'other': 6, 'pentagon': 2, 'rectangle': 2, 'square': 1}"
1554,contour,1.645,14.087,6.119,22.837,37.55,10,"{'pentagon': 2, 'other': 3, 'triangle': 1, 'square': 1, 'rectangle': 3}"
1555,contour,1.614,15.13,6.255,24.024,37.79,13,"{'other': 4, 'pentagon': 3, 'triangle': 2, 'rectangle': 3, 'square': 1}"
1556,contour,1.622,14.711,6.151,23.499,38.04,11,"{'other': 7, 'pentagon': 1, 'square': 1, 'rectangle': 2}"
1557,contour,1.602,14.599,5.946,23.147,38.36,10,"{'other': 4, 'pentagon': 1, 'rectangle': 4, 'triangle': 1}"
1558,contour,1.607,14.75,6.006,23.348,38.63,11,"{'rectangle': 4, 'pentagon': 2, 'other': 4, 'triangle': 1}"
1559,contour,1.664,15.912,6.251,24.839,38.84,11,"{'rectangle': 5, 'other': 4, 'square': 1, 'pentagon': 1}"
1560,contour,1.668,15.366,5.663,23.683,39.02,8,"{'triangle': 2, 'other': 4, 'square': 1, 'rectangle': 1}"
1561,contour,1.506,13.908,6.019,22.463,39.25,10,"{'other': 5, 'triangle': 2, 'square': 1, 'rectangle': 2}"
1562,contour,1.578,15.268,5.837,23.686,39.49,9,"{'other': 4, 'triangle': 2, 'square': 1, 'rectangle': 2}"
1563,contour,1.624,14.442,5.948,23.018,39.78,10,"{'other': 6, 'triangle': 2, 'square': 1, 'pentagon': 1}"
1564,contour,1.585,13.419,5.758,21.737,40.05,11,"{'other': 7, 'pentagon': 1, 'square': 1, 'rectangle': 2}"
1565,contour,1.451,14.101,5.753,22.294,40.19,12,"{'other': 7, 'pentagon': 2, 'triangle': 1, 'square': 1, 'rectangle': 1}"
1566,contour,1.475,15.218,5.792,23.53,40.34,10,"{'other': 8, 'pentagon': 1, 'square': 1}"
1567,contour,1.472,14.44,5.717,22.625,40.52,11,"{'other': 7, 'pentagon': 2, 'rectangle': 1, 'square': 1}"
1568,contour,1.598,14.627,5.794,23.017,40.85,11,"{'other': 7, 'triangle': 1, 'pentagon': 1, 'rectangle': 1, 'square': 1}"
1569,contour,1.48,15.088,5.636,23.204,41.12,11,"{'other': 5, 'pentagon': 1, 'rectangle': 3, 'square': 1, 'triangle': 1}"
1570,contour,1.501,14.036,5.564,22.112,41.34,10,"{'other': 4, 'triangle': 3, 'square': 1, 'pentagon': 1, 'rectangle': 1}"
1571,contour,1.595,14.49,6.252,23.321,41.54,11,"{'other': 6, 'rectangle': 1, 'square': 1, 'pentagon': 1, 'triangle': 2}"
1572,contour,1.78,14.538,5.846,23.182,41.72,12,"{'other': 7, 'rectangle': 2, 'square': 1, 'pentagon': 1, 'triangle': 1}"
1573,contour,1.544,15.801,5.745,24.092,41.84,11,"{'other': 6, 'triangle': 3, 'square': 1, 'pentagon': 1}"
1574,contour,1.384,13.263,5.709,21.326,42.0,12,"{'other': 8, 'triangle': 2, 'rectangle': 1, 'square': 1}"
1575,contour,1.56,14.794,5.993,23.378,42.06,12,"{'other': 7, 'triangle': 2, 'rectangle': 1, 'square': 1, 'pentagon': 1}"
1576,contour,1.537,13.573,6.394,22.6,42.19,13,"{'rectangle': 1, 'other': 7, 'triangle': 4, 'square': 1}"
1577,contour,1.411,13.249,5.569,21.394,42.42,11,"{'other': 7, 'rectangle': 1, 'triangle': 1, 'pentagon': 1, 'square': 1}"
1578,contour,2.022,15.179,5.768,23.983,42.6,11,"{'other': 7, 'rectangle': 2, 'triangle': 1, 'square': 1}"
1579,contour,1.7,14.469,5.719,22.896,42.95,12,"{'other': 6, 'triangle': 4, 'rectangle': 1, 'pentagon': 1}"
1580,contour,1.386,12.43,5.397,20.268,43.31,11,"{'rectangle': 2, 'other': 5, 'pentagon': 4}"
1581,contour,1.349,11.927,5.335,19.591,43.67,10,"{'rectangle': 3, 'other': 6, 'pentagon': 1}"
1582,contour,1.059,12.174,5.174,19.422,43.98,9,"{'other': 7, 'pentagon': 1, 'rectangle': 1}"
1583,contour,1.202,12.6,5.461,20.282,44.2,10,"{'other': 6, 'pentagon': 1, 'rectangle': 3}"
1584,contour,1.186,11.278,5.279,18.736,44.46,11,"{'other': 7, 'pentagon': 2, 'square': 1, 'rectangle': 1}"
1585,contour,1.33,11.338,5.369,19.047,44.79,11,"{'rectangle': 2, 'other': 7, 'pentagon': 2}"
1586,contour,1.317,11.117,5.257,18.681,45.12,12,"{'pentagon': 2, 'other': 5, 'triangle': 1, 'rectangle': 4}"
1587,contour,1.223,11.092,5.271,18.621,45.43,11,"{'rectangle': 2, 'other': 6, 'triangle': 1, 'pentagon': 2}"
1588,contour,1.256,11.355,5.241,18.849,45.74,11,"{'other': 7, 'triangle': 1, 'pentagon': 1, 'rectangle': 2}"
1589,contour,1.235,11.921,5.38,19.629,46.11,11,"{'pentagon': 3, 'other': 6, 'rectangle': 2}"
1590,contour,1.188,13.37,5.455,21.08,46.29,11,"{'other': 4, 'pentagon': 3, 'rectangle': 3, 'triangle': 1}"
1591,contour,1.423,14.24,5.454,22.189,46.31,11,"{'other': 6, 'triangle': 1, 'pentagon': 1, 'rectangle': 3}"
1592,contour,1.245,13.246,6.059,21.668,46.46,11,"{'other': 8, 'rectangle': 1, 'square': 1, 'pentagon': 1}"
1593,contour,1.296,11.64,5.337,19.316,46.72,11,"{'other': 7, 'rectangle': 3, 'pentagon': 1}"
1594,contour,1.269,12.058,6.199,20.63,46.8,11,"{'other': 6, 'pentagon': 3, 'rectangle': 2}"
1595,contour,1.266,18.636,8.766,30.527,46.21,11,"{'other': 6, 'pentagon': 3, 'rectangle': 2}"
1596,contour,1.398,14.86,7.328,25.05,46.1,12,"{'other': 7, 'pentagon': 3, 'rectangle': 2}"
1597,contour,1.3,12.463,6.553,21.792,46.16,11,"{'pentagon': 4, 'rectangle': 1, 'other': 5, 'triangle': 1}"
1598,contour,1.475,12.9,5.755,21.368,46.28,10,"{'other': 6, 'rectangle': 2, 'pentagon': 2}"
1599,contour,1.679,15.266,6.832,25.038,46.15,11,"{'other': 8, 'square': 1, 'rectangle': 2}"
1600,contour,1.461,14.643,6.387,23.546,46.05,9,"{'pentagon': 3, 'other': 5, 'rectangle': 1}"
1601,contour,1.224,14.009,5.692,21.904,46.15,10,"{'other': 6, 'pentagon': 3, 'rectangle': 1}"
1602,contour,1.48,16.267,7.17,25.78,45.96,11,"{'other': 7, 'pentagon': 3, 'rectangle': 1}"
1603,contour,1.383,15.643,7.563,25.709,45.85,13,"{'other': 9, 'pentagon': 3, 'rectangle': 1}"
1604,contour,1.501,14.279,7.102,23.886,45.67,13,"{'other': 9, 'pentagon': 2, 'rectangle': 2}"
1605,contour,1.468,12.976,6.443,21.843,45.78,13,"{'other': 8, 'pentagon': 3, 'rectangle': 2}"
1606,contour,1.105,14.29,6.798,23.115,45.74,12,"{'other': 7, 'pentagon': 3, 'rectangle': 2}"
1607,contour,1.735,14.227,7.139,24.118,45.55,13,"{'other': 8, 'pentagon': 3, 'rectangle': 2}"
1608,contour,1.339,14.12,6.665,23.048,45.62,10,"{'other': 6, 'pentagon': 3, 'rectangle': 1}"
1609,contour,1.623,14.686,6.485,23.714,45.56,11,"{'other': 8, 'pentagon': 2, 'rectangle': 1}"
1610,contour,1.561,15.073,6.484,24.176,45.29,10,"{'other': 6, 'pentagon': 3, 'rectangle': 1}"
1611,contour,1.242,15.745,6.717,24.638,44.95,8,"{'other': 7, 'pentagon': 1}"
1612,contour,1.439,14.17,5.829,22.343,44.75,9,"{'other': 7, 'pentagon': 1, 'rectangle': 1}"
1613,contour,1.505,15.247,6.242,23.962,44.51,10,"{'other': 8, 'pentagon': 1, 'rectangle': 1}"
1614,contour,1.117,13.734,5.608,21.301,44.34,9,"{'other': 7, 'square': 1, 'rectangle': 1}"
1615,contour,1.417,13.374,5.612,21.233,44.2,11,"{'other': 10, 'pentagon': 1}"
1616,contour,1.488,14.214,5.839,22.44,43.96,12,"{'other': 10, 'pentagon': 2}"
1617,contour,1.326,12.956,5.391,20.575,43.83,11,"{'other': 9, 'pentagon': 2}"
1618,contour,1.261,12.309,5.468,19.938,43.76,9,"{'other': 6, 'triangle': 1, 'pentagon': 2}"
1619,contour,1.54,13.867,7.114,23.541,43.51,10,"{'pentagon': 1, 'other': 8, 'square': 1}"
1620,contour,1.491,14.971,6.49,23.849,43.34,13,"{'pentagon': 4, 'other': 7, 'rectangle': 2}"
1621,contour,1.801,14.684,5.969,23.355,43.27,10,"{'pentagon': 3, 'triangle': 1, 'other': 6}"
1622,contour,1.514,13.853,5.882,22.175,43.23,12,"{'other': 8, 'pentagon': 2, 'triangle': 1, 'square': 1}"
1623,contour,1.595,13.303,5.762,21.616,43.09,13,"{'triangle': 1, 'other': 10, 'pentagon': 1, 'square': 1}"
1624,contour,1.335,13.278,5.615,21.238,43.05,12,"{'pentagon': 3, 'triangle': 2, 'other': 7}"
1625,contour,1.407,14.267,5.471,22.081,43.58,10,"{'other': 6, 'triangle': 1, 'square': 1, 'pentagon': 1, 'rectangle': 1}"
1626,contour,1.152,12.749,5.262,20.342,43.88,11,"{'pentagon': 1, 'rectangle': 2, 'other': 7, 'square': 1}"
1627,contour,1.788,12.977,5.465,21.18,43.92,9,"{'pentagon': 2, 'other': 4, 'square': 2, 'triangle': 1}"
1628,contour,1.212,13.442,6.167,21.778,43.89,14,"{'triangle': 3, 'other': 7, 'rectangle': 1, 'pentagon': 2, 'square': 1}"
1629,contour,1.515,13.195,5.838,21.473,44.12,13,"{'other': 9, 'pentagon': 3, 'rectangle': 1}"
1630,contour,1.495,13.815,5.892,22.172,44.21,12,"{'other': 8, 'square': 1, 'rectangle': 1, 'pentagon': 2}"
1631,contour,1.523,14.227,5.835,22.487,44.18,13,"{'other': 7, 'pentagon': 3, 'triangle': 2, 'square': 1}"
1632,contour,1.437,12.274,5.639,20.207,44.54,12,"{'other': 5, 'pentagon': 5, 'rectangle': 1, 'square': 1}"
1633,contour,1.292,13.567,5.847,21.535,44.82,13,"{'other': 7, 'pentagon': 3, 'triangle': 1, 'square': 1, 'rectangle': 1}"
1634,contour,1.325,12.087,5.827,20.108,45.07,13,"{'other': 10, 'triangle': 1, 'pentagon': 1, 'square': 1}"
1635,contour,1.34,11.914,5.496,19.572,45.23,12,"{'other': 10, 'rectangle': 2}"
1636,contour,1.372,11.863,5.707,20.085,45.44,14,"{'other': 10, 'pentagon': 2, 'rectangle': 2}"
1637,contour,1.499,13.031,5.819,21.194,45.64,13,"{'other': 9, 'pentagon': 2, 'rectangle': 2}"
1638,contour,1.497,12.962,5.77,21.26,45.76,12,"{'other': 10, 'pentagon': 1, 'rectangle': 1}"
1639,contour,1.44,12.304,5.92,20.669,45.98,11,"{'other': 10, 'pentagon': 1}"
1640,contour,1.354,12.102,5.678,19.99,46.27,10,"{'other': 7, 'pentagon': 2, 'rectangle': 1}"
1641,contour,1.358,13.6,5.965,22.085,46.46,11,"{'triangle': 1, 'other': 10}"
1642,contour,1.641,14.758,6.241,24.055,46.33,12,"{'triangle': 1, 'other': 9, 'pentagon': 2}"
1643,contour,1.3,13.897,6.33,22.748,46.42,16,"{'other': 9, 'triangle': 3, 'pentagon': 4}"
1644,contour,1.534,14.07,5.988,22.557,46.33,11,"{'triangle': 2, 'other': 8, 'pentagon': 1}"
1645,contour,1.616,13.296,6.111,22.077,46.27,10,"{'triangle': 1, 'other': 5, 'pentagon': 3, 'rectangle': 1}"
1646,contour,1.59,13.956,6.038,22.789,46.24,13,"{'triangle': 1, 'other': 9, 'pentagon': 2, 'rectangle': 1}"
1647,contour,1.358,12.96,6.2,21.423,46.18,11,"{'other': 8, 'rectangle': 1, 'triangle': 1, 'pentagon': 1}"
1648,contour,1.293,13.658,6.621,22.509,46.0,13,"{'other': 8, 'pentagon': 2, 'triangle': 2, 'rectangle': 1}"
1649,contour,1.345,13.477,6.147,21.921,46.12,12,"{'other': 9, 'triangle': 1, 'pentagon': 2}"
1650,contour,1.176,12.457,5.92,20.711,46.34,11,"{'other': 6, 'pentagon': 3, 'rectangle': 1, 'square': 1}"
1651,contour,1.467,15.389,6.94,24.758,46.24,14,"{'other': 10, 'pentagon': 3, 'triangle': 1}"
1652,contour,1.456,14.909,6.779,24.162,46.1,10,"{'other': 5, 'triangle': 2, 'pentagon': 2, 'rectangle': 1}"
1653,contour,1.415,16.321,8.565,27.385,45.69,11,"{'other': 8, 'triangle': 3}"
1654,contour,1.491,14.328,6.502,23.26,45.55,10,"{'other': 6, 'triangle': 2, 'square': 1, 'pentagon': 1}"
1655,contour,1.429,13.93,6.453,22.913,45.5,13,"{'other': 8, 'triangle': 2, 'pentagon': 2, 'rectangle': 1}"
1656,contour,1.394,13.597,6.098,21.975,45.38,11,"{'other': 6, 'pentagon': 2, 'triangle': 1, 'rectangle': 2}"
1657,contour,1.314,12.833,6.849,21.817,45.34,12,"{'other': 7, 'triangle': 3, 'rectangle': 2}"
1658,contour,1.675,12.44,6.169,21.124,45.38,13,"{'other': 8, 'triangle': 1, 'pentagon': 2, 'rectangle': 2}"
1659,contour,1.319,13.614,6.218,22.022,45.35,14,"{'other': 11, 'pentagon': 2, 'triangle': 1}"
1660,contour,1.392,12.738,6.316,21.64,45.38,16,"{'other': 10, 'pentagon': 4, 'triangle': 1, 'rectangle': 1}"
1661,contour,1.336,12.714,7.166,22.464,45.38,14,"{'other': 9, 'triangle': 2, 'pentagon': 2, 'rectangle': 1}"
1662,contour,1.772,12.202,6.205,21.42,45.3,13,"{'other': 9, 'pentagon': 1, 'rectangle': 1, 'triangle': 2}"
1663,contour,1.334,12.368,7.236,21.789,45.28,14,"{'other': 9, 'pentagon': 2, 'rectangle': 2, 'square': 1}"
1664,contour,1.366,12.912,6.485,21.567,45.18,16,"{'other': 13, 'pentagon': 1, 'rectangle': 1, 'triangle': 1}"
1665,contour,1.355,12.591,7.54,22.325,45.0,18,"{'other': 12, 'pentagon': 4, 'triangle': 2}"
1666,contour,1.442,13.66,6.904,22.905,44.81,17,"{'other': 10, 'rectangle': 1, 'pentagon': 5, 'triangle': 1}"
1667,contour,1.387,12.462,7.164,21.868,44.76,16,"{'other': 11, 'pentagon': 3, 'rectangle': 1, 'triangle': 1}"
1668,contour,1.812,15.239,7.908,25.783,44.46,20,"{'other': 12, 'rectangle': 4, 'pentagon': 3, 'triangle': 1}"
1669,contour,1.532,14.42,7.204,23.976,44.25,18,"{'other': 9, 'rectangle': 3, 'pentagon': 5, 'triangle': 1}"
1670,contour,1.663,13.142,6.886,22.48,44.08,15,"{'other': 12, 'rectangle': 2, 'pentagon': 1}"
1671,contour,1.401,14.724,6.658,23.561,43.99,14,"{'other': 8, 'pentagon': 2, 'rectangle': 3, 'triangle': 1}"
1672,contour,1.605,12.382,6.692,21.457,44.16,16,"{'other': 11, 'pentagon': 2, 'rectangle': 2, 'triangle': 1}"
1673,contour,1.435,11.917,6.324,20.679,44.29,16,"{'other': 8, 'pentagon': 6, 'rectangle': 1, 'triangle': 1}"
1674,contour,1.154,12.42,6.243,20.828,44.41,20,"{'other': 12, 'pentagon': 4, 'rectangle': 2, 'square': 1, 'triangle': 1}"
1675,contour,1.217,13.181,6.508,21.734,44.43,17,"{'other': 9, 'pentagon': 6, 'triangle': 1, 'rectangle': 1}"
1676,contour,1.592,12.561,7.317,22.528,44.45,17,"{'other': 12, 'pentagon': 2, 'rectangle': 3}"
1677,contour,1.503,12.548,6.275,21.393,44.45,16,"{'pentagon': 5, 'other': 7, 'rectangle': 2, 'triangle': 2}"
1678,contour,1.512,12.46,6.419,21.445,44.52,19,"{'other': 10, 'pentagon': 4, 'rectangle': 2, 'triangle': 3}"
1679,contour,1.408,12.6,6.246,21.024,44.58,19,"{'pentagon': 3, 'other': 10, 'triangle': 3, 'rectangle': 3}"
1680,contour,1.45,12.267,6.204,20.667,44.58,18,"{'other': 10, 'pentagon': 5, 'rectangle': 1, 'square': 1, 'triangle': 1}"
1681,contour,1.489,12.43,6.609,21.548,44.79,22,"{'other': 14, 'pentagon': 6, 'rectangle': 2}"
1682,contour,1.484,12.284,6.314,20.999,45.01,20,"{'other': 11, 'pentagon': 3, 'rectangle': 4, 'triangle': 2}"
1683,contour,1.118,11.876,6.339,20.304,45.49,20,"{'other': 11, 'pentagon': 4, 'rectangle': 4, 'triangle': 1}"
1684,contour,1.482,12.36,6.344,20.991,45.65,16,"{'other': 10, 'pentagon': 2, 'rectangle': 1, 'triangle': 2, 'square': 1}"
1685,contour,1.591,13.415,7.467,23.296,45.62,19,"{'other': 9, 'pentagon': 4, 'rectangle': 2, 'triangle': 3, 'square': 1}"
1686,contour,1.296,15.977,7.298,25.41,45.38,17,"{'other': 11, 'rectangle': 3, 'triangle': 1, 'pentagon': 1, 'square': 1}"
1687,contour,1.893,15.623,7.683,26.256,45.08,17,"{'other': 9, 'pentagon': 3, 'rectangle': 2, 'square': 1, 'triangle': 2}"
1688,contour,1.551,13.088,6.573,22.098,45.01,19,"{'other': 12, 'pentagon': 2, 'rectangle': 2, 'square': 2, 'triangle': 1}"
1689,contour,1.449,14.315,6.541,23.098,44.94,17,"{'other': 10, 'pentagon': 2, 'rectangle': 3, 'square': 1, 'triangle': 1}"
1690,contour,1.387,15.172,7.019,24.617,44.74,16,"{'other': 8, 'triangle': 3, 'rectangle': 4, 'pentagon': 1}"
1691,contour,1.465,13.813,6.795,22.812,44.72,15,"{'other': 6, 'triangle': 3, 'rectangle': 2, 'pentagon': 2, 'square': 2}"
1692,contour,1.454,12.324,6.125,20.857,44.76,16,"{'other': 8, 'pentagon': 4, 'rectangle': 4}"
1693,contour,1.479,12.569,6.703,21.487,44.78,18,"{'other': 11, 'pentagon': 2, 'rectangle': 2, 'triangle': 3}"
1694,contour,1.645,12.846,6.41,21.615,44.77,18,"{'other': 9, 'pentagon': 4, 'rectangle': 4, 'triangle': 1}"
1695,contour,1.4,12.145,6.824,21.102,44.86,21,"{'other': 13, 'pentagon': 3, 'rectangle': 3, 'triangle': 2}"
1696,contour,1.679,13.009,6.733,22.238,44.9,16,"{'other': 9, 'pentagon': 2, 'rectangle': 4, 'triangle': 1}"
1697,contour,1.443,12.666,6.59,21.46,44.93,19,"{'other': 12, 'rectangle': 4, 'pentagon': 2, 'square': 1}"
1698,contour,1.463,13.115,6.656,21.966,45.19,19,"{'other': 14, 'rectangle': 4, 'pentagon': 1}"
1699,contour,1.382,13.428,6.125,21.682,45.34,18,"{'other': 13, 'pentagon': 2, 'rectangle': 2, 'triangle': 1}"
1700,contour,1.375,12.519,5.929,20.545,45.48,13,"{'other': 6, 'pentagon': 4, 'triangle': 1, 'rectangle': 2}"
1701,contour,1.42,12.776,6.771,21.704,45.6,13,"{'other': 8, 'pentagon': 1, 'rectangle': 3, 'triangle': 1}"
1702,contour,1.369,12.135,5.943,20.231,45.69,17,"{'other': 14, 'rectangle': 3}"
1703,contour,1.301,12.182,5.982,20.179,45.72,16,"{'other': 12, 'rectangle': 3, 'triangle': 1}"
1704,contour,1.425,12.133,6.031,20.645,45.74,15,"{'other': 10, 'rectangle': 3, 'triangle': 2}"
1705,contour,1.402,12.253,6.082,20.487,45.82,17,"{'other': 12, 'rectangle': 3, 'triangle': 2}"
1706,contour,1.313,12.026,6.141,20.197,45.99,17,"{'other': 11, 'rectangle': 3, 'square': 1, 'triangle': 2}"
1707,contour,1.176,12.977,5.826,20.751,46.03,16,"{'other': 11, 'rectangle': 3, 'square': 1, 'triangle': 1}"
1708,contour,1.255,12.317,7.059,21.415,46.03,14,"{'other': 7, 'pentagon': 2, 'rectangle': 4, 'triangle': 1}"
1709,contour,1.333,12.784,5.905,20.818,46.05,16,"{'other': 11, 'pentagon': 1, 'rectangle': 2, 'triangle': 2}"
1710,contour,1.381,12.184,6.334,20.656,46.05,15,"{'other': 9, 'rectangle': 4, 'triangle': 1, 'pentagon': 1}"
1711,contour,1.287,13.031,7.289,22.381,45.99,14,"{'other': 7, 'pentagon': 2, 'rectangle': 3, 'triangle': 2}"
1712,contour,1.378,12.822,5.87,20.835,46.0,14,"{'other': 11, 'rectangle': 2, 'triangle': 1}"
1713,contour,1.376,12.454,5.845,20.498,45.99,13,"{'other': 7, 'triangle': 2, 'rectangle': 3, 'pentagon': 1}"
1714,contour,1.434,12.026,6.227,20.428,46.03,14,"{'other': 10, 'rectangle': 1, 'triangle': 1, 'pentagon': 2}"
1715,contour,1.326,13.296,5.803,21.41,46.16,14,"{'other': 7, 'rectangle': 4, 'pentagon': 2, 'triangle': 1}"
1716,contour,1.592,13.11,5.823,21.285,46.46,15,"{'other': 9, 'rectangle': 4, 'square': 1, 'triangle': 1}"
1717,contour,1.327,12.949,5.904,20.965,46.84,14,"{'other': 9, 'rectangle': 3, 'pentagon': 2}"
1718,contour,1.142,13.602,6.014,21.541,46.88,17,"{'other': 12, 'triangle': 1, 'rectangle': 2, 'pentagon': 2}"
1719,contour,1.332,12.505,6.013,20.682,47.06,16,"{'other': 11, 'rectangle': 3, 'triangle': 1, 'square': 1}"
1720,contour,1.394,13.607,5.865,21.813,47.27,14,"{'other': 9, 'rectangle': 3, 'pentagon': 1, 'triangle': 1}"
1721,contour,1.335,12.614,7.026,21.753,47.35,16,"{'other': 9, 'rectangle': 5, 'triangle': 1, 'pentagon': 1}"
1722,contour,1.573,13.198,6.167,22.058,47.26,16,"{'other': 9, 'rectangle': 4, 'pentagon': 1, 'triangle': 2}"
1723,contour,1.375,13.017,6.313,21.499,47.26,18,"{'other': 13, 'rectangle': 5}"
1724,contour,1.417,12.239,5.968,20.502,47.34,13,"{'other': 10, 'rectangle': 3}"
1725,contour,1.325,12.59,6.096,20.774,47.36,18,"{'other': 12, 'pentagon': 4, 'rectangle': 2}"
1726,contour,1.35,11.741,6.336,20.25,47.51,19,"{'other': 11, 'pentagon': 4, 'triangle': 2, 'rectangle': 2}"
1727,contour,1.362,12.788,6.22,21.145,47.54,17,"{'other': 10, 'pentagon': 4, 'rectangle': 3}"
1728,contour,1.32,11.665,6.066,19.871,47.69,17,"{'pentagon': 4, 'other': 9, 'rectangle': 3, 'triangle': 1}"
1729,contour,1.987,12.404,6.727,21.998,47.67,19,"{'other': 12, 'rectangle': 4, 'triangle': 1, 'pentagon': 1, 'square': 1}"
1730,contour,1.391,14.374,6.747,23.502,47.45,16,"{'other': 7, 'rectangle': 6, 'pentagon': 2, 'triangle': 1}"
1731,contour,1.485,13.146,7.045,22.53,47.39,19,"{'other': 10, 'rectangle': 5, 'pentagon': 3, 'triangle': 1}"
1732,contour,1.309,12.848,6.283,21.216,47.31,18,"{'other': 12, 'rectangle': 2, 'pentagon': 1, 'triangle': 1, 'square': 2}"
1733,contour,1.019,11.794,6.127,20.025,47.32,19,"{'other': 13, 'triangle': 1, 'pentagon': 3, 'rectangle': 1, 'square': 1}"
1734,contour,1.423,12.432,6.16,20.819,47.31,18,"{'other': 8, 'triangle': 2, 'pentagon': 6, 'rectangle': 2}"
1735,contour,1.229,11.746,6.113,19.848,47.36,19,"{'other': 9, 'triangle': 3, 'pentagon': 4, 'rectangle': 3}"
1736,contour,1.385,11.622,5.871,19.671,47.4,15,"{'pentagon': 2, 'other': 10, 'rectangle': 1, 'triangle': 1, 'square': 1}"
1737,contour,1.404,12.211,5.728,20.27,47.43,13,"{'other': 7, 'triangle': 2, 'rectangle': 2, 'square': 2}"
1738,contour,1.27,11.902,5.948,19.903,47.55,16,"{'pentagon': 5, 'other': 9, 'rectangle': 1, 'triangle': 1}"
1739,contour,1.36,12.385,5.893,20.461,47.57,16,"{'other': 8, 'rectangle': 3, 'pentagon': 3, 'triangle': 1, 'square': 1}"
1740,contour,1.254,13.739,6.49,22.374,47.45,15,"{'other': 9, 'triangle': 2, 'pentagon': 2, 'rectangle': 2}"
1741,contour,1.299,13.764,7.014,23.092,47.39,18,"{'other': 12, 'triangle': 1, 'rectangle': 3, 'pentagon': 2}"
1742,contour,1.23,14.387,6.619,23.168,47.22,18,"{'other': 13, 'pentagon': 3, 'triangle': 1, 'rectangle': 1}"
1743,contour,1.378,14.884,7.058,24.395,46.93,20,"{'other': 15, 'rectangle': 2, 'pentagon': 2, 'triangle': 1}"
1744,contour,1.327,13.409,6.278,21.848,46.83,19,"{'other': 12, 'rectangle': 3, 'triangle': 2, 'pentagon': 2}"
1745,contour,1.471,12.891,7.269,22.433,46.75,15,"{'other': 10, 'rectangle': 3, 'triangle': 1, 'pentagon': 1}"
1746,contour,1.145,12.348,6.181,20.745,46.79,16,"{'rectangle': 4, 'other': 8, 'triangle': 1, 'pentagon': 3}"
1747,contour,1.436,12.4,6.619,21.33,46.76,21,"{'other': 13, 'rectangle': 3, 'triangle': 2, 'pentagon': 3}"
1748,contour,1.464,12.059,6.752,21.53,46.76,24,"{'other': 13, 'triangle': 3, 'rectangle': 3, 'pentagon': 5}"
1749,contour,1.423,11.986,6.656,20.875,46.75,24,"{'other': 14, 'rectangle': 8, 'triangle': 1, 'pentagon': 1}"
1750,contour,1.336,11.71,7.098,21.092,46.8,25,"{'pentagon': 5, 'other': 15, 'rectangle': 3, 'triangle': 2}"
1751,contour,1.256,12.106,6.51,20.68,46.88,24,"{'other': 16, 'rectangle': 2, 'triangle': 2, 'pentagon': 4}"
1752,contour,1.491,11.415,6.381,20.333,47.01,25,"{'pentagon': 4, 'other': 18, 'rectangle': 2, 'triangle': 1}"
1753,contour,1.179,11.83,6.51,20.564,47.08,22,"{'other': 13, 'rectangle': 3, 'triangle': 1, 'pentagon': 5}"
1754,contour,1.555,11.497,6.383,20.345,47.09,20,"{'other': 10, 'rectangle': 5, 'triangle': 2, 'pentagon': 3}"
1755,contour,1.379,11.428,6.529,20.096,47.14,17,"{'other': 8, 'rectangle': 4, 'triangle': 1, 'pentagon': 4}"
1756,contour,1.577,11.889,6.426,20.954,47.09,22,"{'other': 14, 'rectangle': 3, 'triangle': 2, 'pentagon': 3}"
1757,contour,1.413,11.483,5.938,19.846,47.18,15,"{'other': 11, 'triangle': 2, 'pentagon': 2}"
1758,contour,1.374,11.487,6.205,20.068,47.17,22,"{'other': 16, 'triangle': 3, 'rectangle': 3}"
1759,contour,1.624,11.708,6.207,20.57,47.28,18,"{'other': 13, 'rectangle': 2, 'pentagon': 2, 'triangle': 1}"
1760,contour,1.192,13.01,6.691,21.658,47.41,17,"{'other': 11, 'rectangle': 5, 'square': 1}"
1761,contour,1.305,12.511,6.063,20.713,47.55,15,"{'other': 10, 'triangle': 1, 'rectangle': 1, 'pentagon': 3}"
1762,contour,1.177,11.645,6.298,20.165,47.63,16,"{'other': 9, 'pentagon': 4, 'rectangle': 3}"
1763,contour,1.389,11.853,6.521,20.637,47.58,20,"{'other': 10, 'pentagon': 4, 'triangle': 2, 'rectangle': 3, 'square': 1}"
1764,contour,1.268,12.06,6.227,20.658,47.59,17,"{'other': 12, 'rectangle': 3, 'pentagon': 2}"
1765,contour,1.297,11.734,6.573,20.479,47.55,22,"{'triangle': 4, 'other': 13, 'pentagon': 5}"
1766,contour,1.318,11.631,6.269,20.0,47.52,18,"{'other': 13, 'triangle': 1, 'pentagon': 3, 'rectangle': 1}"
1767,contour,1.18,11.409,6.35,19.743,47.56,19,"{'square': 1, 'rectangle': 2, 'other': 13, 'triangle': 2, 'pentagon': 1}"
1768,contour,1.284,11.349,6.463,20.021,47.55,22,"{'triangle': 2, 'other': 12, 'pentagon': 3, 'rectangle': 3, 'square': 2}"
1769,contour,1.298,11.999,6.687,21.032,47.51,23,"{'triangle': 2, 'rectangle': 4, 'other': 8, 'pentagon': 7, 'square': 2}"
1770,contour,1.256,12.179,6.957,21.155,47.6,21,"{'triangle': 3, 'rectangle': 6, 'other': 8, 'pentagon': 3, 'square': 1}"
1771,contour,1.453,11.652,6.677,20.546,47.8,23,"{'triangle': 2, 'other': 12, 'rectangle': 4, 'pentagon': 3, 'square': 2}"
1772,contour,1.43,11.903,6.164,20.276,48.02,18,"{'rectangle': 6, 'triangle': 3, 'other': 5, 'pentagon': 3, 'square': 1}"
1773,contour,1.419,12.798,6.163,21.159,48.27,17,"{'other': 7, 'pentagon': 6, 'rectangle': 4}"
1774,contour,1.553,12.016,5.723,20.126,48.4,13,"{'other': 4, 'triangle': 2, 'rectangle': 4, 'square': 1, 'pentagon': 2}"
1775,contour,1.335,12.254,6.32,21.028,48.51,13,"{'triangle': 3, 'other': 6, 'rectangle': 2, 'pentagon': 2}"
1776,contour,1.189,13.618,6.049,21.84,48.42,14,"{'other': 6, 'triangle': 3, 'rectangle': 2, 'pentagon': 2, 'square': 1}"
1777,contour,1.509,12.627,6.197,21.662,48.4,14,"{'other': 8, 'pentagon': 3, 'rectangle': 1, 'triangle': 2}"
1778,contour,1.534,13.068,7.1,22.538,48.32,18,"{'other': 11, 'triangle': 1, 'rectangle': 3, 'pentagon': 3}"
1779,contour,1.413,17.174,7.782,27.596,47.8,15,"{'other': 10, 'triangle': 1, 'rectangle': 4}"
1780,contour,1.611,16.532,7.068,26.432,47.4,16,"{'other': 9, 'triangle': 1, 'rectangle': 4, 'pentagon': 2}"
1781,contour,1.408,15.694,6.6,24.632,47.11,17,"{'other': 12, 'rectangle': 1, 'pentagon': 4}"
1782,contour,1.387,11.844,7.333,21.778,47.0,12,"{'other': 8, 'triangle': 1, 'pentagon': 3}"
1783,contour,1.483,13.806,6.297,22.455,46.86,13,"{'other': 9, 'triangle': 1, 'rectangle': 2, 'pentagon': 1}"
1784,contour,1.441,12.905,6.44,22.027,46.74,12,"{'other': 8, 'triangle': 1, 'pentagon': 2, 'rectangle': 1}"
1785,contour,1.463,13.024,6.571,21.95,46.6,11,"{'other': 8, 'rectangle': 1, 'pentagon': 2}"
1786,contour,1.674,15.138,7.099,25.089,46.31,13,"{'other': 9, 'rectangle': 3, 'pentagon': 1}"
1787,contour,1.491,15.212,7.909,25.61,45.9,16,"{'other': 11, 'rectangle': 2, 'pentagon': 3}"
1788,contour,1.394,16.578,7.289,26.262,45.47,19,"{'other': 14, 'rectangle': 1, 'pentagon': 4}"
1789,contour,1.471,17.244,7.374,27.036,45.02,15,"{'other': 10, 'pentagon': 2, 'triangle': 2, 'rectangle': 1}"
1790,contour,1.566,14.901,7.475,24.967,44.8,15,"{'other': 11, 'pentagon': 2, 'triangle': 1, 'square': 1}"
1791,contour,1.508,14.869,7.64,25.468,44.49,15,"{'other': 8, 'rectangle': 2, 'pentagon': 5}"
1792,contour,1.342,13.36,7.339,23.278,44.28,13,"{'other': 10, 'rectangle': 1, 'triangle': 2}"
1793,contour,1.624,13.684,7.814,24.193,44.05,14,"{'other': 11, 'triangle': 1, 'pentagon': 2}"
1794,contour,1.43,13.416,7.039,23.052,43.9,12,"{'other': 10, 'triangle': 1, 'pentagon': 1}"
1795,contour,1.642,12.843,6.894,22.519,43.77,12,"{'other': 9, 'triangle': 1, 'pentagon': 1, 'rectangle': 1}"
1796,contour,1.495,12.004,6.623,21.272,43.68,12,"{'other': 9, 'triangle': 1, 'pentagon': 2}"
1797,contour,1.533,12.476,6.704,21.533,43.57,11,"{'other': 9, 'triangle': 1, 'pentagon': 1}"
1798,contour,1.314,13.119,6.549,21.93,43.45,11,"{'other': 8, 'triangle': 1, 'rectangle': 1, 'pentagon': 1}"
1799,contour,1.353,13.487,6.552,22.273,43.37,10,"{'other': 7, 'rectangle': 2, 'pentagon': 1}"
1800,contour,1.462,12.705,6.842,21.807,43.33,14,"{'other': 7, 'pentagon': 6, 'triangle': 1}"
1801,contour,1.389,12.988,6.304,21.543,43.27,9,"{'pentagon': 3, 'triangle': 1, 'other': 4, 'rectangle': 1}"
1802,contour,1.368,12.619,6.134,20.915,43.23,8,"{'other': 4, 'triangle': 2, 'rectangle': 2}"
1803,contour,1.409,13.433,6.121,21.777,43.19,13,"{'other': 9, 'rectangle': 2, 'pentagon': 1, 'triangle': 1}"
1804,contour,1.499,13.33,6.295,22.263,43.06,13,"{'other': 7, 'triangle': 1, 'pentagon': 4, 'rectangle': 1}"
1805,contour,1.424,13.086,6.704,22.108,42.99,12,"{'other': 6, 'rectangle': 1, 'pentagon': 4, 'triangle': 1}"
1806,contour,1.408,14.117,6.729,23.426,42.89,14,"{'other': 5, 'rectangle': 2, 'triangle': 2, 'pentagon': 5}"
1807,contour,1.567,12.791,6.185,21.431,42.91,14,"{'other': 7, 'triangle': 2, 'pentagon': 3, 'rectangle': 2}"
1808,contour,1.371,12.52,6.151,21.202,42.99,13,"{'rectangle': 3, 'triangle': 1, 'other': 7, 'pentagon': 2}"
1809,contour,1.434,12.473,6.093,20.869,43.41,10,"{'rectangle': 1, 'triangle': 1, 'other': 8}"
1810,contour,1.214,13.139,6.301,21.935,43.69,15,"{'rectangle': 3, 'triangle': 2, 'other': 9, 'pentagon': 1}"
1811,contour,1.378,12.568,7.013,21.937,43.87,14,"{'rectangle': 4, 'triangle': 1, 'other': 6, 'pentagon': 3}"
1812,contour,1.54,14.309,6.078,22.737,43.8,13,"{'rectangle': 3, 'other': 6, 'pentagon': 2, 'triangle': 2}"
1813,contour,1.539,13.873,6.63,22.893,43.78,16,"{'rectangle': 2, 'other': 9, 'triangle': 2, 'pentagon': 3}"
1814,contour,1.475,15.274,7.119,24.775,43.6,16,"{'other': 11, 'pentagon': 4, 'rectangle': 1}"
1815,contour,1.47,16.072,6.73,25.188,43.4,16,"{'triangle': 2, 'rectangle': 1, 'other': 11, 'pentagon': 2}"
1816,contour,1.427,14.703,7.39,24.415,43.44,15,"{'other': 10, 'rectangle': 2, 'pentagon': 2, 'triangle': 1}"
1817,contour,1.427,13.551,6.823,22.935,43.61,16,"{'other': 9, 'rectangle': 2, 'pentagon': 4, 'triangle': 1}"
1818,contour,1.537,16.208,6.566,25.19,43.68,15,"{'other': 10, 'rectangle': 2, 'pentagon': 2, 'triangle': 1}"
1819,contour,1.401,14.593,6.603,23.524,43.9,15,"{'rectangle': 3, 'other': 10, 'triangle': 1, 'pentagon': 1}"
1820,contour,1.51,12.556,6.298,21.558,44.12,12,"{'other': 9, 'rectangle': 1, 'triangle': 1, 'pentagon': 1}"
1821,contour,1.297,13.742,6.652,22.55,44.31,14,"{'other': 10, 'pentagon': 2, 'rectangle': 1, 'triangle': 1}"
1822,contour,1.436,13.396,6.662,22.347,44.37,12,"{'other': 9, 'rectangle': 3}"
1823,contour,1.602,15.935,7.776,26.188,44.24,12,"{'rectangle': 3, 'other': 8, 'square': 1}"
1824,contour,1.246,15.961,6.52,25.127,44.11,12,"{'rectangle': 3, 'other': 8, 'pentagon': 1}"
1825,contour,1.588,15.824,6.822,25.165,43.94,12,"{'other': 8, 'rectangle': 3, 'square': 1}"
1826,contour,1.758,14.685,6.5,24.273,43.74,10,"{'other': 8, 'rectangle': 2}"
1827,contour,1.408,14.925,6.237,23.505,43.62,12,"{'other': 9, 'pentagon': 2, 'rectangle': 1}"
1828,contour,1.588,13.449,6.061,22.278,43.6,15,"{'other': 10, 'rectangle': 2, 'pentagon': 2, 'triangle': 1}"
1829,contour,1.191,14.243,6.123,22.747,43.57,12,"{'other': 9, 'rectangle': 2, 'triangle': 1}"
1830,contour,1.472,13.028,6.227,21.942,43.56,11,"{'other': 5, 'rectangle': 2, 'pentagon': 4}"
1831,contour,1.391,12.792,6.121,21.22,43.58,10,"{'other': 8, 'rectangle': 2}"
1832,contour,1.547,14.349,6.176,23.467,43.42,10,"{'other': 7, 'triangle': 1, 'rectangle': 1, 'pentagon': 1}"
1833,contour,1.519,13.25,6.227,21.939,43.41,14,"{'other': 11, 'pentagon': 1, 'rectangle': 2}"
1834,contour,1.312,13.335,6.957,22.791,43.37,14,"{'other': 10, 'rectangle': 1, 'pentagon': 3}"
1835,contour,1.523,12.865,6.433,21.672,43.4,12,"{'other': 8, 'pentagon': 4}"
1836,contour,1.474,12.248,5.756,20.72,43.57,10,"{'other': 6, 'pentagon': 3, 'triangle': 1}"
1837,contour,1.46,12.619,6.715,22.222,43.52,14,"{'other': 10, 'pentagon': 2, 'rectangle': 2}"
1838,contour,1.487,12.639,5.75,20.743,43.55,11,"{'other': 7, 'triangle': 2, 'rectangle': 1, 'square': 1}"
1839,contour,1.455,12.379,5.982,20.948,43.55,11,"{'other': 7, 'triangle': 2, 'rectangle': 2}"
1840,contour,1.412,12.761,6.325,21.42,43.58,13,"{'triangle': 4, 'other': 4, 'pentagon': 5}"
1841,contour,1.624,12.58,6.345,21.796,43.59,15,"{'other': 11, 'pentagon': 3, 'triangle': 1}"
1842,contour,1.528,13.666,6.52,22.584,43.6,14,"{'other': 11, 'rectangle': 2, 'pentagon': 1}"
1843,contour,1.598,13.078,6.214,22.088,43.65,11,"{'other': 6, 'triangle': 4, 'pentagon': 1}"
1844,contour,1.584,14.122,6.873,23.474,43.73,13,"{'other': 10, 'triangle': 1, 'rectangle': 2}"
1845,contour,1.578,16.149,7.623,26.262,43.66,13,"{'other': 9, 'triangle': 2, 'pentagon': 2}"
1846,contour,1.204,13.535,7.066,22.963,43.75,13,"{'other': 7, 'pentagon': 3, 'rectangle': 3}"
1847,contour,1.495,14.264,6.808,23.459,43.72,15,"{'other': 8, 'triangle': 2, 'square': 1, 'pentagon': 1, 'rectangle': 3}"
1848,contour,1.401,13.563,6.609,22.967,43.86,17,"{'other': 9, 'pentagon': 4, 'rectangle': 3, 'triangle': 1}"
1849,contour,1.575,12.488,6.323,21.213,44.01,15,"{'rectangle': 3, 'other': 8, 'pentagon': 2, 'triangle': 2}"
1850,contour,1.473,12.939,6.557,21.848,43.99,17,"{'other': 9, 'pentagon': 3, 'triangle': 3, 'rectangle': 2}"
1851,contour,1.467,13.282,7.045,23.009,43.96,16,"{'pentagon': 5, 'other': 8, 'triangle': 2, 'rectangle': 1}"
1852,contour,1.442,12.495,7.026,22.069,43.98,19,"{'triangle': 2, 'rectangle': 4, 'pentagon': 3, 'other': 10}"
1853,contour,1.57,12.253,6.994,21.744,44.27,20,"{'triangle': 4, 'rectangle': 4, 'other': 10, 'pentagon': 2}"
1854,contour,1.29,13.364,6.77,22.473,44.44,14,"{'triangle': 4, 'other': 7, 'pentagon': 1, 'rectangle': 2}"
1855,contour,1.552,13.87,7.093,23.682,44.54,17,"{'triangle': 5, 'other': 7, 'pentagon': 3, 'rectangle': 1, 'square': 1}"
1856,contour,1.368,13.736,7.382,23.505,44.59,21,"{'rectangle': 5, 'other': 10, 'triangle': 5, 'pentagon': 1}"
1857,contour,1.424,14.783,7.793,24.981,44.5,20,"{'rectangle': 5, 'other': 7, 'triangle': 4, 'pentagon': 3, 'square': 1}"
1858,contour,1.386,12.85,7.698,22.757,44.46,21,"{'other': 13, 'pentagon': 2, 'triangle': 3, 'rectangle': 2, 'square': 1}"
1859,contour,1.201,12.969,7.033,22.297,44.49,20,"{'pentagon': 2, 'other': 11, 'rectangle': 3, 'triangle': 4}"
1860,contour,1.545,11.893,7.51,21.853,44.5,19,"{'rectangle': 3, 'pentagon': 3, 'other': 9, 'triangle': 4}"
1861,contour,1.293,12.663,7.447,22.358,44.42,19,"{'pentagon': 1, 'rectangle': 3, 'other': 11, 'triangle': 3, 'square': 1}"
1862,contour,1.39,14.226,8.009,24.812,44.34,27,"{'triangle': 1, 'other': 24, 'circle': 1, 'pentagon': 1}"
1863,contour,1.367,12.341,7.699,22.494,44.3,26,"{'triangle': 1, 'other': 23, 'circle': 1, 'pentagon': 1}"
1864,contour,1.549,13.307,8.249,23.931,44.23,28,"{'rectangle': 1, 'other': 24, 'pentagon': 2, 'circle': 1}"
1865,contour,1.586,12.906,7.545,22.944,44.14,26,"{'triangle': 1, 'other': 23, 'circle': 1, 'pentagon': 1}"
1866,contour,1.29,12.387,7.65,22.526,44.03,26,"{'triangle': 1, 'other': 22, 'circle': 2, 'pentagon': 1}"
1867,contour,1.516,12.113,8.697,23.247,43.96,25,"{'triangle': 1, 'other': 20, 'circle': 2, 'pentagon': 2}"
1868,contour,1.438,12.113,7.61,21.96,43.88,28,"{'other': 23, 'pentagon': 3, 'circle': 2}"
1869,contour,1.211,11.61,7.5,21.291,43.86,26,"{'triangle': 1, 'other': 21, 'circle': 2, 'pentagon': 2}"
1870,contour,1.399,12.456,7.796,22.557,43.79,26,"{'other': 20, 'circle': 2, 'pentagon': 3, 'rectangle': 1}"
1871,contour,1.443,13.951,8.98,25.412,43.56,27,"{'other': 21, 'circle': 2, 'pentagon': 3, 'rectangle': 1}"
1872,contour,1.571,13.275,9.688,25.406,43.38,29,"{'other': 22, 'circle': 2, 'rectangle': 1, 'pentagon': 4}"
1873,contour,2.166,20.168,12.457,37.007,42.46,26,"{'other': 22, 'rectangle': 1, 'circle': 2, 'pentagon': 1}"
1874,contour,1.75,19.496,10.142,32.874,41.91,29,"{'other': 23, 'circle': 2, 'pentagon': 4}"
1875,contour,1.587,14.864,8.795,26.122,41.91,28,"{'other': 23, 'circle': 2, 'pentagon': 3}"
1876,contour,1.246,14.224,8.724,25.364,41.77,27,"{'other': 22, 'circle': 2, 'pentagon': 2, 'rectangle': 1}"
1877,contour,1.348,14.092,8.189,24.735,41.7,29,"{'other': 22, 'circle': 2, 'pentagon': 3, 'rectangle': 2}"
1878,contour,1.439,14.479,8.913,25.73,41.54,30,"{'other': 24, 'circle': 2, 'pentagon': 2, 'rectangle': 2}"
1879,contour,1.459,13.754,7.76,23.82,41.39,29,"{'other': 24, 'circle': 2, 'rectangle': 1, 'pentagon': 2}"
1880,contour,1.734,12.59,7.782,23.03,41.32,26,"{'other': 22, 'circle': 2, 'rectangle': 1, 'pentagon': 1}"
1881,contour,1.53,12.645,7.687,23.051,41.32,26,"{'other': 21, 'circle': 2, 'rectangle': 3}"
1882,contour,1.4,13.122,7.524,23.072,41.26,27,"{'other': 20, 'rectangle': 4, 'circle': 2, 'pentagon': 1}"
1883,contour,1.338,12.281,7.485,22.29,41.23,27,"{'other': 21, 'circle': 2, 'rectangle': 3, 'pentagon': 1}"
1884,contour,1.447,12.074,7.5,21.939,41.26,26,"{'other': 20, 'circle': 2, 'rectangle': 2, 'pentagon': 2}"
1885,contour,1.883,12.092,7.348,22.32,41.34,26,"{'other': 20, 'circle': 2, 'pentagon': 3, 'rectangle': 1}"
1886,contour,1.461,12.247,7.269,21.933,41.43,27,"{'other': 23, 'circle': 2, 'rectangle': 1, 'pentagon': 1}"
1887,contour,1.842,11.879,7.138,21.679,41.62,26,"{'other': 20, 'circle': 2, 'rectangle': 1, 'pentagon': 3}"
1888,contour,1.377,12.031,7.317,21.823,41.67,28,"{'other': 21, 'circle': 2, 'pentagon': 3, 'rectangle': 2}"
1889,contour,1.267,12.292,7.005,21.763,41.7,27,"{'other': 21, 'circle': 2, 'rectangle': 3, 'pentagon': 1}"
1890,contour,1.658,12.079,7.222,21.75,41.71,29,"{'other': 23, 'rectangle': 2, 'circle': 2, 'triangle': 1, 'pentagon': 1}"
1891,contour,1.258,11.18,6.854,20.419,41.82,26,"{'other': 20, 'circle': 2, 'rectangle': 2, 'pentagon': 2}"
1892,contour,1.102,11.589,7.062,20.917,42.05,28,"{'other': 22, 'circle': 2, 'rectangle': 2, 'pentagon': 1, 'triangle': 1}"
1893,contour,1.341,11.906,7.512,21.747,42.1,29,"{'other': 22, 'circle': 2, 'rectangle': 3, 'pentagon': 1, 'triangle': 1}"
1894,contour,1.518,13.574,8.653,24.613,42.06,28,"{'other': 21, 'circle': 2, 'rectangle': 3, 'pentagon': 1, 'triangle': 1}"
1895,contour,1.338,13.173,7.401,22.936,42.06,28,"{'other': 21, 'circle': 2, 'pentagon': 2, 'rectangle': 2, 'triangle': 1}"
1896,contour,1.453,12.61,7.316,22.204,42.08,30,"{'other': 24, 'circle': 2, 'rectangle': 3, 'triangle': 1}"
1897,contour,1.44,12.055,7.137,21.49,42.18,28,"{'other': 19, 'circle': 2, 'rectangle': 4, 'pentagon': 2, 'triangle': 1}"
1898,contour,1.616,11.183,6.997,20.569,42.26,28,"{'other': 22, 'circle': 2, 'rectangle': 2, 'triangle': 2}"
1899,contour,1.498,12.06,7.064,21.556,42.25,28,"{'other': 22, 'circle': 2, 'rectangle': 3, 'triangle': 1}"
1900,contour,1.248,12.875,7.143,22.377,42.26,29,"{'other': 23, 'circle': 2, 'rectangle': 3, 'triangle': 1}"
1901,contour,1.77,12.892,7.465,23.144,42.39,28,"{'other': 23, 'pentagon': 2, 'circle': 2, 'rectangle': 1}"
1902,contour,1.42,12.398,7.584,22.797,42.55,29,"{'other': 23, 'circle': 2, 'rectangle': 2, 'pentagon': 2}"
1903,contour,1.516,15.23,7.851,25.585,43.25,29,"{'other': 22, 'circle': 2, 'pentagon': 3, 'rectangle': 1, 'square': 1}"
1904,contour,1.309,13.462,7.847,23.507,43.84,29,"{'other': 23, 'triangle': 1, 'circle': 2, 'rectangle': 1, 'pentagon': 2}"
1905,contour,1.236,12.908,8.164,23.607,44.0,28,"{'other': 24, 'circle': 2, 'rectangle': 1, 'pentagon': 1}"
1906,contour,1.684,13.37,7.431,23.446,44.13,28,"{'other': 22, 'rectangle': 3, 'circle': 2, 'pentagon': 1}"
1907,contour,1.469,13.559,7.405,23.763,44.19,30,"{'other': 23, 'circle': 2, 'rectangle': 2, 'pentagon': 3}"
1908,contour,1.374,14.249,7.561,24.137,44.29,28,"{'other': 22, 'circle': 2, 'rectangle': 2, 'pentagon': 2}"
1909,contour,1.523,12.581,7.572,22.925,44.35,28,"{'other': 22, 'circle': 2, 'rectangle': 2, 'pentagon': 2}"
1910,contour,1.579,12.94,9.698,25.174,44.21,27,"{'other': 21, 'circle': 2, 'pentagon': 3, 'rectangle': 1}"
1911,contour,1.542,13.878,8.424,24.729,44.1,30,"{'other': 23, 'circle': 2, 'rectangle': 2, 'pentagon': 3}"
1912,contour,1.445,12.181,7.844,22.72,44.13,31,"{'other': 25, 'circle': 2, 'pentagon': 2, 'rectangle': 2}"
1913,contour,1.216,12.864,7.196,22.515,44.11,28,"{'other': 22, 'circle': 2, 'rectangle': 2, 'pentagon': 2}"
1914,contour,1.379,12.38,7.261,21.927,44.11,30,"{'other': 23, 'circle': 2, 'rectangle': 4, 'pentagon': 1}"
1915,contour,1.401,12.99,7.571,22.83,44.08,27,"{'other': 21, 'circle': 2, 'rectangle': 2, 'pentagon': 2}"
1916,contour,1.321,13.953,7.513,23.735,43.96,30,"{'other': 22, 'circle': 2, 'rectangle': 4, 'pentagon': 2}"
1917,contour,1.45,12.752,7.643,22.692,43.9,28,"{'other': 23, 'circle': 2, 'rectangle': 2, 'pentagon': 1}"
1918,contour,1.515,12.602,7.18,22.135,43.88,26,"{'other': 19, 'circle': 2, 'rectangle': 2, 'pentagon': 3}"
1919,contour,1.31,11.969,7.575,22.035,43.86,27,"{'other': 20, 'circle': 2, 'rectangle': 3, 'pentagon': 2}"
1920,contour,1.404,12.75,8.123,23.169,43.77,27,"{'other': 22, 'circle': 1, 'rectangle': 2, 'pentagon': 2}"
1921,contour,1.264,12.266,7.677,22.086,43.66,30,"{'other': 23, 'circle': 2, 'rectangle': 3, 'pentagon': 2}"
1922,contour,1.335,12.996,7.626,22.8,43.54,27,"{'other': 19, 'pentagon': 3, 'circle': 2, 'rectangle': 3}"
1923,contour,1.325,12.178,7.556,21.949,43.53,28,"{'other': 19, 'circle': 2, 'pentagon': 3, 'rectangle': 4}"
1924,contour,1.273,12.637,7.963,22.818,43.65,28,"{'other': 21, 'pentagon': 3, 'circle': 2, 'rectangle': 2}"
1925,contour,1.46,14.248,7.962,24.626,43.54,28,"{'other': 22, 'circle': 2, 'pentagon': 2, 'rectangle': 2}"
1926,contour,1.485,12.735,7.385,22.515,43.52,28,"{'other': 23, 'circle': 2, 'rectangle': 2, 'pentagon': 1}"
1927,contour,1.579,12.183,7.832,22.453,43.46,29,"{'rectangle': 2, 'other': 22, 'circle': 2, 'pentagon': 3}"
1928,contour,1.325,13.399,8.621,24.206,43.23,27,"{'rectangle': 5, 'other': 18, 'circle': 2, 'pentagon': 2}"
1929,contour,1.397,12.971,7.721,22.934,43.14,28,"{'rectangle': 5, 'other': 19, 'circle': 2, 'pentagon': 2}"
1930,contour,1.16,13.903,7.544,23.477,43.08,26,"{'other': 19, 'circle': 2, 'rectangle': 3, 'triangle': 1, 'pentagon': 1}"
1931,contour,1.453,12.648,7.769,22.762,43.1,26,"{'other': 21, 'circle': 2, 'rectangle': 2, 'pentagon': 1}"
1932,contour,1.506,11.746,7.347,21.503,43.18,24,"{'other': 17, 'circle': 1, 'rectangle': 4, 'pentagon': 2}"
1933,contour,1.346,12.185,7.421,21.823,43.42,27,"{'other': 19, 'circle': 1, 'rectangle': 4, 'pentagon': 3}"
1934,contour,1.368,13.464,7.87,23.524,43.41,25,"{'triangle': 1, 'other': 17, 'rectangle': 5, 'circle': 1, 'pentagon': 1}"
1935,contour,1.108,13.952,7.865,24.037,43.39,28,"{'other': 20, 'rectangle': 4, 'circle': 1, 'pentagon': 3}"
1936,contour,1.357,13.672,7.426,23.259,43.4,25,"{'other': 18, 'rectangle': 5, 'pentagon': 2}"
1937,contour,1.413,11.686,7.302,21.33,43.55,24,"{'triangle': 1, 'other': 16, 'rectangle': 3, 'square': 1, 'pentagon': 3}"
1938,contour,1.41,11.882,7.012,21.457,43.72,21,"{'other': 17, 'rectangle': 3, 'pentagon': 1}"
1939,contour,1.39,12.91,7.113,24.081,43.65,22,"{'other': 19, 'rectangle': 3}"
1940,contour,1.508,11.788,7.049,21.466,43.89,24,"{'other': 17, 'rectangle': 3, 'pentagon': 3, 'triangle': 1}"
1941,contour,1.203,11.768,6.968,20.999,44.13,22,"{'triangle': 1, 'other': 16, 'rectangle': 2, 'pentagon': 3}"
1942,contour,1.231,11.77,7.014,20.893,44.25,21,"{'other': 15, 'rectangle': 3, 'pentagon': 3}"
1943,contour,1.295,12.134,8.935,23.291,44.19,21,"{'other': 16, 'rectangle': 3, 'pentagon': 2}"
1944,contour,1.316,15.725,7.622,25.751,43.95,21,"{'other': 15, 'pentagon': 4, 'rectangle': 2}"
1945,contour,1.374,14.955,7.218,24.496,43.84,20,"{'other': 16, 'rectangle': 3, 'pentagon': 1}"
1946,contour,1.329,13.615,7.401,23.349,43.87,18,"{'other': 14, 'rectangle': 3, 'pentagon': 1}"
1947,contour,1.395,14.484,7.08,23.891,43.79,19,"{'other': 14, 'rectangle': 3, 'pentagon': 2}"
1948,contour,1.65,13.658,7.044,23.2,43.72,22,"{'other': 19, 'rectangle': 3}"
1949,contour,1.631,11.453,6.874,21.052,43.78,21,"{'other': 17, 'rectangle': 3, 'triangle': 1}"
1950,contour,1.338,15.173,8.742,26.232,43.59,21,"{'other': 17, 'pentagon': 2, 'rectangle': 2}"
1951,contour,1.552,12.941,6.788,22.658,43.55,21,"{'other': 16, 'rectangle': 3, 'pentagon': 1, 'triangle': 1}"
1952,contour,1.359,12.681,6.78,21.708,43.62,20,"{'other': 16, 'triangle': 2, 'rectangle': 2}"
1953,contour,1.517,12.191,6.835,21.354,43.66,22,"{'rectangle': 4, 'other': 16, 'pentagon': 1, 'triangle': 1}"
1954,contour,1.47,12.085,6.651,20.996,43.78,19,"{'other': 15, 'pentagon': 1, 'rectangle': 2, 'triangle': 1}"
1955,contour,1.389,12.576,6.802,21.989,43.94,20,"{'triangle': 2, 'other': 16, 'rectangle': 2}"
1956,contour,1.175,11.802,6.874,20.718,44.06,24,"{'triangle': 2, 'other': 20, 'rectangle': 2}"
1957,contour,1.79,12.412,7.089,22.135,44.08,22,"{'triangle': 2, 'other': 18, 'rectangle': 2}"
1958,contour,1.372,11.632,6.847,20.879,44.3,20,"{'triangle': 2, 'other': 16, 'rectangle': 2}"
1959,contour,1.414,13.199,7.354,22.913,44.3,25,"{'triangle': 2, 'other': 21, 'pentagon': 1, 'rectangle': 1}"
1960,contour,1.138,16.164,7.55,25.771,44.15,26,"{'triangle': 2, 'other': 23, 'rectangle': 1}"
1961,contour,1.311,14.398,7.268,24.357,44.05,23,"{'triangle': 3, 'other': 19, 'rectangle': 1}"
1962,contour,1.311,13.821,8.37,24.764,43.84,23,"{'other': 18, 'rectangle': 2, 'triangle': 2, 'pentagon': 1}"
1963,contour,1.222,14.004,7.505,23.649,43.72,25,"{'other': 18, 'rectangle': 1, 'pentagon': 4, 'triangle': 2}"
1964,contour,1.348,13.768,7.446,23.447,43.72,25,"{'other': 19, 'pentagon': 3, 'triangle': 3}"
1965,contour,1.572,12.418,6.806,22.046,43.85,19,"{'other': 16, 'pentagon': 1, 'triangle': 1, 'rectangle': 1}"
1966,contour,1.404,13.088,6.943,22.303,43.91,24,"{'other': 21, 'pentagon': 2, 'triangle': 1}"
1967,contour,1.425,12.515,7.454,22.468,43.84,20,"{'other': 16, 'pentagon': 1, 'rectangle': 2, 'triangle': 1}"
1968,contour,1.483,12.443,6.58,21.349,43.85,21,"{'other': 17, 'pentagon': 2, 'triangle': 1, 'square': 1}"
1969,contour,1.347,12.017,6.524,21.026,44.04,19,"{'other': 17, 'triangle': 1, 'rectangle': 1}"
1970,contour,1.531,12.225,6.566,21.153,44.06,22,"{'other': 17, 'pentagon': 2, 'triangle': 2, 'rectangle': 1}"
1971,contour,1.269,12.437,6.605,21.441,44.03,19,"{'other': 15, 'triangle': 2, 'pentagon': 1, 'rectangle': 1}"
1972,contour,1.068,11.523,6.208,19.92,44.1,20,"{'other': 14, 'pentagon': 1, 'triangle': 3, 'rectangle': 2}"
1973,contour,1.349,11.832,6.125,20.149,44.3,16,"{'other': 12, 'triangle': 3, 'rectangle': 1}"
1974,contour,1.649,11.5,6.082,20.036,44.68,20,"{'other': 16, 'triangle': 3, 'rectangle': 1}"
1975,contour,1.427,11.672,6.216,20.449,44.95,19,"{'other': 13, 'rectangle': 2, 'pentagon': 1, 'triangle': 3}"
1976,contour,1.338,11.452,6.208,19.83,45.19,17,"{'other': 11, 'rectangle': 2, 'pentagon': 1, 'triangle': 3}"
1977,contour,1.373,11.612,6.175,19.951,45.46,21,"{'other': 15, 'rectangle': 2, 'triangle': 3, 'pentagon': 1}"
1978,contour,1.463,12.025,6.358,21.167,45.6,21,"{'other': 16, 'pentagon': 1, 'triangle': 3, 'rectangle': 1}"
1979,contour,1.289,11.436,5.95,19.466,45.71,19,"{'other': 13, 'pentagon': 2, 'triangle': 3, 'rectangle': 1}"
1980,contour,1.284,11.348,5.839,19.229,46.2,18,"{'other': 13, 'pentagon': 1, 'triangle': 3, 'rectangle': 1}"
1981,contour,1.258,11.208,6.181,19.718,46.41,20,"{'other': 13, 'rectangle': 3, 'pentagon': 1, 'triangle': 3}"
1982,contour,1.394,12.015,6.1,20.39,46.51,18,"{'other': 11, 'pentagon': 2, 'triangle': 4, 'rectangle': 1}"
1983,contour,1.549,12.046,5.908,20.266,46.59,16,"{'other': 11, 'pentagon': 2, 'triangle': 2, 'rectangle': 1}"
1984,contour,1.305,11.574,6.013,19.938,46.66,19,"{'other': 15, 'triangle': 3, 'rectangle': 1}"
1985,contour,1.137,10.798,6.135,18.85,46.89,18,"{'other': 12, 'triangle': 3, 'pentagon': 1, 'rectangle': 2}"
1986,contour,1.26,11.736,6.176,19.937,46.95,20,"{'other': 15, 'rectangle': 3, 'triangle': 2}"
1987,contour,1.268,11.429,6.244,19.964,47.11,19,"{'other': 14, 'pentagon': 1, 'rectangle': 2, 'triangle': 2}"
1988,contour,1.694,11.888,6.151,20.628,47.13,19,"{'other': 13, 'rectangle': 5, 'triangle': 1}"
1989,contour,1.369,11.515,6.397,20.113,47.34,18,"{'other': 14, 'rectangle': 3, 'triangle': 1}"
1990,contour,1.643,11.46,6.048,19.897,47.78,18,"{'other': 12, 'rectangle': 3, 'triangle': 3}"
1991,contour,1.4,11.278,6.387,19.866,48.12,19,"{'other': 14, 'rectangle': 2, 'pentagon': 1, 'triangle': 2}"
1992,contour,1.224,11.775,6.181,20.26,48.47,15,"{'other': 10, 'rectangle': 4, 'triangle': 1}"
1993,contour,1.379,14.096,6.885,23.325,48.5,15,"{'other': 11, 'rectangle': 3, 'triangle': 1}"
1994,contour,1.39,12.755,6.914,21.926,48.62,14,"{'other': 10, 'triangle': 3, 'rectangle': 1}"
1995,contour,1.476,13.349,6.498,22.133,48.61,16,"{'other': 12, 'square': 1, 'rectangle': 3}"
1996,contour,1.343,12.051,6.139,20.315,48.77,15,"{'other': 10, 'rectangle': 3, 'triangle': 2}"
1997,contour,1.532,12.781,6.188,21.332,48.86,14,"{'other': 9, 'rectangle': 2, 'triangle': 3}"
1998,contour,1.405,11.512,6.105,19.812,48.98,13,"{'other': 10, 'rectangle': 2, 'triangle': 1}"
1999,contour,1.531,11.548,6.071,19.894,49.07,15,"{'other': 10, 'rectangle': 3, 'triangle': 2}"
2000,contour,1.496,11.733,5.847,20.19,49.15,13,"{'other': 9, 'rectangle': 3, 'triangle': 1}"
