frame,mode,preprocess_ms,threshold_or_post_ms,detect_ms,total_ms,fps,objects,counts
1,yolo,1.799,1.96,63.041,3447.866,0.29,1,{'person': 1}
2,yolo,2.634,0.873,46.876,51.763,0.57,1,{'person': 1}
3,yolo,0.991,0.751,41.422,44.162,0.85,1,{'person': 1}
4,yolo,0.857,0.831,39.922,42.732,1.12,1,{'person': 1}
5,yolo,1.13,0.807,42.803,46.94,1.38,1,{'person': 1}
6,yolo,1.46,1.029,41.424,45.055,1.63,1,{'person': 1}
7,yolo,0.96,1.308,41.522,45.185,1.88,1,{'person': 1}
8,yolo,0.79,1.07,39.399,42.372,2.12,1,{'person': 1}
9,yolo,0.932,0.764,38.875,41.605,2.36,1,{'person': 1}
10,yolo,1.023,0.658,39.057,41.529,2.6,1,{'person': 1}
11,yolo,0.934,0.858,39.07,43.595,2.83,1,{'person': 1}
12,yolo,1.233,1.111,41.842,45.385,3.05,1,{'person': 1}
13,yolo,0.884,0.647,40.584,43.033,3.27,1,{'person': 1}
14,yolo,1.256,0.869,38.218,41.453,3.48,1,{'person': 1}
15,yolo,1.46,0.925,37.561,41.194,3.69,1,{'person': 1}
16,yolo,1.076,1.283,42.554,46.368,3.89,1,{'person': 1}
17,yolo,0.719,0.687,36.847,40.219,4.1,1,{'person': 1}
18,yolo,1.679,1.061,42.381,46.432,4.29,1,{'person': 1}
19,yolo,0.957,0.722,39.747,42.281,4.48,1,{'person': 1}
20,yolo,0.79,0.727,39.966,42.397,4.67,1,{'person': 1}
21,yolo,0.834,0.854,38.925,41.569,4.86,1,{'person': 1}
22,yolo,1.042,1.237,41.567,45.43,5.04,1,{'person': 1}
23,yolo,1.009,0.71,41.846,45.789,5.21,1,{'person': 1}
24,yolo,1.421,0.91,41.392,44.797,5.38,1,{'person': 1}
25,yolo,0.891,1.154,40.778,44.169,5.55,1,{'person': 1}
26,yolo,0.931,0.772,38.116,40.69,5.72,1,{'person': 1}
27,yolo,0.967,0.865,40.8,43.566,5.89,1,{'person': 1}
28,yolo,0.882,1.47,42.808,46.373,6.04,1,{'person': 1}
29,yolo,0.997,0.725,41.809,45.543,6.2,1,{'person': 1}
30,yolo,1.187,0.806,40.096,43.011,6.35,1,{'person': 1}
31,yolo,1.193,0.988,39.337,42.796,22.77,1,{'person': 1}
32,yolo,0.828,1.054,39.578,42.496,22.93,1,{'person': 1}
33,yolo,1.035,0.994,41.173,44.508,22.93,1,{'person': 1}
34,yolo,0.783,0.788,41.039,43.389,22.92,1,{'person': 1}
35,yolo,1.078,0.787,41.259,45.116,22.95,1,{'person': 1}
36,yolo,1.364,0.847,43.573,46.712,22.92,1,{'person': 1}
37,yolo,0.817,0.737,37.156,39.503,23.02,1,{'person': 1}
38,yolo,0.896,0.778,37.036,39.663,23.07,1,{'person': 1}
39,yolo,0.96,1.133,40.665,43.832,23.03,1,{'person': 1}
40,yolo,0.757,1.037,37.443,40.177,23.05,1,{'person': 1}
41,yolo,1.06,0.727,39.761,43.665,23.05,1,{'person': 1}
42,yolo,1.246,1.077,42.661,46.051,23.04,1,{'person': 1}
43,yolo,0.951,0.707,39.9,42.501,23.05,1,{'person': 1}
44,yolo,0.785,0.912,44.651,47.411,22.94,1,{'person': 1}
45,yolo,0.955,1.386,42.654,46.561,22.85,1,{'person': 1}
46,yolo,1.492,0.987,38.281,41.936,22.93,1,{'person': 1}
47,yolo,0.903,0.841,40.89,45.055,22.84,1,{'person': 1}
48,yolo,1.45,0.757,38.595,41.542,22.93,1,{'person': 1}
49,yolo,0.819,1.344,42.745,46.073,22.86,1,{'person': 1}
50,yolo,0.859,0.699,40.123,42.39,22.86,1,{'person': 1}
51,yolo,0.791,1.126,39.423,42.475,22.84,1,{'person': 1}
52,yolo,0.972,0.649,37.792,40.24,22.94,1,{'person': 1}
53,yolo,0.716,0.975,37.178,40.755,23.02,1,{'person': 1}
54,yolo,1.32,0.773,39.648,42.56,23.06,1,{'person': 1}
55,yolo,1.043,0.663,43.861,46.379,23.02,1,{'person': 1}
56,yolo,0.808,1.209,41.709,44.863,22.95,1,{'person': 1}
57,yolo,0.996,1.092,44.251,47.359,22.88,1,{'person': 1}
58,yolo,0.95,0.766,40.231,42.811,22.95,1,{'person': 1}
59,yolo,0.722,1.038,40.706,45.058,22.96,1,{'person': 1}
60,yolo,1.296,1.107,40.797,44.227,22.93,1,{'person': 1}
61,yolo,0.967,0.709,39.861,42.348,22.94,1,{'person': 1}
62,yolo,0.943,1.355,38.575,42.032,22.95,1,{'person': 1}
63,yolo,1.005,0.859,39.664,42.438,22.99,1,{'person': 1}
64,yolo,1.027,0.789,38.766,41.507,23.02,1,{'person': 1}
65,yolo,1.459,0.715,42.407,46.608,22.99,1,{'person': 1}
66,yolo,1.441,0.637,42.37,45.334,23.02,1,{'person': 1}
67,yolo,1.067,0.8,41.471,44.297,22.93,1,{'person': 1}
68,yolo,0.866,0.81,39.288,41.786,22.9,1,{'person': 1}
69,yolo,0.996,0.941,40.117,42.905,22.91,1,{'person': 1}
70,yolo,0.77,1.431,41.137,44.833,22.83,1,{'person': 1}
71,yolo,0.871,1.094,41.406,46.718,22.78,1,{'person': 1}
72,yolo,1.533,0.906,40.408,43.802,22.82,1,{'person': 1}
73,yolo,0.837,0.678,38.559,40.822,22.85,1,{'person': 1}
74,yolo,0.86,0.844,41.022,43.637,22.91,1,{'person': 1}
75,yolo,0.839,1.069,40.088,43.007,22.97,1,{'person': 1}
76,yolo,1.079,0.795,38.75,41.5,22.98,1,{'person': 1}
77,yolo,0.998,0.745,36.675,41.058,23.05,1,{'person': 1}
78,yolo,1.659,1.151,44.37,48.433,22.93,1,{'person': 1}
79,yolo,0.8,0.934,36.15,38.811,23.06,1,{'person': 1}
80,yolo,0.934,1.303,38.711,41.978,23.07,1,{'person': 1}
81,yolo,0.938,0.901,36.575,39.211,23.12,1,{'person': 1}
82,yolo,1.181,0.968,44.229,48.695,22.97,1,{'person': 1}
83,yolo,1.374,0.951,40.017,43.292,22.93,1,{'person': 1}
84,yolo,0.963,0.705,39.94,42.345,22.93,1,{'person': 1}
85,yolo,0.796,0.755,36.813,39.143,23.06,1,{'person': 1}
86,yolo,0.775,0.981,38.9,41.683,23.12,1,{'person': 1}
87,yolo,1.062,0.883,38.45,41.213,23.23,1,{'person': 1}
88,yolo,0.96,0.753,41.586,45.412,23.18,1,{'person': 1}
89,yolo,1.325,1.077,44.046,47.36,23.14,1,{'person': 1}
90,yolo,0.882,0.751,41.973,44.444,23.14,1,{'person': 1}
91,yolo,0.893,1.157,44.091,47.241,23.05,1,{'person': 1}
92,yolo,1.115,1.357,42.694,46.585,22.97,1,{'person': 1}
93,yolo,1.107,0.913,41.497,45.732,22.91,1,{'person': 1}
94,yolo,1.249,0.941,39.385,42.638,22.89,1,{'person': 1}
95,yolo,0.99,0.761,39.456,42.153,22.97,1,{'person': 1}
96,yolo,0.991,1.236,40.937,44.528,22.98,1,{'person': 1}
97,yolo,1.374,0.723,44.878,47.855,22.92,1,{'person': 1}
98,yolo,0.945,1.437,52.505,58.94,22.62,1,{'person': 1}
99,yolo,1.881,1.403,48.721,53.072,22.45,1,{'person': 1}
100,yolo,1.085,1.502,56.63,60.727,22.19,1,{'person': 1}
101,yolo,2.428,1.237,48.843,53.752,22.07,1,{'person': 1}
102,yolo,0.976,0.867,60.279,64.31,21.75,1,{'person': 1}
103,yolo,1.751,1.673,57.276,62.233,21.41,1,{'person': 1}
104,yolo,1.758,1.06,54.115,58.378,21.19,1,{'person': 1}
105,yolo,1.245,1.288,54.726,58.446,20.96,1,{'person': 1}
106,yolo,1.566,1.498,55.674,63.119,20.65,1,{'person': 1}
107,yolo,2.459,1.941,64.624,70.142,20.24,1,{'person': 1}
108,yolo,1.148,1.612,58.214,62.048,20.06,1,{'person': 1}
109,yolo,1.425,1.136,58.368,62.093,19.75,1,{'person': 1}
110,yolo,1.366,1.481,64.293,69.985,19.4,1,{'person': 1}
111,yolo,2.199,1.153,62.196,66.624,19.06,1,{'person': 1}
112,yolo,1.464,1.854,80.24,85.255,18.62,1,{'person': 1}
113,yolo,2.138,1.752,69.51,75.711,18.26,1,{'person': 1}
114,yolo,2.015,1.385,65.251,71.481,17.94,1,{'person': 1}
115,yolo,2.088,1.687,76.217,81.538,17.5,1,{'person': 1}
116,yolo,1.396,1.444,74.425,78.708,17.13,1,{'person': 1}
117,yolo,1.96,1.974,72.725,78.591,16.77,1,{'person': 1}
118,yolo,1.582,1.757,72.316,80.003,16.45,1,{'person': 1}
119,yolo,1.998,1.618,65.973,71.349,16.24,1,{'person': 1}
120,yolo,1.771,1.719,64.823,70.051,16.01,1,{'person': 1}
121,yolo,1.372,1.399,64.062,68.147,15.84,1,{'person': 1}
122,yolo,1.226,1.477,73.18,78.651,15.57,1,{'person': 1}
123,yolo,2.063,1.852,70.308,76.099,15.33,1,{'person': 1}
124,yolo,1.87,1.758,73.349,78.536,15.06,1,{'person': 1}
125,yolo,1.56,1.342,67.3,71.844,14.84,1,{'person': 1}
126,yolo,1.964,1.176,65.932,72.038,14.64,1,{'person': 1}
127,yolo,3.095,1.17,68.649,74.187,14.45,1,{'person': 1}
128,yolo,1.516,1.386,61.598,66.43,14.4,1,{'person': 1}
129,yolo,1.666,1.79,63.732,69.186,14.29,1,{'person': 1}
130,yolo,1.503,1.339,67.302,73.796,14.2,1,{'person': 1}
131,yolo,1.999,1.627,67.206,72.389,14.08,1,{'person': 1}
132,yolo,1.756,1.161,76.018,80.123,13.97,1,{'person': 1}
133,yolo,1.184,1.097,66.667,70.065,13.92,1,{'person': 1}
134,yolo,1.316,1.048,64.365,69.591,13.85,1,{'person': 1}
135,yolo,1.67,1.691,76.258,81.091,13.71,1,{'person': 1}
136,yolo,1.593,1.154,63.13,67.149,13.68,1,{'person': 1}
137,yolo,1.177,1.478,61.79,65.882,13.71,1,{'person': 1}
138,yolo,1.523,1.13,65.654,72.027,13.64,1,{'person': 1}
139,yolo,1.869,1.17,66.737,71.01,13.59,1,{'person': 1}
140,yolo,1.827,1.844,66.455,71.936,13.58,1,{'person': 1}
141,yolo,1.21,1.826,69.942,74.657,13.53,1,{'person': 1}
142,yolo,1.486,1.303,67.911,74.812,13.59,1,{'person': 1}
143,yolo,1.978,1.229,66.046,70.669,13.62,1,{'person': 1}
144,yolo,2.189,1.54,62.843,68.403,13.64,1,{'person': 1}
145,yolo,1.709,1.245,62.816,67.077,13.73,1,{'person': 1}
146,yolo,1.159,1.648,59.871,67.114,13.81,1,{'person': 1}
147,yolo,1.848,1.931,64.104,69.404,13.87,1,{'person': 1}
148,yolo,2.035,1.711,70.21,75.443,13.89,1,{'person': 1}
149,yolo,2.04,2.031,63.857,69.806,13.9,1,{'person': 1}
150,yolo,1.386,1.815,70.814,78.976,13.85,1,{'person': 1}
151,yolo,2.363,1.043,64.119,68.748,13.84,1,{'person': 1}
152,yolo,1.225,1.648,67.559,71.956,13.89,1,{'person': 1}
153,yolo,2.0,1.792,66.54,72.427,13.91,2,"{'person': 1, 'cell phone': 1}"
154,yolo,1.387,1.531,63.964,71.358,13.96,2,"{'person': 1, 'cell phone': 1}"
155,yolo,1.57,1.196,62.037,66.124,13.99,2,"{'person': 1, 'cell phone': 1}"
156,yolo,1.188,1.55,58.98,63.277,14.05,2,"{'person': 1, 'cell phone': 1}"
157,yolo,1.725,0.999,62.748,66.772,14.1,2,"{'person': 1, 'cell phone': 1}"
158,yolo,1.149,1.816,67.256,74.234,14.05,1,{'person': 1}
159,yolo,1.726,1.124,66.281,70.374,14.04,2,"{'person': 1, 'cell phone': 1}"
160,yolo,1.336,1.174,62.747,66.737,14.09,2,"{'person': 1, 'cell phone': 1}"
161,yolo,1.644,1.425,67.111,71.751,14.09,2,"{'person': 1, 'cell phone': 1}"
162,yolo,1.899,1.533,65.452,74.107,14.13,2,"{'person': 1, 'cell phone': 1}"
163,yolo,1.792,1.627,64.453,69.567,14.13,2,"{'person': 1, 'cell phone': 1}"
164,yolo,1.347,1.981,66.438,71.491,14.12,2,"{'person': 1, 'cell phone': 1}"
165,yolo,1.507,1.283,59.225,63.423,14.24,2,"{'person': 1, 'cup': 1}"
166,yolo,2.15,1.533,65.188,72.848,14.2,1,{'person': 1}
167,yolo,2.34,1.367,62.595,67.742,14.19,2,"{'person': 1, 'cell phone': 1}"
168,yolo,1.821,0.965,56.119,60.395,14.27,2,"{'person': 1, 'cell phone': 1}"
169,yolo,1.555,1.428,60.697,64.987,14.31,1,{'person': 1}
170,yolo,2.064,1.237,69.624,76.723,14.28,2,"{'person': 1, 'cup': 1}"
171,yolo,1.922,1.68,67.491,72.827,14.29,2,"{'person': 1, 'cell phone': 1}"
172,yolo,1.718,1.165,59.81,64.343,14.36,2,"{'person': 1, 'cell phone': 1}"
173,yolo,1.182,1.7,71.802,76.264,14.32,1,{'person': 1}
174,yolo,1.688,1.469,71.105,78.487,14.25,1,{'person': 1}
175,yolo,1.623,1.224,59.515,63.727,14.28,2,"{'person': 1, 'cell phone': 1}"
176,yolo,1.362,1.664,67.96,72.393,14.24,1,{'person': 1}
177,yolo,1.844,1.11,56.803,61.187,14.3,2,"{'person': 1, 'cell phone': 1}"
178,yolo,1.304,2.422,67.403,75.865,14.29,1,{'person': 1}
179,yolo,2.013,1.88,66.672,71.863,14.28,1,{'person': 1}
180,yolo,1.63,1.308,62.767,67.581,14.36,2,"{'person': 1, 'remote': 1}"
181,yolo,1.412,1.439,59.79,64.324,14.39,2,"{'person': 1, 'remote': 1}"
182,yolo,1.214,1.64,63.236,70.067,14.4,3,"{'person': 1, 'cell phone': 1, 'remote': 1}"
183,yolo,1.731,1.869,67.717,73.042,14.4,2,"{'cell phone': 1, 'person': 1}"
184,yolo,2.047,1.614,62.059,67.52,14.42,2,"{'cell phone': 1, 'person': 1}"
185,yolo,1.697,1.127,62.608,66.919,14.42,3,"{'person': 1, 'cell phone': 1, 'laptop': 1}"
186,yolo,1.972,1.994,64.464,74.202,14.34,2,"{'person': 1, 'cell phone': 1}"
187,yolo,2.029,1.519,72.829,78.341,14.26,3,"{'person': 1, 'cell phone': 1, 'laptop': 1}"
188,yolo,2.186,1.323,68.926,74.194,14.26,2,"{'person': 1, 'laptop': 1}"
189,yolo,1.109,1.179,57.823,61.355,14.32,2,"{'person': 1, 'laptop': 1}"
190,yolo,1.713,1.053,60.953,68.551,14.31,2,"{'person': 1, 'cell phone': 1}"
191,yolo,2.109,1.157,59.775,64.45,14.36,2,"{'person': 1, 'laptop': 1}"
192,yolo,1.562,1.562,59.576,64.484,14.43,3,"{'person': 1, 'cell phone': 1, 'laptop': 1}"
193,yolo,1.736,1.127,69.661,73.841,14.4,2,"{'person': 1, 'laptop': 1}"
194,yolo,1.284,1.798,71.663,80.471,14.34,3,"{'person': 1, 'laptop': 1, 'cell phone': 1}"
195,yolo,2.711,1.068,66.576,72.022,14.28,2,"{'person': 1, 'cell phone': 1}"
196,yolo,1.329,1.109,64.304,68.219,14.31,2,"{'person': 1, 'cell phone': 1}"
197,yolo,1.249,1.761,67.102,72.013,14.28,2,"{'person': 1, 'laptop': 1}"
198,yolo,2.377,1.397,74.609,83.492,14.13,3,"{'person': 1, 'laptop': 1, 'cell phone': 1}"
199,yolo,2.257,1.986,59.124,65.625,14.12,3,"{'person': 1, 'cell phone': 1, 'laptop': 1}"
200,yolo,1.202,1.59,58.361,62.438,14.22,3,"{'person': 1, 'cell phone': 1, 'laptop': 1}"
201,yolo,1.261,1.226,59.852,63.741,14.28,2,"{'person': 1, 'laptop': 1}"
202,yolo,1.65,1.404,65.084,72.911,14.22,2,"{'person': 1, 'laptop': 1}"
203,yolo,2.237,2.11,67.745,73.955,14.24,2,"{'person': 1, 'laptop': 1}"
204,yolo,1.35,1.439,75.07,79.581,14.23,2,"{'person': 1, 'cell phone': 1}"
205,yolo,1.382,1.675,64.621,69.682,14.19,2,"{'person': 1, 'laptop': 1}"
206,yolo,1.407,1.695,64.05,71.929,14.19,3,"{'person': 1, 'laptop': 1, 'cell phone': 1}"
207,yolo,1.718,2.037,69.178,75.22,14.1,2,"{'person': 1, 'laptop': 1}"
208,yolo,1.939,1.632,73.664,78.869,14.08,2,"{'person': 1, 'laptop': 1}"
209,yolo,1.087,1.022,65.208,68.618,14.1,3,"{'person': 1, 'cell phone': 1, 'laptop': 1}"
210,yolo,1.98,1.327,58.652,66.656,14.11,3,"{'person': 1, 'cell phone': 1, 'laptop': 1}"
211,yolo,1.57,1.157,64.979,69.139,14.07,3,"{'person': 1, 'cell phone': 1, 'laptop': 1}"
212,yolo,1.578,1.569,73.044,78.322,14.02,2,"{'person': 1, 'cell phone': 1}"
213,yolo,1.379,1.41,67.351,71.756,14.03,2,"{'cell phone': 1, 'person': 1}"
214,yolo,1.505,1.231,70.468,77.379,13.96,2,"{'cell phone': 1, 'person': 1}"
215,yolo,1.784,1.443,63.696,68.503,13.95,2,"{'cell phone': 1, 'person': 1}"
216,yolo,1.692,1.939,65.973,71.221,13.97,2,"{'cell phone': 1, 'person': 1}"
217,yolo,1.369,1.816,58.315,62.914,14.07,2,"{'person': 1, 'laptop': 1}"
218,yolo,1.286,1.124,60.437,66.314,14.13,2,"{'person': 1, 'cell phone': 1}"
219,yolo,1.649,1.328,63.351,67.735,14.08,2,"{'person': 1, 'laptop': 1}"
220,yolo,1.279,1.955,67.048,71.782,14.06,3,"{'person': 1, 'laptop': 1, 'cell phone': 1}"
221,yolo,1.542,1.193,65.574,69.904,14.03,2,"{'person': 1, 'cell phone': 1}"
222,yolo,1.935,1.489,62.753,70.612,13.99,2,"{'person': 1, 'cell phone': 1}"
223,yolo,1.672,1.624,62.886,67.532,14.03,2,"{'person': 1, 'cell phone': 1}"
224,yolo,1.856,1.629,66.235,71.539,14.09,2,"{'person': 1, 'cell phone': 1}"
225,yolo,1.143,1.338,60.195,64.098,14.14,2,"{'person': 1, 'cell phone': 1}"
226,yolo,1.956,1.245,65.684,73.387,14.11,2,"{'person': 1, 'cell phone': 1}"
227,yolo,2.228,0.953,68.809,73.328,14.1,3,"{'person': 1, 'cell phone': 1, 'laptop': 1}"
228,yolo,1.5,1.174,61.915,65.837,14.21,2,"{'person': 1, 'cell phone': 1}"
229,yolo,1.678,2.021,66.054,71.522,14.17,1,{'person': 1}
230,yolo,1.377,1.111,59.417,66.422,14.15,1,{'person': 1}
231,yolo,1.728,1.465,64.105,68.552,14.12,1,{'person': 1}
232,yolo,1.504,1.746,63.536,68.575,14.15,1,{'person': 1}
233,yolo,1.909,2.021,63.299,69.183,14.18,1,{'person': 1}
234,yolo,1.351,1.418,63.679,71.536,14.23,1,{'person': 1}
235,yolo,2.296,1.409,61.772,66.892,14.25,1,{'person': 1}
236,yolo,1.622,0.923,57.903,61.509,14.32,1,{'person': 1}
237,yolo,1.483,1.461,70.971,75.279,14.32,1,{'person': 1}
238,yolo,1.892,1.61,71.503,79.765,14.31,1,{'person': 1}
239,yolo,1.871,1.572,60.154,65.072,14.34,1,{'person': 1}
240,yolo,1.643,1.544,59.857,64.445,14.35,1,{'person': 1}
241,yolo,1.318,2.026,65.841,70.511,14.34,1,{'person': 1}
242,yolo,1.915,1.654,61.16,66.399,14.43,1,{'person': 1}
243,yolo,1.814,1.47,69.498,74.302,14.41,1,{'person': 1}
244,yolo,1.439,1.006,63.058,69.153,14.47,1,{'person': 1}
245,yolo,1.496,1.295,59.168,63.105,14.5,1,{'person': 1}
246,yolo,1.675,1.665,61.4,66.079,14.54,1,{'person': 1}
247,yolo,1.203,1.16,60.811,64.46,14.53,1,{'person': 1}
248,yolo,1.225,1.508,62.181,69.625,14.51,1,{'person': 1}
249,yolo,2.259,1.453,63.748,69.142,14.5,1,{'person': 1}
250,yolo,1.44,1.45,61.646,66.023,14.54,1,{'person': 1}
251,yolo,1.21,1.284,59.178,63.083,14.58,1,{'person': 1}
252,yolo,1.555,1.603,67.245,74.09,14.56,1,{'person': 1}
253,yolo,1.661,1.466,64.68,69.248,14.55,1,{'person': 1}
254,yolo,1.584,1.105,60.097,63.921,14.6,1,{'person': 1}
255,yolo,1.582,1.499,72.679,77.227,14.51,1,{'person': 1}
256,yolo,2.099,1.596,62.639,70.218,14.53,1,{'person': 1}
257,yolo,1.905,1.339,63.709,68.377,14.57,1,{'person': 1}
258,yolo,1.386,1.164,66.93,70.839,14.53,1,{'person': 1}
259,yolo,1.374,1.822,61.94,66.942,14.56,1,{'person': 1}
260,yolo,1.476,1.161,58.432,64.426,14.58,1,{'person': 1}
261,yolo,1.745,1.688,63.839,68.978,14.57,1,{'person': 1}
262,yolo,1.56,1.283,56.665,60.978,14.63,1,{'person': 1}
263,yolo,1.517,1.629,55.728,60.319,14.69,1,{'person': 1}
264,yolo,1.276,1.446,56.643,63.434,14.75,1,{'person': 1}
265,yolo,1.459,1.354,52.663,56.675,14.82,1,{'person': 1}
266,yolo,1.438,1.359,63.878,68.036,14.78,1,{'person': 1}
267,yolo,1.175,0.856,48.742,51.85,14.95,1,{'person': 1}
268,yolo,1.265,1.268,61.737,67.845,15.04,1,{'person': 1}
269,yolo,1.745,0.96,46.782,50.514,15.15,1,{'person': 1}
270,yolo,1.008,1.16,48.56,51.913,15.25,1,{'person': 1}
271,yolo,1.481,1.297,53.639,57.707,15.35,1,{'person': 1}
272,yolo,1.103,1.203,48.996,54.126,15.44,1,{'person': 1}
273,yolo,1.373,0.775,50.659,53.898,15.61,1,{'person': 1}
274,yolo,0.975,1.142,50.945,54.201,15.73,1,{'person': 1}
275,yolo,1.469,1.501,50.866,55.128,15.8,1,{'person': 1}
276,yolo,1.092,0.825,47.377,52.106,15.91,1,{'person': 1}
277,yolo,1.605,1.003,48.801,52.355,16.02,1,{'person': 1}
278,yolo,0.919,0.939,49.106,51.871,16.17,1,{'person': 1}
279,yolo,0.953,0.777,52.084,54.624,16.3,1,{'person': 1}
280,yolo,1.123,1.194,47.928,53.447,16.41,1,{'person': 1}
281,yolo,1.685,1.297,49.263,53.432,16.5,1,{'person': 1}
282,yolo,1.464,1.297,49.827,53.956,16.68,1,{'person': 1}
283,yolo,1.477,0.896,51.947,55.374,16.81,1,{'person': 1}
284,yolo,1.24,0.889,48.322,53.704,16.91,1,{'person': 1}
285,yolo,1.971,0.979,51.568,55.66,17.11,1,{'person': 1}
286,yolo,1.039,1.347,54.83,58.226,17.23,1,{'person': 1}
287,yolo,1.045,0.796,48.603,51.403,17.4,1,{'person': 1}
288,yolo,1.059,1.693,51.194,58.273,17.53,1,{'person': 1}
289,yolo,1.504,1.25,49.127,53.13,17.67,1,{'person': 1}
290,yolo,1.098,1.264,52.045,55.739,17.76,1,{'person': 1}
291,yolo,1.012,1.586,50.025,53.714,17.93,1,{'person': 1}
292,yolo,1.478,0.771,45.731,50.55,18.04,1,{'person': 1}
293,yolo,2.007,1.363,48.44,53.065,18.12,1,{'person': 1}
294,yolo,1.048,0.905,50.03,53.048,18.23,1,{'person': 1}
295,yolo,1.395,0.767,49.733,52.829,18.27,1,{'person': 1}
296,yolo,1.351,1.374,49.307,55.335,18.42,1,{'person': 1}
297,yolo,1.349,1.287,50.941,54.7,18.38,1,{'person': 1}
298,yolo,1.759,1.718,50.598,55.929,18.52,1,{'person': 1}
299,yolo,0.941,1.199,48.422,51.688,18.51,1,{'person': 1}
300,yolo,1.561,0.987,53.08,58.855,18.43,1,{'person': 1}
301,yolo,1.26,1.123,52.005,55.39,18.45,1,{'person': 1}
302,yolo,1.292,0.904,49.232,52.391,18.47,1,{'person': 1}
303,yolo,1.361,1.232,50.936,54.767,18.46,1,{'person': 1}
304,contour,0.447,1.929,2.797,5.215,191.77,9,"{'other': 5, 'pentagon': 1, 'rectangle': 3}"
305,contour,0.443,1.896,2.714,5.093,194.04,10,"{'other': 3, 'pentagon': 4, 'triangle': 1, 'rectangle': 2}"
306,contour,0.426,1.872,2.334,4.667,200.35,10,"{'other': 5, 'pentagon': 2, 'rectangle': 3}"
307,contour,0.455,2.386,2.611,5.488,195.48,9,"{'other': 4, 'pentagon': 1, 'triangle': 2, 'rectangle': 2}"
308,contour,0.505,1.942,1.965,4.446,200.74,10,"{'other': 4, 'pentagon': 1, 'triangle': 2, 'rectangle': 3}"
309,contour,0.522,2.225,2.94,5.732,195.82,9,"{'other': 4, 'pentagon': 1, 'triangle': 2, 'rectangle': 2}"
310,contour,0.512,2.158,2.151,4.854,197.21,10,"{'other': 4, 'pentagon': 2, 'triangle': 2, 'rectangle': 2}"
311,contour,0.297,1.332,1.87,3.532,204.99,9,"{'other': 5, 'pentagon': 1, 'triangle': 1, 'rectangle': 2}"
312,contour,0.416,1.452,1.718,3.615,211.06,9,"{'other': 4, 'pentagon': 1, 'rectangle': 3, 'triangle': 1}"
313,contour,0.415,1.976,1.915,4.34,212.85,9,"{'other': 5, 'pentagon': 1, 'triangle': 1, 'rectangle': 2}"
314,contour,0.286,1.231,1.691,3.246,219.01,8,"{'other': 4, 'pentagon': 1, 'triangle': 1, 'rectangle': 2}"
315,contour,0.285,1.203,1.884,3.41,223.73,11,"{'other': 7, 'pentagon': 1, 'triangle': 1, 'rectangle': 2}"
316,contour,0.266,1.18,1.634,3.108,229.09,9,"{'other': 4, 'pentagon': 1, 'rectangle': 3, 'triangle': 1}"
317,contour,0.336,1.182,1.564,3.111,233.89,9,"{'other': 4, 'pentagon': 1, 'triangle': 2, 'rectangle': 2}"
318,contour,0.279,1.135,1.546,2.986,238.69,9,"{'other': 5, 'pentagon': 1, 'triangle': 1, 'rectangle': 2}"
319,contour,0.379,1.277,1.494,3.183,242.33,8,"{'other': 3, 'pentagon': 1, 'triangle': 2, 'rectangle': 2}"
320,contour,0.249,1.272,1.577,3.121,245.85,9,"{'other': 5, 'pentagon': 1, 'triangle': 1, 'rectangle': 2}"
321,contour,0.24,1.102,1.527,2.899,249.84,7,"{'other': 3, 'triangle': 2, 'rectangle': 2}"
322,contour,0.242,1.116,1.595,2.983,253.23,9,"{'other': 5, 'triangle': 2, 'rectangle': 2}"
323,contour,0.245,1.113,1.587,2.975,256.4,9,"{'other': 5, 'triangle': 2, 'rectangle': 2}"
324,contour,0.241,1.13,1.636,3.036,259.13,10,"{'other': 3, 'pentagon': 2, 'triangle': 1, 'rectangle': 4}"
325,contour,0.303,1.351,1.608,3.294,260.87,10,"{'other': 4, 'pentagon': 2, 'triangle': 2, 'rectangle': 2}"
326,contour,0.276,2.022,1.777,4.101,260.08,10,"{'other': 6, 'pentagon': 1, 'triangle': 2, 'rectangle': 1}"
327,contour,0.249,1.137,1.547,2.962,262.59,9,"{'other': 3, 'pentagon': 2, 'triangle': 2, 'rectangle': 2}"
328,contour,0.297,1.25,1.573,3.145,264.43,10,"{'other': 5, 'pentagon': 1, 'triangle': 2, 'rectangle': 2}"
329,contour,0.299,1.194,1.623,3.144,266.16,10,"{'other': 6, 'pentagon': 1, 'triangle': 1, 'rectangle': 2}"
330,contour,0.244,1.115,1.624,3.012,268.13,10,"{'other': 8, 'triangle': 1, 'rectangle': 1}"
331,contour,0.286,1.167,1.534,3.016,269.98,10,"{'other': 6, 'pentagon': 1, 'triangle': 1, 'rectangle': 2}"
332,contour,0.514,1.837,1.591,3.969,269.31,9,"{'other': 7, 'rectangle': 2}"
333,contour,0.232,1.081,2.05,3.395,270.08,9,"{'pentagon': 1, 'other': 6, 'rectangle': 2}"
334,contour,0.229,1.122,1.538,2.917,275.79,8,"{'other': 7, 'rectangle': 1}"
335,contour,0.267,1.177,1.643,3.117,280.89,10,"{'other': 6, 'pentagon': 1, 'triangle': 1, 'rectangle': 2}"
336,contour,0.518,1.662,1.611,3.817,283.14,10,"{'other': 6, 'pentagon': 1, 'rectangle': 3}"
337,contour,0.24,1.099,1.635,3.003,289.94,10,"{'other': 7, 'rectangle': 3}"
338,contour,0.295,1.105,1.661,3.091,293.79,10,"{'other': 6, 'pentagon': 1, 'rectangle': 3}"
339,contour,0.262,1.113,1.6,3.005,301.85,9,"{'other': 6, 'triangle': 1, 'rectangle': 2}"
340,contour,0.269,1.114,1.606,3.019,307.53,9,"{'other': 5, 'pentagon': 2, 'rectangle': 2}"
341,contour,0.257,1.094,1.671,3.051,309.05,9,"{'other': 6, 'triangle': 1, 'rectangle': 1, 'pentagon': 1}"
342,contour,0.257,1.12,1.618,3.024,310.95,9,"{'pentagon': 2, 'other': 4, 'rectangle': 3}"
343,contour,0.299,1.119,1.653,3.105,314.98,10,"{'other': 7, 'triangle': 1, 'rectangle': 1, 'pentagon': 1}"
344,contour,0.261,1.208,1.595,3.095,315.48,9,"{'other': 5, 'rectangle': 2, 'pentagon': 1, 'triangle': 1}"
345,contour,0.294,1.256,1.602,3.246,316.02,9,"{'other': 6, 'pentagon': 1, 'triangle': 1, 'rectangle': 1}"
346,contour,0.242,1.099,1.527,2.903,316.71,9,"{'other': 6, 'pentagon': 1, 'triangle': 1, 'rectangle': 1}"
347,contour,0.253,1.123,1.55,2.953,317.24,9,"{'other': 6, 'pentagon': 1, 'triangle': 1, 'rectangle': 1}"
348,contour,0.256,1.11,1.615,3.009,317.16,9,"{'other': 6, 'pentagon': 1, 'triangle': 1, 'rectangle': 1}"
349,contour,0.314,1.32,1.748,3.413,316.39,10,"{'other': 8, 'rectangle': 2}"
350,contour,0.237,1.114,1.707,3.086,316.51,10,"{'other': 7, 'pentagon': 1, 'triangle': 1, 'rectangle': 1}"
351,contour,0.278,1.244,1.686,3.238,315.39,9,"{'other': 7, 'pentagon': 1, 'rectangle': 1}"
352,contour,0.253,1.106,1.512,2.901,315.66,8,"{'other': 7, 'rectangle': 1}"
353,contour,0.427,1.172,1.656,3.286,314.63,9,"{'other': 6, 'pentagon': 2, 'rectangle': 1}"
354,contour,0.231,1.128,1.646,3.033,314.64,9,"{'other': 6, 'pentagon': 1, 'triangle': 1, 'rectangle': 1}"
355,contour,0.24,1.081,1.618,2.968,315.71,9,"{'other': 5, 'pentagon': 2, 'triangle': 1, 'rectangle': 1}"
356,contour,0.23,1.177,1.584,3.019,319.35,8,"{'other': 6, 'triangle': 1, 'rectangle': 1}"
357,contour,0.452,1.425,2.266,4.175,315.28,9,"{'other': 7, 'triangle': 1, 'rectangle': 1}"
358,contour,0.244,1.151,1.597,3.02,315.7,7,"{'rectangle': 2, 'other': 4, 'triangle': 1}"
359,contour,0.237,1.078,1.566,2.91,316.47,8,"{'pentagon': 2, 'other': 5, 'rectangle': 1}"
360,contour,0.255,1.106,1.551,2.941,316.71,6,"{'triangle': 1, 'other': 4, 'rectangle': 1}"
361,contour,0.247,1.147,1.655,3.074,316.51,7,"{'pentagon': 1, 'other': 5, 'rectangle': 1}"
362,contour,0.236,1.258,1.646,3.168,319.21,8,"{'triangle': 1, 'other': 3, 'pentagon': 2, 'rectangle': 2}"
363,contour,0.255,1.151,1.639,3.073,320.31,9,"{'pentagon': 2, 'other': 4, 'rectangle': 3}"
364,contour,0.884,1.093,1.633,3.641,317.85,9,"{'other': 5, 'pentagon': 1, 'triangle': 1, 'rectangle': 2}"
365,contour,0.254,1.143,1.553,2.984,318.3,7,"{'other': 4, 'pentagon': 1, 'rectangle': 2}"
366,contour,0.252,1.173,1.575,3.029,320.99,8,"{'pentagon': 2, 'triangle': 1, 'rectangle': 3, 'other': 2}"
367,contour,0.252,1.182,1.586,3.05,320.82,7,"{'rectangle': 2, 'pentagon': 2, 'other': 3}"
368,contour,0.257,1.363,1.506,3.154,320.61,7,"{'rectangle': 2, 'pentagon': 1, 'triangle': 1, 'other': 3}"
369,contour,0.679,1.133,1.922,3.76,318.04,7,"{'other': 3, 'rectangle': 3, 'pentagon': 1}"
370,contour,0.323,1.098,1.56,3.02,318.04,7,"{'other': 3, 'rectangle': 3, 'pentagon': 1}"
371,contour,0.25,1.094,1.446,2.817,318.83,7,"{'other': 3, 'rectangle': 4}"
372,contour,0.24,1.14,1.487,2.898,319.25,7,"{'other': 3, 'rectangle': 4}"
373,contour,0.242,1.098,1.52,2.889,319.98,8,"{'other': 3, 'rectangle': 4, 'pentagon': 1}"
374,contour,0.25,1.127,1.497,2.902,320.65,8,"{'rectangle': 3, 'pentagon': 3, 'other': 2}"
375,contour,0.243,1.107,1.49,2.864,321.96,7,"{'rectangle': 2, 'triangle': 1, 'pentagon': 2, 'other': 2}"
376,contour,0.309,1.239,1.388,2.99,321.66,6,"{'rectangle': 2, 'triangle': 1, 'pentagon': 1, 'other': 2}"
377,contour,0.254,1.113,1.454,2.851,322.01,6,"{'pentagon': 1, 'triangle': 2, 'other': 2, 'rectangle': 1}"
378,contour,0.354,1.091,1.63,3.101,321.69,7,"{'rectangle': 2, 'pentagon': 2, 'triangle': 2, 'other': 1}"
379,contour,0.278,1.304,1.424,3.038,322.99,6,"{'pentagon': 3, 'other': 2, 'rectangle': 1}"
380,contour,0.261,1.272,1.523,3.081,323.01,6,"{'triangle': 1, 'other': 2, 'pentagon': 2, 'rectangle': 1}"
381,contour,0.256,1.119,1.512,2.913,324.14,6,"{'triangle': 1, 'pentagon': 2, 'rectangle': 2, 'other': 1}"
382,contour,0.253,1.146,1.584,3.012,323.76,7,"{'pentagon': 2, 'other': 3, 'rectangle': 2}"
383,contour,0.263,1.089,1.49,2.87,325.22,6,"{'other': 3, 'triangle': 1, 'pentagon': 1, 'rectangle': 1}"
384,contour,0.253,1.183,1.496,2.961,325.47,6,"{'rectangle': 3, 'triangle': 1, 'pentagon': 2}"
385,contour,0.446,1.155,1.527,3.161,324.79,8,"{'pentagon': 4, 'rectangle': 2, 'triangle': 1, 'other': 1}"
386,contour,0.24,1.152,1.43,2.852,325.38,6,"{'other': 1, 'pentagon': 3, 'rectangle': 2}"
387,contour,0.242,1.127,1.554,2.956,329.74,8,"{'other': 4, 'rectangle': 2, 'pentagon': 2}"
388,contour,0.256,1.198,1.379,2.861,330.32,6,"{'other': 2, 'triangle': 1, 'pentagon': 2, 'rectangle': 1}"
389,contour,0.281,1.26,1.457,3.026,329.9,6,"{'other': 4, 'rectangle': 2}"
390,contour,0.266,1.202,1.536,3.033,329.56,6,"{'other': 2, 'triangle': 1, 'pentagon': 2, 'rectangle': 1}"
391,contour,0.37,1.138,1.58,3.117,329.41,7,"{'other': 2, 'triangle': 1, 'pentagon': 3, 'rectangle': 1}"
392,contour,0.459,1.272,1.468,3.23,329.19,6,"{'other': 3, 'triangle': 1, 'rectangle': 1, 'pentagon': 1}"
393,contour,0.275,1.15,1.475,2.929,329.71,8,"{'triangle': 2, 'other': 3, 'pentagon': 2, 'rectangle': 1}"
394,contour,0.252,1.139,1.671,3.108,331.65,7,"{'other': 2, 'pentagon': 3, 'rectangle': 2}"
395,contour,0.25,1.102,1.398,2.781,332.39,6,"{'other': 2, 'triangle': 1, 'pentagon': 2, 'rectangle': 1}"
396,contour,0.373,1.404,1.446,3.251,331.58,7,"{'other': 3, 'triangle': 1, 'rectangle': 2, 'pentagon': 1}"
397,contour,0.269,1.121,1.49,2.909,332.09,7,"{'other': 2, 'pentagon': 2, 'triangle': 1, 'rectangle': 2}"
398,contour,0.256,1.127,1.508,2.922,332.95,7,"{'other': 2, 'pentagon': 2, 'rectangle': 3}"
399,contour,0.257,1.142,1.505,2.936,336.02,7,"{'other': 3, 'pentagon': 2, 'rectangle': 2}"
400,contour,0.255,1.153,1.488,2.927,336.38,6,"{'other': 2, 'pentagon': 2, 'rectangle': 2}"
401,contour,0.265,1.129,1.44,2.864,336.2,6,"{'pentagon': 3, 'other': 1, 'rectangle': 2}"
402,contour,0.304,1.253,1.705,3.293,334.72,9,"{'pentagon': 2, 'other': 4, 'rectangle': 3}"
403,contour,0.265,1.149,1.588,3.037,334.17,7,"{'pentagon': 3, 'triangle': 2, 'rectangle': 2}"
404,contour,0.251,1.174,2.102,3.557,331.75,6,"{'pentagon': 2, 'triangle': 1, 'rectangle': 2, 'other': 1}"
405,contour,0.31,1.196,1.518,3.051,331.06,6,"{'pentagon': 2, 'rectangle': 4}"
406,contour,0.257,1.19,1.547,3.03,330.92,7,"{'other': 2, 'pentagon': 2, 'triangle': 2, 'rectangle': 1}"
407,contour,0.268,1.138,1.675,3.114,329.96,9,"{'other': 5, 'triangle': 1, 'rectangle': 3}"
408,contour,0.252,1.14,1.635,3.058,330.12,7,"{'pentagon': 2, 'square': 1, 'triangle': 1, 'rectangle': 2, 'other': 1}"
409,contour,0.418,1.475,1.529,3.456,328.61,5,"{'other': 1, 'triangle': 1, 'rectangle': 2, 'pentagon': 1}"
410,contour,0.67,1.235,1.569,3.506,327.09,8,"{'other': 4, 'triangle': 1, 'pentagon': 1, 'rectangle': 2}"
411,contour,0.624,1.147,1.487,3.288,325.75,6,"{'other': 2, 'pentagon': 1, 'triangle': 1, 'rectangle': 2}"
412,contour,0.449,1.208,1.58,3.27,324.84,7,"{'pentagon': 2, 'triangle': 1, 'rectangle': 2, 'other': 2}"
413,contour,0.261,1.211,1.546,3.051,324.21,6,"{'square': 1, 'triangle': 2, 'rectangle': 2, 'other': 1}"
414,contour,0.258,1.167,1.513,2.971,324.18,5,"{'other': 2, 'triangle': 1, 'rectangle': 2}"
415,contour,0.461,1.277,1.504,3.271,323.79,6,"{'pentagon': 1, 'triangle': 1, 'rectangle': 2, 'other': 2}"
416,contour,0.463,1.44,1.538,3.468,321.65,7,"{'other': 2, 'triangle': 1, 'rectangle': 2, 'pentagon': 2}"
417,contour,0.492,1.272,1.556,3.352,320.29,6,"{'other': 2, 'triangle': 1, 'rectangle': 2, 'pentagon': 1}"
418,contour,0.294,1.215,1.607,3.148,319.31,7,"{'other': 3, 'triangle': 1, 'rectangle': 2, 'pentagon': 1}"
419,contour,0.274,1.157,1.593,3.057,319.21,7,"{'other': 1, 'rectangle': 2, 'triangle': 2, 'pentagon': 2}"
420,contour,0.286,1.179,1.581,3.085,319.03,7,"{'other': 3, 'triangle': 2, 'rectangle': 2}"
421,contour,0.388,1.431,1.89,3.741,316.92,8,"{'other': 3, 'rectangle': 2, 'triangle': 2, 'pentagon': 1}"
422,contour,0.266,1.135,1.67,3.103,317.35,8,"{'other': 3, 'rectangle': 3, 'triangle': 2}"
423,contour,0.269,1.198,1.681,3.181,316.51,7,"{'other': 3, 'rectangle': 2, 'triangle': 2}"
424,contour,0.28,1.237,1.78,3.329,315.77,8,"{'other': 3, 'rectangle': 2, 'triangle': 2, 'pentagon': 1}"
425,contour,0.276,1.166,1.681,3.156,314.53,7,"{'other': 1, 'rectangle': 2, 'triangle': 2, 'pentagon': 2}"
426,contour,0.271,1.174,1.707,3.184,314.75,8,"{'other': 3, 'rectangle': 2, 'triangle': 2, 'pentagon': 1}"
427,contour,0.256,1.215,1.581,3.084,314.18,7,"{'other': 3, 'rectangle': 2, 'triangle': 2}"
428,contour,0.408,1.188,1.52,3.142,313.45,7,"{'other': 1, 'rectangle': 2, 'triangle': 2, 'pentagon': 2}"
429,contour,0.264,1.218,1.57,3.082,312.97,7,"{'other': 2, 'rectangle': 2, 'triangle': 2, 'pentagon': 1}"
430,contour,0.297,1.199,1.547,3.073,312.5,7,"{'other': 2, 'rectangle': 2, 'triangle': 2, 'pentagon': 1}"
431,contour,0.32,1.228,1.578,3.159,311.54,7,"{'other': 2, 'rectangle': 2, 'triangle': 2, 'pentagon': 1}"
432,contour,0.291,1.164,1.572,3.061,312.29,7,"{'other': 3, 'rectangle': 2, 'triangle': 2}"
433,contour,0.242,1.111,1.577,2.961,312.54,7,"{'other': 3, 'rectangle': 2, 'triangle': 1, 'pentagon': 1}"
434,contour,0.606,1.773,1.566,3.976,311.18,7,"{'other': 4, 'rectangle': 2, 'triangle': 1}"
435,contour,0.243,1.121,1.502,2.896,311.69,7,"{'other': 3, 'rectangle': 2, 'triangle': 2}"
436,contour,0.303,1.162,1.453,2.947,311.96,5,"{'other': 1, 'rectangle': 3, 'pentagon': 1}"
437,contour,0.276,1.188,1.611,3.106,311.98,8,"{'other': 4, 'rectangle': 2, 'triangle': 2}"
438,contour,0.496,1.177,1.548,3.255,311.34,7,"{'other': 2, 'triangle': 1, 'rectangle': 2, 'pentagon': 2}"
439,contour,0.235,1.13,1.489,2.884,313.2,7,"{'other': 2, 'triangle': 2, 'rectangle': 2, 'pentagon': 1}"
440,contour,0.367,1.365,1.591,3.35,313.71,7,"{'other': 2, 'rectangle': 3, 'triangle': 1, 'pentagon': 1}"
441,contour,0.469,1.172,1.561,3.238,313.87,7,"{'other': 4, 'rectangle': 3}"
442,contour,0.245,1.147,1.57,2.993,314.78,8,"{'other': 4, 'triangle': 1, 'rectangle': 2, 'pentagon': 1}"
443,contour,0.3,1.165,1.53,3.026,314.86,6,"{'other': 2, 'rectangle': 3, 'pentagon': 1}"
444,contour,0.269,1.131,1.541,2.977,314.84,7,"{'other': 3, 'triangle': 1, 'rectangle': 3}"
445,contour,0.327,1.123,1.587,3.07,315.51,8,"{'pentagon': 1, 'rectangle': 4, 'triangle': 1, 'other': 2}"
446,contour,0.243,1.216,1.474,2.96,317.2,7,"{'pentagon': 2, 'other': 4, 'rectangle': 1}"
447,contour,0.431,1.493,1.515,3.471,316.8,8,"{'pentagon': 2, 'other': 3, 'rectangle': 3}"
448,contour,0.255,1.167,1.501,2.952,317.46,8,"{'other': 3, 'rectangle': 2, 'triangle': 2, 'pentagon': 1}"
449,contour,0.247,1.147,1.401,2.825,318.24,6,"{'rectangle': 2, 'other': 1, 'triangle': 1, 'pentagon': 2}"
450,contour,0.279,1.15,1.321,2.778,319.28,5,"{'rectangle': 3, 'other': 2}"
451,contour,0.231,1.098,1.233,2.589,323.25,4,"{'rectangle': 2, 'other': 1, 'pentagon': 1}"
452,contour,0.228,1.095,1.191,2.54,325.22,3,"{'other': 1, 'rectangle': 1, 'pentagon': 1}"
453,contour,0.259,1.78,1.577,3.645,323.6,3,"{'other': 1, 'rectangle': 1, 'pentagon': 1}"
454,contour,0.243,1.135,1.207,2.613,326.11,3,"{'rectangle': 1, 'pentagon': 2}"
455,contour,0.356,1.126,1.135,2.644,327.94,3,"{'other': 2, 'rectangle': 1}"
456,contour,0.248,1.112,1.232,2.617,329.99,6,"{'other': 3, 'pentagon': 1, 'rectangle': 2}"
457,contour,0.398,1.16,1.221,2.807,331.0,5,"{'other': 2, 'pentagon': 2, 'rectangle': 1}"
458,contour,0.256,1.132,1.205,2.622,332.91,3,"{'triangle': 1, 'rectangle': 1, 'other': 1}"
459,contour,0.326,1.124,1.288,2.766,334.07,4,"{'other': 2, 'rectangle': 1, 'pentagon': 1}"
460,contour,0.263,1.174,1.308,2.773,335.2,6,"{'pentagon': 3, 'other': 2, 'rectangle': 1}"
461,contour,0.441,1.124,1.274,2.876,336.26,5,"{'other': 3, 'pentagon': 1, 'rectangle': 1}"
462,contour,0.266,1.163,1.319,2.777,337.33,5,"{'other': 2, 'rectangle': 2, 'pentagon': 1}"
463,contour,0.252,1.214,1.442,2.937,337.43,6,"{'other': 3, 'pentagon': 2, 'rectangle': 1}"
464,contour,0.25,1.156,1.942,3.375,339.72,8,"{'other': 6, 'pentagon': 1, 'rectangle': 1}"
465,contour,0.252,1.105,1.515,2.901,339.7,9,"{'other': 6, 'pentagon': 2, 'rectangle': 1}"
466,contour,0.39,1.871,2.921,5.224,331.16,8,"{'other': 4, 'pentagon': 3, 'rectangle': 1}"
467,contour,0.233,1.148,1.509,2.916,331.86,9,"{'other': 5, 'pentagon': 3, 'rectangle': 1}"
468,contour,0.276,1.141,1.435,2.889,333.21,8,"{'other': 4, 'pentagon': 3, 'rectangle': 1}"
469,contour,0.258,1.191,1.446,2.927,333.05,5,"{'other': 4, 'rectangle': 1}"
470,contour,0.256,1.153,1.501,2.939,334.58,7,"{'other': 6, 'rectangle': 1}"
471,contour,0.26,1.114,1.492,2.897,335.86,6,"{'other': 4, 'pentagon': 1, 'rectangle': 1}"
472,contour,0.333,1.27,1.574,3.208,335.05,8,"{'other': 6, 'rectangle': 1, 'pentagon': 1}"
473,contour,0.233,1.084,1.453,2.799,335.9,7,"{'other': 5, 'pentagon': 1, 'rectangle': 1}"
474,contour,0.408,1.231,1.523,3.192,335.09,7,"{'other': 5, 'pentagon': 1, 'rectangle': 1}"
475,contour,0.253,1.122,1.509,2.918,335.66,8,"{'other': 3, 'pentagon': 4, 'rectangle': 1}"
476,contour,0.242,1.108,1.745,3.123,335.05,7,"{'other': 4, 'pentagon': 2, 'rectangle': 1}"
477,contour,0.247,1.119,1.58,2.975,336.92,7,"{'other': 4, 'pentagon': 2, 'rectangle': 1}"
478,contour,0.326,1.264,1.535,3.154,336.16,7,"{'other': 3, 'pentagon': 3, 'rectangle': 1}"
479,contour,0.243,1.144,1.55,2.966,335.63,7,"{'other': 4, 'pentagon': 2, 'rectangle': 1}"
480,contour,0.253,1.111,1.47,2.86,335.32,6,"{'other': 4, 'pentagon': 1, 'rectangle': 1}"
481,contour,0.242,1.097,1.536,2.903,334.14,7,"{'other': 5, 'pentagon': 1, 'rectangle': 1}"
482,contour,0.26,1.11,1.511,2.907,332.78,7,"{'other': 5, 'pentagon': 1, 'rectangle': 1}"
483,contour,0.28,1.166,1.488,2.963,335.32,6,"{'other': 4, 'pentagon': 1, 'rectangle': 1}"
484,contour,0.251,1.155,1.468,2.901,334.24,6,"{'other': 4, 'triangle': 1, 'rectangle': 1}"
485,contour,0.255,1.156,1.566,3.003,332.91,6,"{'other': 4, 'pentagon': 1, 'rectangle': 1}"
486,contour,0.251,1.21,1.552,3.039,331.36,7,"{'other': 5, 'pentagon': 1, 'rectangle': 1}"
487,contour,0.268,1.181,1.606,3.086,330.34,8,"{'other': 5, 'pentagon': 2, 'rectangle': 1}"
488,contour,0.244,1.137,1.643,3.053,328.78,8,"{'other': 6, 'triangle': 1, 'rectangle': 1}"
489,contour,0.251,1.152,1.502,2.934,328.18,7,"{'other': 4, 'rectangle': 2, 'pentagon': 1}"
490,contour,0.245,1.187,1.618,3.081,327.07,7,"{'other': 4, 'pentagon': 2, 'rectangle': 1}"
491,contour,0.323,1.774,1.8,3.928,323.36,6,"{'other': 4, 'pentagon': 1, 'rectangle': 1}"
492,contour,0.266,1.186,1.499,2.977,322.67,6,"{'other': 4, 'pentagon': 1, 'rectangle': 1}"
493,contour,0.25,1.109,1.614,3.002,322.44,9,"{'other': 6, 'pentagon': 2, 'rectangle': 1}"
494,contour,0.258,1.129,1.529,2.948,323.93,6,"{'other': 3, 'pentagon': 2, 'rectangle': 1}"
495,contour,0.245,1.093,1.593,2.959,323.73,8,"{'other': 5, 'triangle': 1, 'rectangle': 1, 'pentagon': 1}"
496,contour,0.251,1.114,1.611,3.005,331.66,8,"{'other': 5, 'pentagon': 2, 'rectangle': 1}"
497,contour,0.392,1.171,1.556,3.149,330.81,7,"{'other': 5, 'pentagon': 1, 'rectangle': 1}"
498,contour,0.662,1.211,1.587,3.491,328.63,7,"{'other': 5, 'pentagon': 1, 'rectangle': 1}"
499,contour,0.328,1.164,1.666,3.191,327.68,8,"{'other': 5, 'pentagon': 2, 'rectangle': 1}"
500,contour,0.341,1.136,1.555,3.06,327.25,7,"{'other': 5, 'pentagon': 1, 'rectangle': 1}"
501,contour,0.249,1.144,1.643,3.072,326.62,8,"{'other': 5, 'pentagon': 2, 'rectangle': 1}"
502,contour,0.247,1.12,1.447,2.842,327.93,7,"{'other': 5, 'pentagon': 1, 'rectangle': 1}"
503,contour,0.247,1.15,1.524,2.952,327.38,8,"{'other': 6, 'pentagon': 1, 'rectangle': 1}"
504,contour,0.397,1.515,1.592,3.535,326.17,7,"{'other': 5, 'pentagon': 1, 'rectangle': 1}"
505,contour,0.263,1.177,1.484,2.951,326.05,6,"{'other': 4, 'pentagon': 1, 'rectangle': 1}"
506,contour,0.446,1.118,1.576,3.17,325.88,6,"{'other': 2, 'pentagon': 2, 'rectangle': 2}"
507,contour,0.252,1.117,1.57,2.97,325.9,7,"{'other': 4, 'pentagon': 2, 'rectangle': 1}"
508,contour,0.456,1.134,1.548,3.169,325.85,7,"{'other': 5, 'pentagon': 1, 'rectangle': 1}"
509,contour,0.256,1.217,1.527,3.029,325.63,8,"{'other': 5, 'pentagon': 2, 'rectangle': 1}"
510,contour,0.247,1.118,1.537,2.931,325.38,8,"{'other': 4, 'pentagon': 3, 'rectangle': 1}"
511,contour,0.449,1.6,1.8,3.879,321.97,7,"{'other': 4, 'pentagon': 2, 'rectangle': 1}"
512,contour,0.249,1.103,1.523,2.903,321.98,7,"{'other': 3, 'pentagon': 3, 'rectangle': 1}"
513,contour,0.43,1.173,1.515,3.147,321.35,8,"{'other': 5, 'pentagon': 1, 'rectangle': 1, 'triangle': 1}"
514,contour,0.448,1.356,1.533,3.368,319.75,7,"{'other': 4, 'pentagon': 2, 'rectangle': 1}"
515,contour,0.253,1.121,1.539,2.945,319.95,8,"{'other': 5, 'pentagon': 2, 'rectangle': 1}"
516,contour,0.252,1.145,1.53,2.956,320.23,6,"{'other': 3, 'pentagon': 2, 'rectangle': 1}"
517,contour,0.23,1.162,1.487,2.911,320.83,6,"{'other': 3, 'pentagon': 2, 'rectangle': 1}"
518,contour,0.529,1.514,1.568,3.644,318.82,6,"{'other': 4, 'pentagon': 1, 'rectangle': 1}"
519,contour,0.574,1.541,1.57,3.715,316.19,8,"{'other': 4, 'pentagon': 2, 'rectangle': 2}"
520,contour,0.245,1.113,1.535,2.923,316.72,8,"{'other': 4, 'pentagon': 3, 'rectangle': 1}"
521,contour,0.387,1.219,1.482,3.119,319.45,6,"{'other': 4, 'pentagon': 1, 'rectangle': 1}"
522,contour,0.255,1.153,1.501,3.002,319.37,7,"{'other': 4, 'pentagon': 2, 'rectangle': 1}"
523,contour,0.343,1.257,1.585,3.217,318.64,7,"{'other': 3, 'pentagon': 2, 'rectangle': 2}"
524,contour,0.255,1.151,1.532,2.965,318.58,7,"{'other': 4, 'pentagon': 1, 'rectangle': 2}"
525,contour,0.248,1.139,1.393,2.807,319.09,6,"{'other': 4, 'pentagon': 1, 'rectangle': 1}"
526,contour,0.37,1.124,1.42,2.94,319.32,7,"{'other': 5, 'pentagon': 1, 'rectangle': 1}"
527,contour,0.251,1.121,1.548,2.952,319.99,7,"{'other': 4, 'pentagon': 1, 'rectangle': 2}"
528,contour,0.305,1.165,1.503,3.002,321.67,7,"{'other': 3, 'pentagon': 2, 'rectangle': 2}"
529,contour,0.364,1.135,1.551,3.083,322.04,8,"{'other': 4, 'pentagon': 3, 'rectangle': 1}"
530,contour,0.316,1.213,1.483,3.041,322.11,7,"{'other': 5, 'pentagon': 1, 'rectangle': 1}"
531,contour,0.263,1.168,1.507,2.979,322.43,7,"{'other': 4, 'pentagon': 1, 'rectangle': 2}"
532,contour,0.373,1.203,1.523,3.129,321.44,8,"{'other': 5, 'pentagon': 1, 'rectangle': 2}"
533,contour,0.342,1.204,1.522,3.097,320.94,7,"{'other': 4, 'pentagon': 2, 'rectangle': 1}"
534,contour,0.244,1.129,1.575,2.977,322.86,7,"{'other': 4, 'rectangle': 2, 'pentagon': 1}"
535,contour,0.257,1.16,1.695,3.145,322.19,7,"{'other': 4, 'pentagon': 1, 'rectangle': 2}"
536,contour,0.254,1.121,1.472,2.879,323.2,6,"{'other': 4, 'pentagon': 1, 'rectangle': 1}"
537,contour,0.348,1.143,1.425,2.944,323.29,7,"{'other': 5, 'pentagon': 1, 'rectangle': 1}"
538,contour,0.291,1.194,1.485,2.998,323.89,7,"{'other': 5, 'pentagon': 1, 'rectangle': 1}"
539,contour,0.26,1.157,1.458,2.903,324.33,6,"{'other': 3, 'pentagon': 2, 'rectangle': 1}"
540,contour,0.251,1.13,1.517,2.925,324.35,7,"{'other': 4, 'pentagon': 1, 'rectangle': 2}"
541,contour,0.446,1.13,1.559,3.165,326.88,7,"{'other': 3, 'pentagon': 2, 'rectangle': 2}"
542,contour,0.583,1.429,1.588,3.625,324.32,8,"{'other': 3, 'pentagon': 3, 'rectangle': 2}"
543,contour,0.239,1.125,1.455,2.843,325.39,7,"{'other': 5, 'pentagon': 1, 'rectangle': 1}"
544,contour,0.245,1.097,1.458,2.828,327.31,7,"{'other': 4, 'pentagon': 1, 'rectangle': 2}"
545,contour,0.259,1.154,1.557,3.001,327.1,6,"{'other': 2, 'pentagon': 1, 'rectangle': 3}"
546,contour,0.286,1.096,1.54,2.951,327.12,7,"{'other': 3, 'pentagon': 2, 'rectangle': 2}"
547,contour,0.245,1.228,1.59,3.092,326.47,7,"{'other': 5, 'pentagon': 1, 'rectangle': 1}"
548,contour,0.526,1.144,1.492,3.191,328.09,7,"{'other': 4, 'pentagon': 2, 'rectangle': 1}"
549,contour,0.265,1.237,1.452,2.984,330.74,6,"{'other': 3, 'pentagon': 2, 'rectangle': 1}"
550,contour,0.32,1.149,1.485,2.986,330.51,6,"{'other': 3, 'pentagon': 2, 'rectangle': 1}"
551,contour,0.332,1.161,1.469,2.992,330.97,7,"{'other': 4, 'pentagon': 2, 'rectangle': 1}"
552,contour,0.255,1.177,1.466,2.926,331.24,6,"{'other': 4, 'pentagon': 1, 'rectangle': 1}"
553,contour,0.251,1.128,1.502,2.911,332.37,6,"{'other': 3, 'pentagon': 2, 'rectangle': 1}"
554,contour,0.237,1.166,1.41,2.842,332.82,6,"{'other': 3, 'pentagon': 2, 'rectangle': 1}"
555,contour,0.474,1.435,1.573,3.512,330.24,6,"{'other': 4, 'pentagon': 1, 'rectangle': 1}"
556,contour,0.256,1.17,1.475,2.932,330.27,7,"{'other': 2, 'pentagon': 4, 'rectangle': 1}"
557,contour,0.254,1.115,1.435,2.833,330.7,6,"{'other': 3, 'pentagon': 2, 'rectangle': 1}"
558,contour,0.549,1.14,1.496,3.215,329.93,7,"{'other': 5, 'pentagon': 1, 'rectangle': 1}"
559,contour,0.434,1.556,1.57,3.594,328.08,7,"{'other': 3, 'pentagon': 2, 'rectangle': 2}"
560,contour,0.243,1.175,1.617,3.066,328.0,8,"{'other': 5, 'pentagon': 1, 'rectangle': 2}"
561,contour,0.481,1.583,1.515,3.609,325.75,7,"{'other': 3, 'pentagon': 2, 'rectangle': 2}"
562,contour,0.242,1.144,1.496,2.909,326.53,7,"{'other': 4, 'pentagon': 2, 'rectangle': 1}"
563,contour,0.245,1.231,1.54,3.045,326.71,7,"{'other': 5, 'pentagon': 1, 'rectangle': 1}"
564,contour,0.461,1.299,1.524,3.316,325.52,8,"{'other': 6, 'pentagon': 1, 'rectangle': 1}"
565,contour,0.248,1.133,1.51,2.92,326.31,7,"{'other': 4, 'pentagon': 2, 'rectangle': 1}"
566,contour,0.244,1.149,1.484,2.905,326.22,8,"{'other': 5, 'pentagon': 2, 'rectangle': 1}"
567,contour,0.321,1.135,1.454,2.937,326.24,7,"{'other': 4, 'pentagon': 2, 'rectangle': 1}"
568,contour,0.327,1.287,1.469,3.109,325.84,7,"{'other': 4, 'pentagon': 2, 'rectangle': 1}"
569,contour,0.257,1.202,1.531,3.019,325.44,7,"{'other': 5, 'pentagon': 1, 'rectangle': 1}"
570,contour,0.576,1.9,1.516,4.021,321.61,7,"{'other': 5, 'pentagon': 1, 'rectangle': 1}"
571,contour,0.235,1.161,1.49,2.914,322.48,7,"{'other': 4, 'pentagon': 1, 'rectangle': 2}"
572,contour,0.252,1.131,1.59,3.0,324.66,8,"{'other': 5, 'pentagon': 2, 'rectangle': 1}"
573,contour,0.247,1.108,1.551,2.932,324.34,8,"{'other': 4, 'pentagon': 3, 'rectangle': 1}"
574,contour,0.312,1.488,1.615,3.445,322.2,8,"{'other': 4, 'pentagon': 2, 'rectangle': 2}"
575,contour,0.306,1.203,1.514,3.053,322.02,8,"{'other': 4, 'pentagon': 2, 'rectangle': 2}"
576,contour,0.363,1.176,1.512,3.079,321.57,8,"{'other': 4, 'pentagon': 3, 'rectangle': 1}"
577,contour,0.275,1.108,1.505,2.914,322.19,8,"{'other': 6, 'pentagon': 1, 'rectangle': 1}"
578,contour,0.372,1.074,1.425,2.899,323.2,7,"{'other': 4, 'pentagon': 2, 'rectangle': 1}"
579,contour,0.247,1.133,1.454,2.863,323.62,8,"{'other': 5, 'pentagon': 2, 'rectangle': 1}"
580,contour,0.522,1.269,1.499,3.336,322.41,7,"{'other': 4, 'pentagon': 1, 'rectangle': 2}"
581,contour,0.258,1.11,1.442,2.837,322.95,7,"{'other': 3, 'pentagon': 2, 'rectangle': 2}"
582,contour,0.513,1.248,1.55,3.34,321.51,8,"{'other': 4, 'pentagon': 2, 'rectangle': 2}"
583,contour,0.366,1.442,1.596,3.435,319.72,7,"{'other': 4, 'pentagon': 1, 'rectangle': 2}"
584,contour,0.24,1.111,1.577,2.955,319.33,9,"{'triangle': 1, 'other': 5, 'pentagon': 1, 'rectangle': 2}"
585,contour,0.261,1.202,1.605,3.099,320.74,9,"{'other': 6, 'pentagon': 2, 'rectangle': 1}"
586,contour,0.312,1.171,1.552,3.063,320.29,8,"{'other': 4, 'pentagon': 2, 'rectangle': 2}"
587,contour,0.345,1.346,1.551,3.271,318.8,7,"{'rectangle': 3, 'other': 3, 'pentagon': 1}"
588,contour,0.269,1.155,1.517,2.973,319.62,8,"{'other': 6, 'pentagon': 1, 'rectangle': 1}"
589,contour,0.525,1.485,1.468,3.507,319.92,8,"{'triangle': 1, 'rectangle': 2, 'other': 3, 'pentagon': 2}"
590,contour,0.262,1.131,1.43,2.85,320.66,7,"{'other': 4, 'pentagon': 1, 'rectangle': 2}"
591,contour,0.241,1.173,1.481,2.924,323.02,8,"{'other': 5, 'pentagon': 2, 'rectangle': 1}"
592,contour,0.249,1.154,1.389,2.82,323.33,6,"{'other': 5, 'rectangle': 1}"
593,contour,0.245,1.357,1.394,3.02,323.42,7,"{'other': 4, 'rectangle': 2, 'pentagon': 1}"
594,contour,0.418,1.166,1.45,3.059,324.32,7,"{'other': 3, 'rectangle': 3, 'pentagon': 1}"
595,contour,0.541,1.715,1.641,3.924,320.84,7,"{'pentagon': 3, 'other': 3, 'rectangle': 1}"
596,contour,0.256,1.153,1.37,2.808,321.17,9,"{'pentagon': 2, 'other': 6, 'rectangle': 1}"
597,contour,0.246,1.141,1.235,2.647,322.17,6,"{'other': 4, 'rectangle': 1, 'pentagon': 1}"
598,contour,0.268,1.147,1.176,2.617,323.88,5,"{'pentagon': 2, 'other': 2, 'rectangle': 1}"
599,contour,0.392,1.465,1.243,3.129,323.5,3,"{'rectangle': 1, 'square': 1, 'other': 1}"
600,contour,0.262,1.135,1.079,2.501,328.89,3,"{'pentagon': 2, 'other': 1}"
601,contour,0.286,1.126,1.096,2.533,330.27,4,"{'other': 1, 'rectangle': 2, 'pentagon': 1}"
602,contour,0.248,1.107,1.109,2.494,332.12,4,"{'other': 1, 'rectangle': 2, 'pentagon': 1}"
603,contour,0.278,1.13,1.074,2.511,333.68,3,"{'rectangle': 1, 'other': 2}"
604,contour,0.294,1.105,1.105,2.533,337.1,4,"{'other': 3, 'rectangle': 1}"
605,contour,0.329,1.087,1.08,2.524,339.12,3,"{'rectangle': 2, 'other': 1}"
606,contour,0.381,1.448,1.175,3.033,339.3,4,"{'other': 2, 'rectangle': 2}"
607,contour,0.235,1.149,1.219,2.632,340.38,4,"{'other': 2, 'rectangle': 2}"
608,contour,0.335,1.13,1.087,2.579,341.62,3,"{'other': 1, 'rectangle': 1, 'pentagon': 1}"
609,contour,0.254,1.16,1.312,2.756,342.04,6,"{'pentagon': 1, 'rectangle': 3, 'other': 2}"
610,contour,0.25,1.133,1.363,2.773,344.25,6,"{'pentagon': 1, 'triangle': 1, 'other': 3, 'rectangle': 1}"
611,contour,0.265,1.091,1.424,2.809,344.36,7,"{'other': 2, 'triangle': 1, 'rectangle': 3, 'square': 1}"
612,contour,0.249,1.181,1.453,2.91,346.07,7,"{'rectangle': 2, 'other': 4, 'triangle': 1}"
613,contour,0.25,1.116,1.394,2.787,348.68,5,"{'triangle': 1, 'rectangle': 1, 'other': 2, 'pentagon': 1}"
614,contour,0.238,1.069,1.361,2.694,349.74,6,"{'other': 4, 'rectangle': 2}"
615,contour,0.257,1.138,1.45,2.872,350.66,7,"{'other': 4, 'triangle': 1, 'rectangle': 1, 'pentagon': 1}"
616,contour,0.256,1.136,1.496,2.916,351.27,7,"{'other': 3, 'triangle': 2, 'rectangle': 2}"
617,contour,0.232,1.125,1.45,2.836,353.07,7,"{'other': 3, 'pentagon': 1, 'triangle': 1, 'rectangle': 2}"
618,contour,0.281,1.332,1.418,3.059,352.71,6,"{'other': 4, 'triangle': 1, 'rectangle': 1}"
619,contour,0.482,1.176,1.408,3.092,354.44,5,"{'other': 4, 'rectangle': 1}"
620,contour,0.336,1.231,1.32,2.912,354.18,5,"{'other': 4, 'rectangle': 1}"
621,contour,0.462,1.345,1.417,3.252,352.82,9,"{'pentagon': 2, 'triangle': 1, 'other': 5, 'rectangle': 1}"
622,contour,0.259,1.12,1.378,2.783,352.97,7,"{'pentagon': 2, 'other': 4, 'rectangle': 1}"
623,contour,0.262,1.151,1.391,2.829,353.77,8,"{'pentagon': 1, 'other': 4, 'rectangle': 2, 'triangle': 1}"
624,contour,0.258,1.136,1.514,2.934,354.29,9,"{'other': 5, 'pentagon': 1, 'triangle': 1, 'rectangle': 2}"
625,contour,0.375,1.206,1.379,2.986,358.26,8,"{'other': 5, 'pentagon': 1, 'rectangle': 2}"
626,contour,0.504,1.558,1.395,3.484,355.39,8,"{'other': 5, 'rectangle': 3}"
627,contour,0.349,1.107,1.444,2.928,354.21,8,"{'other': 4, 'triangle': 1, 'rectangle': 2, 'pentagon': 1}"
628,contour,0.265,1.122,1.401,2.816,353.38,7,"{'pentagon': 1, 'other': 4, 'rectangle': 2}"
629,contour,0.246,1.164,1.45,2.888,354.39,7,"{'triangle': 1, 'other': 4, 'rectangle': 2}"
630,contour,0.254,1.143,1.6,3.031,352.18,7,"{'rectangle': 3, 'other': 4}"
631,contour,0.247,1.18,1.327,2.781,351.16,7,"{'other': 4, 'rectangle': 3}"
632,contour,0.44,1.288,1.356,3.111,348.64,7,"{'pentagon': 1, 'other': 4, 'rectangle': 2}"
633,contour,0.258,1.205,1.36,2.851,347.27,7,"{'other': 5, 'rectangle': 2}"
634,contour,0.411,1.241,1.284,2.963,345.55,7,"{'other': 4, 'rectangle': 3}"
635,contour,0.242,1.161,1.433,2.862,344.21,8,"{'other': 5, 'pentagon': 1, 'rectangle': 2}"
636,contour,0.267,1.142,1.389,2.823,345.04,8,"{'other': 4, 'rectangle': 3, 'pentagon': 1}"
637,contour,0.277,1.145,1.387,2.835,344.23,7,"{'rectangle': 3, 'other': 4}"
638,contour,0.265,1.115,1.385,2.79,343.4,7,"{'other': 5, 'rectangle': 2}"
639,contour,0.534,1.267,1.402,3.23,341.55,8,"{'pentagon': 1, 'other': 5, 'rectangle': 2}"
640,contour,0.307,1.207,1.412,2.951,340.86,9,"{'pentagon': 1, 'other': 6, 'rectangle': 2}"
641,contour,0.238,1.119,1.538,2.921,340.42,9,"{'other': 5, 'square': 1, 'pentagon': 1, 'rectangle': 2}"
642,contour,0.253,1.297,2.842,4.434,334.64,8,"{'pentagon': 2, 'other': 5, 'rectangle': 1}"
643,contour,0.43,1.262,1.438,3.16,333.25,9,"{'pentagon': 3, 'other': 5, 'rectangle': 1}"
644,contour,0.343,1.201,1.448,3.021,332.04,9,"{'other': 6, 'pentagon': 1, 'rectangle': 2}"
645,contour,0.246,1.265,1.694,3.235,330.72,9,"{'pentagon': 3, 'other': 5, 'rectangle': 1}"
646,contour,0.28,1.168,1.451,2.928,330.67,8,"{'pentagon': 3, 'rectangle': 3, 'other': 2}"
647,contour,0.256,1.251,1.506,3.044,329.91,9,"{'other': 6, 'pentagon': 1, 'rectangle': 2}"
648,contour,0.25,1.249,1.79,3.319,328.97,9,"{'other': 6, 'pentagon': 2, 'rectangle': 1}"
649,contour,0.256,1.157,1.458,2.902,329.66,9,"{'pentagon': 3, 'other': 5, 'rectangle': 1}"
650,contour,0.261,1.358,1.557,3.207,328.59,9,"{'pentagon': 3, 'other': 5, 'rectangle': 1}"
651,contour,0.389,1.306,1.438,3.161,328.92,9,"{'pentagon': 3, 'other': 4, 'rectangle': 2}"
652,contour,0.277,1.213,1.467,2.986,328.19,9,"{'other': 6, 'pentagon': 2, 'rectangle': 1}"
653,contour,0.252,1.452,1.536,3.271,326.61,8,"{'square': 1, 'other': 5, 'rectangle': 2}"
654,contour,0.384,1.493,1.679,3.586,324.31,9,"{'square': 1, 'pentagon': 1, 'other': 5, 'rectangle': 2}"
655,contour,0.24,1.163,1.521,2.953,324.42,9,"{'square': 1, 'pentagon': 1, 'other': 5, 'rectangle': 2}"
656,contour,0.264,1.303,1.589,3.186,325.47,9,"{'other': 6, 'pentagon': 2, 'rectangle': 1}"
657,contour,0.288,1.492,1.689,3.503,323.45,9,"{'square': 1, 'pentagon': 1, 'other': 5, 'rectangle': 2}"
658,contour,0.27,1.204,1.543,3.048,322.64,8,"{'pentagon': 2, 'other': 4, 'rectangle': 2}"
659,contour,0.401,1.169,1.472,3.072,322.01,9,"{'other': 6, 'pentagon': 2, 'rectangle': 1}"
660,contour,0.259,1.201,1.548,3.037,321.99,9,"{'pentagon': 4, 'other': 4, 'rectangle': 1}"
661,contour,0.246,1.138,1.502,2.915,321.52,9,"{'square': 1, 'pentagon': 2, 'other': 5, 'rectangle': 1}"
662,contour,0.308,1.261,1.469,3.065,321.68,9,"{'other': 6, 'pentagon': 2, 'rectangle': 1}"
663,contour,0.242,1.159,1.721,3.166,320.59,9,"{'other': 6, 'pentagon': 1, 'rectangle': 2}"
664,contour,0.241,1.165,1.499,2.933,320.7,9,"{'other': 6, 'pentagon': 1, 'rectangle': 2}"
665,contour,0.434,1.337,1.411,3.208,319.51,9,"{'other': 6, 'pentagon': 1, 'rectangle': 2}"
666,contour,0.252,1.171,1.508,2.961,319.04,9,"{'other': 6, 'pentagon': 1, 'rectangle': 2}"
667,contour,0.294,1.136,1.46,2.922,318.75,8,"{'pentagon': 2, 'other': 4, 'rectangle': 2}"
668,contour,0.249,1.193,1.589,3.116,317.65,8,"{'pentagon': 2, 'other': 4, 'rectangle': 2}"
669,contour,0.233,1.163,1.605,3.032,318.32,9,"{'other': 6, 'pentagon': 1, 'rectangle': 2}"
670,contour,0.259,1.432,1.59,3.31,317.11,9,"{'other': 6, 'pentagon': 1, 'rectangle': 2}"
671,contour,0.241,1.119,1.455,2.843,317.37,9,"{'square': 1, 'other': 5, 'pentagon': 1, 'rectangle': 2}"
672,contour,0.257,1.157,1.439,2.885,322.66,9,"{'square': 1, 'other': 5, 'pentagon': 1, 'rectangle': 2}"
673,contour,0.307,1.193,1.492,3.021,323.14,8,"{'other': 6, 'pentagon': 1, 'rectangle': 1}"
674,contour,0.257,1.153,1.485,2.924,323.48,9,"{'other': 5, 'pentagon': 2, 'rectangle': 2}"
675,contour,0.295,1.155,1.436,2.915,324.6,9,"{'other': 5, 'pentagon': 2, 'rectangle': 2}"
676,contour,0.233,1.154,1.509,2.927,324.61,8,"{'other': 5, 'pentagon': 1, 'rectangle': 2}"
677,contour,0.256,1.41,1.929,3.627,322.57,8,"{'other': 5, 'pentagon': 2, 'rectangle': 1}"
678,contour,0.258,1.13,1.518,2.932,323.92,9,"{'other': 4, 'pentagon': 3, 'rectangle': 2}"
679,contour,0.505,1.915,1.632,4.08,319.85,8,"{'other': 4, 'pentagon': 2, 'rectangle': 2}"
680,contour,0.264,1.168,1.408,2.868,321.01,8,"{'other': 5, 'pentagon': 1, 'rectangle': 2}"
681,contour,0.247,1.105,1.397,2.775,322.34,8,"{'other': 4, 'pentagon': 2, 'rectangle': 2}"
682,contour,0.608,1.409,1.516,3.56,320.36,8,"{'other': 5, 'pentagon': 1, 'rectangle': 2}"
683,contour,0.496,1.673,1.566,3.764,318.69,9,"{'other': 5, 'pentagon': 2, 'rectangle': 2}"
684,contour,0.25,1.188,1.384,2.848,321.21,10,"{'rectangle': 2, 'other': 7, 'pentagon': 1}"
685,contour,0.27,1.099,1.35,2.746,321.92,8,"{'other': 6, 'rectangle': 2}"
686,contour,0.248,1.128,1.419,2.822,323.18,9,"{'other': 5, 'pentagon': 1, 'triangle': 1, 'rectangle': 2}"
687,contour,0.241,1.133,1.493,2.897,325.31,9,"{'other': 4, 'pentagon': 2, 'triangle': 1, 'rectangle': 2}"
688,contour,0.256,1.196,1.455,2.935,325.71,10,"{'rectangle': 2, 'other': 7, 'triangle': 1}"
689,contour,0.299,1.287,1.425,3.039,325.82,10,"{'rectangle': 2, 'square': 1, 'other': 6, 'pentagon': 1}"
690,contour,0.269,1.131,1.434,2.86,326.45,10,"{'rectangle': 2, 'square': 1, 'other': 5, 'pentagon': 1, 'triangle': 1}"
691,contour,0.359,1.286,1.416,3.088,325.84,10,"{'rectangle': 2, 'square': 1, 'other': 5, 'pentagon': 1, 'triangle': 1}"
692,contour,0.251,1.27,1.584,3.129,325.61,9,"{'rectangle': 3, 'other': 5, 'pentagon': 1}"
693,contour,0.246,1.126,1.484,2.886,326.61,9,"{'square': 1, 'other': 4, 'pentagon': 1, 'triangle': 1, 'rectangle': 2}"
694,contour,0.258,1.16,1.46,2.907,326.7,10,"{'rectangle': 3, 'other': 6, 'triangle': 1}"
695,contour,0.288,1.269,1.452,3.038,327.31,10,"{'rectangle': 3, 'other': 6, 'triangle': 1}"
696,contour,0.26,1.108,1.454,2.852,327.7,10,"{'rectangle': 3, 'other': 7}"
697,contour,0.236,1.284,1.489,3.037,327.29,10,"{'rectangle': 3, 'other': 6, 'triangle': 1}"
698,contour,0.366,1.111,1.447,2.954,327.87,9,"{'rectangle': 3, 'other': 5, 'pentagon': 1}"
699,contour,0.247,1.145,1.88,3.312,326.87,9,"{'rectangle': 2, 'other': 5, 'triangle': 1, 'pentagon': 1}"
700,contour,0.331,1.175,1.533,3.069,327.73,10,"{'rectangle': 2, 'other': 7, 'triangle': 1}"
701,contour,0.384,1.498,1.573,3.488,325.44,9,"{'rectangle': 2, 'other': 6, 'triangle': 1}"
702,contour,0.283,1.139,1.674,3.207,324.3,9,"{'rectangle': 2, 'other': 7}"
703,contour,0.509,1.213,1.431,3.183,323.74,9,"{'rectangle': 2, 'other': 6, 'triangle': 1}"
704,contour,0.25,1.106,1.465,2.848,324.0,10,"{'rectangle': 2, 'other': 7, 'triangle': 1}"
705,contour,0.295,1.158,1.461,2.938,323.92,10,"{'rectangle': 2, 'other': 7, 'pentagon': 1}"
706,contour,0.257,1.259,1.526,3.07,323.42,10,"{'other': 8, 'triangle': 1, 'rectangle': 1}"
707,contour,0.254,1.164,1.577,3.025,325.53,10,"{'other': 8, 'triangle': 1, 'rectangle': 1}"
708,contour,0.279,1.486,1.542,3.338,324.1,10,"{'other': 8, 'rectangle': 1, 'pentagon': 1}"
709,contour,0.234,1.152,1.464,2.878,328.37,9,"{'other': 7, 'rectangle': 1, 'pentagon': 1}"
710,contour,0.251,1.157,1.536,2.971,328.0,10,"{'other': 9, 'rectangle': 1}"
711,contour,0.247,1.141,1.467,2.885,327.6,9,"{'other': 6, 'triangle': 1, 'rectangle': 1, 'pentagon': 1}"
712,contour,0.249,1.322,1.57,3.17,329.0,9,"{'other': 7, 'rectangle': 2}"
713,contour,0.256,1.143,1.493,2.921,332.07,10,"{'other': 8, 'rectangle': 2}"
714,contour,0.418,1.227,1.449,3.122,331.07,10,"{'other': 8, 'rectangle': 2}"
715,contour,0.236,1.143,1.461,2.869,330.62,9,"{'other': 7, 'rectangle': 2}"
716,contour,0.252,1.117,1.456,2.852,330.51,8,"{'other': 3, 'rectangle': 3, 'pentagon': 2}"
717,contour,0.25,1.21,1.498,2.983,330.2,10,"{'other': 6, 'pentagon': 3, 'rectangle': 1}"
718,contour,0.397,1.234,1.503,3.163,329.37,9,"{'other': 7, 'pentagon': 1, 'rectangle': 1}"
719,contour,0.523,1.95,1.434,3.936,326.16,9,"{'other': 5, 'pentagon': 2, 'triangle': 1, 'rectangle': 1}"
720,contour,0.273,1.169,1.402,2.871,326.12,8,"{'other': 7, 'rectangle': 1}"
721,contour,0.234,1.138,1.551,2.952,326.6,10,"{'other': 8, 'rectangle': 2}"
722,contour,0.243,1.203,1.439,2.91,327.38,10,"{'other': 8, 'rectangle': 2}"
723,contour,0.57,1.34,1.475,3.415,325.5,8,"{'other': 5, 'pentagon': 1, 'rectangle': 2}"
724,contour,0.254,1.143,1.48,2.905,325.51,10,"{'other': 7, 'rectangle': 2, 'triangle': 1}"
725,contour,0.318,1.15,1.459,2.956,325.8,10,"{'other': 7, 'triangle': 2, 'rectangle': 1}"
726,contour,0.366,1.123,1.473,2.99,325.31,10,"{'other': 8, 'rectangle': 2}"
727,contour,0.239,1.455,1.538,3.26,324.53,10,"{'other': 7, 'triangle': 2, 'rectangle': 1}"
728,contour,0.434,1.115,1.431,3.006,324.34,10,"{'other': 8, 'rectangle': 2}"
729,contour,0.285,1.168,1.486,2.971,325.54,10,"{'other': 7, 'pentagon': 1, 'rectangle': 2}"
730,contour,0.32,1.132,1.451,2.931,326.03,9,"{'other': 6, 'rectangle': 3}"
731,contour,0.406,1.136,1.454,3.025,327.68,8,"{'other': 6, 'pentagon': 1, 'rectangle': 1}"
732,contour,0.399,1.264,1.423,3.115,328.01,8,"{'other': 7, 'rectangle': 1}"
733,contour,0.383,1.6,1.481,3.493,326.9,9,"{'other': 7, 'square': 1, 'rectangle': 1}"
734,contour,0.247,1.131,1.464,2.872,326.82,8,"{'other': 7, 'rectangle': 1}"
735,contour,0.286,1.126,1.398,2.84,327.17,8,"{'other': 6, 'triangle': 1, 'rectangle': 1}"
736,contour,0.264,1.136,1.506,2.937,327.65,9,"{'other': 8, 'rectangle': 1}"
737,contour,0.253,1.136,1.494,2.913,328.05,9,"{'other': 7, 'triangle': 1, 'rectangle': 1}"
738,contour,0.257,1.136,1.446,2.867,329.75,9,"{'other': 6, 'pentagon': 1, 'triangle': 1, 'rectangle': 1}"
739,contour,0.329,1.161,1.411,2.929,329.56,7,"{'pentagon': 1, 'other': 4, 'rectangle': 2}"
740,contour,0.247,1.326,1.415,3.053,329.27,8,"{'other': 6, 'rectangle': 2}"
741,contour,0.248,1.141,1.402,2.818,329.51,7,"{'other': 5, 'rectangle': 2}"
742,contour,0.274,1.247,1.45,2.998,330.13,7,"{'other': 5, 'rectangle': 2}"
743,contour,0.277,1.141,1.485,2.935,330.08,7,"{'other': 5, 'rectangle': 2}"
744,contour,0.251,1.172,1.456,2.907,330.86,7,"{'other': 5, 'rectangle': 2}"
745,contour,0.254,1.159,1.382,2.823,331.03,7,"{'pentagon': 1, 'other': 4, 'rectangle': 2}"
746,contour,0.242,1.166,1.322,2.758,331.37,7,"{'triangle': 1, 'other': 4, 'rectangle': 2}"
747,contour,0.469,1.265,1.357,3.121,330.87,7,"{'other': 5, 'rectangle': 2}"
748,contour,0.283,1.159,1.366,2.834,332.07,7,"{'triangle': 1, 'other': 4, 'rectangle': 2}"
749,contour,0.336,1.128,1.43,2.923,335.84,7,"{'triangle': 1, 'other': 4, 'rectangle': 2}"
750,contour,0.256,1.139,1.359,2.781,336.18,7,"{'pentagon': 1, 'other': 4, 'rectangle': 2}"
751,contour,0.252,1.267,1.585,3.134,335.49,8,"{'other': 6, 'rectangle': 2}"
752,contour,0.252,1.148,1.4,2.829,335.8,8,"{'other': 4, 'triangle': 1, 'pentagon': 1, 'rectangle': 2}"
753,contour,0.476,1.432,1.4,3.338,336.09,7,"{'pentagon': 2, 'other': 3, 'rectangle': 2}"
754,contour,0.256,1.164,1.46,2.907,336.08,7,"{'triangle': 1, 'pentagon': 1, 'rectangle': 2, 'other': 3}"
755,contour,0.254,1.103,1.369,2.752,336.85,7,"{'triangle': 1, 'pentagon': 1, 'rectangle': 2, 'other': 3}"
756,contour,0.243,1.124,1.395,2.789,337.61,8,"{'other': 5, 'triangle': 1, 'rectangle': 2}"
757,contour,0.253,1.125,1.434,2.84,339.21,9,"{'other': 5, 'triangle': 1, 'rectangle': 2, 'pentagon': 1}"
758,contour,0.488,1.519,1.4,3.437,337.57,8,"{'other': 4, 'triangle': 2, 'rectangle': 2}"
759,contour,0.39,1.255,1.41,3.084,337.13,8,"{'other': 4, 'triangle': 1, 'pentagon': 1, 'rectangle': 2}"
760,contour,0.254,1.131,1.588,3.002,336.87,8,"{'other': 5, 'triangle': 1, 'rectangle': 2}"
761,contour,0.266,1.14,1.452,2.887,337.39,8,"{'other': 5, 'pentagon': 1, 'rectangle': 2}"
762,contour,0.272,1.253,1.426,2.981,337.9,7,"{'pentagon': 1, 'other': 4, 'rectangle': 2}"
763,contour,0.262,1.247,1.406,2.946,340.0,7,"{'other': 5, 'rectangle': 2}"
764,contour,0.256,1.174,1.373,2.83,340.16,7,"{'other': 4, 'pentagon': 1, 'rectangle': 2}"
765,contour,0.364,1.285,1.376,3.052,339.35,7,"{'other': 5, 'rectangle': 2}"
766,contour,0.51,1.385,1.37,3.292,337.99,6,"{'other': 4, 'rectangle': 2}"
767,contour,0.468,1.175,1.362,3.035,337.52,7,"{'other': 4, 'pentagon': 1, 'rectangle': 2}"
768,contour,0.253,1.217,1.465,2.962,337.16,8,"{'square': 1, 'pentagon': 1, 'other': 4, 'rectangle': 2}"
769,contour,0.248,1.376,1.722,3.369,335.51,8,"{'other': 4, 'pentagon': 1, 'rectangle': 3}"
770,contour,0.256,1.365,2.025,3.68,333.17,9,"{'triangle': 1, 'other': 5, 'rectangle': 3}"
771,contour,0.519,1.599,1.436,3.579,330.38,9,"{'other': 5, 'pentagon': 1, 'triangle': 1, 'rectangle': 2}"
772,contour,0.331,1.352,1.442,3.149,329.83,9,"{'other': 5, 'triangle': 1, 'rectangle': 3}"
773,contour,0.255,1.118,1.366,2.763,330.46,9,"{'other': 5, 'triangle': 1, 'rectangle': 3}"
774,contour,0.336,1.117,1.37,2.848,330.67,8,"{'other': 5, 'triangle': 1, 'pentagon': 1, 'rectangle': 1}"
775,contour,0.242,1.139,1.389,2.796,330.77,8,"{'rectangle': 2, 'other': 5, 'pentagon': 1}"
776,contour,0.249,1.19,1.365,2.829,330.51,8,"{'other': 6, 'pentagon': 1, 'rectangle': 1}"
777,contour,0.257,1.12,1.422,2.828,331.58,8,"{'other': 5, 'rectangle': 3}"
778,contour,0.421,1.305,1.575,3.329,329.78,8,"{'other': 5, 'rectangle': 3}"
779,contour,0.248,1.102,1.422,2.798,330.23,8,"{'other': 4, 'rectangle': 3, 'pentagon': 1}"
780,contour,0.239,1.198,1.383,2.847,329.99,7,"{'other': 4, 'rectangle': 3}"
781,contour,0.392,1.145,1.634,3.198,329.76,9,"{'other': 5, 'rectangle': 3, 'triangle': 1}"
782,contour,0.239,1.155,1.436,2.857,329.65,8,"{'rectangle': 3, 'other': 4, 'pentagon': 1}"
783,contour,0.245,1.257,1.394,2.926,331.15,7,"{'rectangle': 2, 'other': 5}"
784,contour,0.244,1.145,1.407,2.826,331.45,7,"{'rectangle': 2, 'other': 5}"
785,contour,0.391,1.453,1.397,3.269,329.57,8,"{'rectangle': 2, 'other': 5, 'triangle': 1}"
786,contour,0.409,1.411,1.373,3.222,328.01,7,"{'rectangle': 2, 'other': 5}"
787,contour,0.391,1.33,1.461,3.21,326.69,8,"{'rectangle': 2, 'other': 5, 'triangle': 1}"
788,contour,0.369,1.119,1.482,3.0,328.25,8,"{'rectangle': 3, 'other': 4, 'triangle': 1}"
789,contour,0.245,1.176,1.423,2.874,329.01,7,"{'rectangle': 2, 'other': 5}"
790,contour,0.331,1.125,1.615,3.104,328.64,8,"{'rectangle': 3, 'other': 4, 'triangle': 1}"
791,contour,0.431,1.218,1.465,3.145,327.71,8,"{'rectangle': 2, 'other': 5, 'triangle': 1}"
792,contour,0.246,1.281,1.552,3.109,327.25,8,"{'rectangle': 2, 'other': 5, 'triangle': 1}"
793,contour,0.445,1.301,1.549,3.325,325.9,9,"{'rectangle': 3, 'other': 5, 'triangle': 1}"
794,contour,0.255,1.15,1.518,2.953,325.47,8,"{'rectangle': 2, 'other': 5, 'triangle': 1}"
795,contour,0.257,1.146,1.506,2.941,325.86,8,"{'rectangle': 2, 'other': 6}"
796,contour,0.246,1.423,1.705,3.405,325.47,9,"{'rectangle': 2, 'other': 6, 'triangle': 1}"
797,contour,0.252,1.262,1.556,3.103,325.22,7,"{'rectangle': 3, 'other': 4}"
798,contour,0.25,1.149,1.437,2.864,325.57,8,"{'rectangle': 2, 'other': 5, 'triangle': 1}"
799,contour,0.245,1.144,1.465,2.883,327.29,8,"{'rectangle': 3, 'other': 5}"
800,contour,0.252,1.136,1.471,2.887,330.15,8,"{'rectangle': 3, 'other': 4, 'triangle': 1}"
801,contour,0.242,1.15,1.49,2.911,332.6,8,"{'rectangle': 4, 'other': 4}"
802,contour,0.287,1.189,1.45,2.956,333.31,8,"{'rectangle': 2, 'other': 5, 'pentagon': 1}"
803,contour,0.249,1.186,1.465,2.925,332.71,8,"{'rectangle': 3, 'other': 4, 'pentagon': 1}"
804,contour,0.264,1.159,1.456,2.909,332.48,7,"{'other': 5, 'rectangle': 2}"
805,contour,0.255,1.162,1.418,2.862,332.24,7,"{'other': 5, 'rectangle': 2}"
806,contour,0.265,1.136,1.404,2.831,332.23,7,"{'other': 5, 'rectangle': 2}"
807,contour,0.256,1.155,1.406,2.842,332.18,7,"{'other': 5, 'rectangle': 2}"
808,contour,0.254,1.11,1.47,2.861,333.91,9,"{'other': 6, 'rectangle': 2, 'pentagon': 1}"
809,contour,0.254,1.604,1.569,3.455,331.49,9,"{'other': 6, 'rectangle': 2, 'pentagon': 1}"
810,contour,0.253,1.146,1.416,2.844,331.5,8,"{'other': 5, 'rectangle': 3}"
811,contour,0.271,1.184,1.383,2.864,332.73,8,"{'other': 6, 'rectangle': 2}"
812,contour,0.245,1.137,1.353,2.762,333.08,8,"{'other': 6, 'pentagon': 1, 'rectangle': 1}"
813,contour,0.248,1.191,1.421,2.887,333.22,9,"{'rectangle': 3, 'other': 5, 'pentagon': 1}"
814,contour,0.248,1.164,1.392,2.838,333.18,8,"{'other': 6, 'rectangle': 2}"
815,contour,0.277,1.226,1.425,2.969,334.29,9,"{'rectangle': 2, 'other': 6, 'triangle': 1}"
816,contour,0.272,1.194,1.434,2.929,335.38,10,"{'rectangle': 3, 'other': 5, 'pentagon': 2}"
817,contour,0.331,1.338,1.481,3.178,335.5,9,"{'rectangle': 2, 'other': 6, 'triangle': 1}"
818,contour,0.3,1.306,1.514,3.149,334.95,9,"{'rectangle': 2, 'other': 6, 'triangle': 1}"
819,contour,0.254,1.154,1.455,2.894,334.87,9,"{'rectangle': 2, 'other': 4, 'triangle': 3}"
820,contour,0.252,1.153,1.442,2.875,335.73,9,"{'rectangle': 2, 'other': 4, 'triangle': 3}"
821,contour,0.255,1.173,1.462,2.933,336.53,8,"{'rectangle': 2, 'other': 4, 'triangle': 2}"
822,contour,0.692,2.172,2.584,5.517,327.68,8,"{'rectangle': 2, 'other': 6}"
823,contour,0.242,1.414,1.556,3.245,327.97,8,"{'rectangle': 2, 'other': 6}"
824,contour,0.261,1.129,1.441,2.865,328.28,8,"{'other': 4, 'pentagon': 1, 'triangle': 1, 'rectangle': 2}"
825,contour,0.244,1.474,1.434,3.179,327.43,10,"{'rectangle': 3, 'other': 6, 'pentagon': 1}"
826,contour,0.244,1.145,1.449,2.865,329.37,9,"{'rectangle': 3, 'other': 5, 'triangle': 1}"
827,contour,0.422,1.299,1.406,3.158,329.17,9,"{'rectangle': 3, 'other': 6}"
828,contour,0.245,1.148,1.469,2.891,329.07,9,"{'rectangle': 3, 'other': 4, 'pentagon': 1, 'triangle': 1}"
829,contour,0.467,1.383,1.41,3.289,327.61,9,"{'rectangle': 2, 'square': 1, 'other': 4, 'pentagon': 1, 'triangle': 1}"
830,contour,0.536,1.554,1.519,3.654,324.89,9,"{'rectangle': 3, 'other': 5, 'pentagon': 1}"
831,contour,0.267,1.181,1.557,3.037,324.45,9,"{'rectangle': 2, 'other': 5, 'pentagon': 1, 'triangle': 1}"
832,contour,0.417,1.51,1.585,3.542,322.4,9,"{'rectangle': 3, 'other': 6}"
833,contour,0.506,1.197,1.55,3.289,321.15,8,"{'square': 1, 'other': 6, 'rectangle': 1}"
834,contour,0.309,1.182,1.447,2.965,320.95,8,"{'other': 5, 'pentagon': 1, 'rectangle': 2}"
835,contour,0.266,1.131,1.426,2.853,320.99,8,"{'other': 6, 'pentagon': 1, 'rectangle': 1}"
836,contour,0.242,1.139,1.428,2.839,320.96,8,"{'square': 1, 'pentagon': 1, 'other': 4, 'rectangle': 2}"
837,contour,0.282,1.369,1.563,3.243,319.59,8,"{'square': 1, 'other': 5, 'rectangle': 2}"
838,contour,0.381,1.117,1.492,3.022,319.04,8,"{'square': 1, 'other': 5, 'rectangle': 2}"
839,contour,0.242,1.117,1.408,2.796,321.3,8,"{'square': 1, 'other': 4, 'rectangle': 3}"
840,contour,0.28,1.157,1.413,2.879,321.18,9,"{'rectangle': 3, 'other': 5, 'pentagon': 1}"
841,contour,0.246,1.186,1.429,2.89,321.09,9,"{'rectangle': 2, 'other': 5, 'pentagon': 2}"
842,contour,0.408,1.247,1.421,3.107,319.91,8,"{'rectangle': 3, 'other': 4, 'pentagon': 1}"
843,contour,0.27,1.2,1.411,2.914,319.82,8,"{'other': 6, 'rectangle': 2}"
844,contour,0.338,1.483,1.563,3.412,317.87,7,"{'other': 5, 'rectangle': 2}"
845,contour,0.256,1.207,1.389,2.884,318.16,7,"{'other': 5, 'rectangle': 2}"
846,contour,0.261,1.323,1.44,3.052,317.74,8,"{'rectangle': 3, 'other': 5}"
847,contour,0.309,1.133,1.509,2.983,318.4,8,"{'other': 6, 'rectangle': 2}"
848,contour,0.273,1.202,1.45,2.953,319.06,8,"{'rectangle': 3, 'other': 5}"
849,contour,0.356,1.206,1.384,2.976,318.78,8,"{'rectangle': 3, 'other': 5}"
850,contour,0.357,1.393,1.513,3.291,317.38,7,"{'other': 5, 'rectangle': 2}"
851,contour,0.257,1.165,1.334,2.785,317.87,7,"{'pentagon': 3, 'other': 3, 'rectangle': 1}"
852,contour,0.323,1.26,1.35,2.96,326.73,7,"{'other': 5, 'rectangle': 2}"
853,contour,0.255,1.317,1.638,3.242,326.74,8,"{'other': 6, 'rectangle': 2}"
854,contour,0.35,1.164,1.403,2.948,326.44,7,"{'other': 5, 'rectangle': 2}"
855,contour,0.41,1.257,1.473,3.177,326.45,7,"{'other': 5, 'rectangle': 2}"
856,contour,0.267,1.465,1.592,3.358,324.71,7,"{'other': 5, 'rectangle': 2}"
857,contour,0.301,1.194,1.428,2.953,325.44,8,"{'other': 6, 'rectangle': 2}"
858,contour,0.415,1.396,1.466,3.306,323.98,8,"{'other': 5, 'pentagon': 1, 'rectangle': 2}"
859,contour,0.33,1.201,1.492,3.052,324.81,8,"{'other': 6, 'rectangle': 2}"
860,contour,0.241,1.145,1.407,2.821,327.77,7,"{'other': 5, 'rectangle': 2}"
861,contour,0.261,1.156,1.504,2.947,328.09,7,"{'other': 5, 'rectangle': 2}"
862,contour,0.361,1.752,1.565,3.709,327.49,7,"{'other': 5, 'pentagon': 1, 'rectangle': 1}"
863,contour,0.275,1.146,1.481,2.937,328.75,7,"{'other': 5, 'rectangle': 2}"
864,contour,0.416,1.511,1.351,3.305,327.53,7,"{'other': 5, 'pentagon': 1, 'rectangle': 1}"
865,contour,0.25,1.131,1.401,2.812,327.68,7,"{'pentagon': 2, 'other': 4, 'rectangle': 1}"
866,contour,0.249,1.142,1.366,2.786,327.87,7,"{'other': 5, 'pentagon': 1, 'rectangle': 1}"
867,contour,0.243,1.135,1.373,2.778,329.54,7,"{'pentagon': 1, 'other': 4, 'rectangle': 2}"
868,contour,0.262,1.154,1.434,2.88,330.06,8,"{'other': 5, 'pentagon': 1, 'rectangle': 2}"
869,contour,0.252,1.486,1.692,3.464,327.65,7,"{'pentagon': 2, 'other': 3, 'triangle': 1, 'rectangle': 1}"
870,contour,0.435,1.598,1.512,3.572,325.19,8,"{'other': 7, 'rectangle': 1}"
871,contour,0.314,1.274,1.418,3.035,324.67,8,"{'other': 5, 'pentagon': 1, 'triangle': 1, 'rectangle': 1}"
872,contour,0.438,1.379,1.444,3.292,324.03,7,"{'other': 5, 'rectangle': 2}"
873,contour,0.24,1.103,1.423,2.796,324.44,7,"{'other': 5, 'pentagon': 1, 'rectangle': 1}"
874,contour,0.274,1.219,1.436,2.956,326.05,8,"{'other': 6, 'pentagon': 1, 'rectangle': 1}"
875,contour,0.241,1.337,1.464,3.075,325.37,7,"{'pentagon': 2, 'other': 4, 'rectangle': 1}"
876,contour,0.249,1.128,1.677,3.089,325.24,8,"{'other': 5, 'pentagon': 2, 'rectangle': 1}"
877,contour,0.429,1.247,1.481,3.185,324.53,7,"{'other': 5, 'rectangle': 2}"
878,contour,0.257,1.128,1.388,2.803,325.06,7,"{'pentagon': 2, 'other': 4, 'rectangle': 1}"
879,contour,0.248,1.12,1.446,2.842,325.53,8,"{'other': 5, 'pentagon': 2, 'rectangle': 1}"
880,contour,0.249,1.144,1.437,2.859,327.07,8,"{'square': 1, 'other': 5, 'rectangle': 2}"
881,contour,0.257,1.592,1.523,3.404,324.88,8,"{'other': 7, 'rectangle': 1}"
882,contour,0.259,1.14,1.389,2.815,325.39,8,"{'other': 7, 'rectangle': 1}"
883,contour,0.316,1.418,1.461,3.223,325.46,8,"{'other': 6, 'rectangle': 2}"
884,contour,0.258,1.15,1.432,2.869,325.73,8,"{'square': 1, 'other': 5, 'rectangle': 2}"
885,contour,0.236,1.114,1.428,2.806,327.05,8,"{'square': 1, 'other': 5, 'rectangle': 2}"
886,contour,0.244,1.125,1.381,2.777,329.13,8,"{'rectangle': 2, 'other': 5, 'pentagon': 1}"
887,contour,0.259,1.305,1.68,3.275,327.97,8,"{'square': 1, 'other': 5, 'rectangle': 2}"
888,contour,0.253,1.122,1.409,2.809,329.77,8,"{'rectangle': 2, 'other': 5, 'pentagon': 1}"
889,contour,0.399,1.194,1.349,2.97,330.06,7,"{'rectangle': 2, 'other': 4, 'pentagon': 1}"
890,contour,0.261,1.112,1.345,2.743,330.34,7,"{'square': 1, 'other': 4, 'pentagon': 1, 'rectangle': 1}"
891,contour,0.351,1.135,1.346,2.857,330.67,7,"{'other': 5, 'pentagon': 1, 'rectangle': 1}"
892,contour,0.281,1.141,1.358,2.809,333.99,7,"{'other': 5, 'triangle': 1, 'rectangle': 1}"
893,contour,0.256,1.132,1.739,3.163,333.15,8,"{'rectangle': 2, 'other': 5, 'pentagon': 1}"
894,contour,0.253,1.167,1.411,2.861,334.8,8,"{'rectangle': 2, 'pentagon': 3, 'other': 3}"
895,contour,0.244,1.326,1.621,3.221,333.27,8,"{'rectangle': 3, 'square': 1, 'other': 4}"
896,contour,0.746,1.431,1.661,3.866,329.32,8,"{'rectangle': 2, 'other': 5, 'triangle': 1}"
897,contour,0.31,1.224,1.412,2.974,328.62,8,"{'rectangle': 3, 'other': 5}"
898,contour,0.682,1.538,1.952,4.22,323.87,8,"{'rectangle': 2, 'other': 5, 'pentagon': 1}"
899,contour,0.348,1.46,1.578,3.416,324.03,8,"{'rectangle': 2, 'pentagon': 2, 'other': 4}"
900,contour,0.534,1.513,1.398,3.473,324.38,8,"{'rectangle': 2, 'other': 5, 'pentagon': 1}"
901,contour,0.247,1.162,1.422,2.857,325.0,8,"{'rectangle': 2, 'pentagon': 1, 'other': 4, 'triangle': 1}"
902,contour,0.431,1.257,1.468,3.186,325.38,8,"{'rectangle': 4, 'other': 3, 'triangle': 1}"
903,contour,0.253,1.153,1.376,2.811,325.32,8,"{'rectangle': 2, 'square': 1, 'other': 4, 'pentagon': 1}"
904,contour,0.259,1.15,1.35,2.786,325.92,7,"{'square': 1, 'other': 4, 'triangle': 1, 'rectangle': 1}"
905,contour,0.263,1.143,1.435,2.869,326.65,8,"{'other': 5, 'triangle': 1, 'rectangle': 2}"
906,contour,0.247,1.149,1.397,2.821,327.61,8,"{'other': 6, 'pentagon': 1, 'rectangle': 1}"
907,contour,0.247,1.277,1.466,3.02,328.2,7,"{'pentagon': 1, 'other': 5, 'rectangle': 1}"
908,contour,0.29,1.346,1.397,3.06,327.28,7,"{'other': 5, 'rectangle': 2}"
909,contour,0.264,1.158,1.385,2.833,327.31,8,"{'rectangle': 2, 'other': 4, 'pentagon': 1, 'triangle': 1}"
910,contour,0.287,1.35,1.471,3.137,326.32,7,"{'other': 6, 'rectangle': 1}"
911,contour,0.247,1.106,1.318,2.699,328.84,7,"{'other': 5, 'rectangle': 2}"
912,contour,0.256,1.144,1.339,2.766,329.02,7,"{'other': 5, 'pentagon': 1, 'rectangle': 1}"
913,contour,0.252,1.162,1.334,2.774,330.65,7,"{'other': 5, 'pentagon': 1, 'rectangle': 1}"
914,contour,0.251,1.134,1.365,2.777,330.98,7,"{'other': 5, 'pentagon': 1, 'rectangle': 1}"
915,contour,0.316,1.196,1.371,2.911,330.6,7,"{'pentagon': 2, 'other': 4, 'rectangle': 1}"
916,contour,0.248,1.362,1.457,3.094,329.45,7,"{'other': 5, 'pentagon': 1, 'rectangle': 1}"
917,contour,0.249,1.466,1.398,3.142,329.93,7,"{'pentagon': 1, 'other': 5, 'rectangle': 1}"
918,contour,0.505,1.485,1.54,3.56,327.23,7,"{'pentagon': 3, 'other': 3, 'rectangle': 1}"
919,contour,0.353,1.178,1.375,2.931,327.37,8,"{'other': 6, 'pentagon': 1, 'rectangle': 1}"
920,contour,0.26,1.209,1.382,2.88,326.88,7,"{'pentagon': 1, 'other': 4, 'rectangle': 2}"
921,contour,0.286,1.159,1.419,2.896,326.74,8,"{'other': 5, 'pentagon': 2, 'rectangle': 1}"
922,contour,0.503,1.237,1.37,3.138,325.57,7,"{'pentagon': 1, 'other': 5, 'rectangle': 1}"
923,contour,0.501,1.443,1.368,3.339,324.95,7,"{'pentagon': 1, 'other': 4, 'rectangle': 2}"
924,contour,0.362,1.279,1.521,3.193,323.79,7,"{'pentagon': 2, 'other': 4, 'rectangle': 1}"
925,contour,0.244,1.133,1.43,2.837,325.14,8,"{'other': 6, 'triangle': 1, 'rectangle': 1}"
926,contour,0.252,1.142,1.384,2.805,328.92,8,"{'other': 6, 'pentagon': 1, 'rectangle': 1}"
927,contour,0.362,1.493,1.36,3.243,327.95,7,"{'triangle': 2, 'other': 3, 'pentagon': 1, 'rectangle': 1}"
928,contour,0.399,1.127,1.392,2.949,332.58,7,"{'other': 4, 'pentagon': 1, 'triangle': 1, 'rectangle': 1}"
929,contour,0.248,1.109,1.398,2.782,334.93,7,"{'pentagon': 1, 'other': 5, 'rectangle': 1}"
930,contour,0.242,1.139,1.362,2.771,337.58,7,"{'triangle': 2, 'other': 4, 'rectangle': 1}"
931,contour,0.253,1.168,1.442,2.895,337.43,7,"{'pentagon': 1, 'other': 4, 'rectangle': 2}"
932,contour,0.255,1.136,1.418,2.838,338.76,7,"{'triangle': 1, 'other': 5, 'rectangle': 1}"
933,contour,0.322,1.35,1.41,3.115,337.6,7,"{'triangle': 1, 'other': 4, 'rectangle': 2}"
934,contour,0.725,1.558,1.47,3.788,333.83,7,"{'pentagon': 2, 'other': 4, 'rectangle': 1}"
935,contour,0.244,1.244,1.675,3.193,332.64,7,"{'pentagon': 1, 'other': 5, 'rectangle': 1}"
936,contour,0.241,1.142,1.389,2.799,332.72,7,"{'other': 6, 'rectangle': 1}"
937,contour,0.246,1.138,1.397,2.809,333.5,7,"{'triangle': 1, 'other': 4, 'pentagon': 1, 'rectangle': 1}"
938,contour,0.248,1.145,1.399,2.822,334.38,7,"{'pentagon': 1, 'other': 4, 'triangle': 1, 'rectangle': 1}"
939,contour,0.254,1.127,1.362,2.77,334.62,7,"{'other': 5, 'pentagon': 1, 'rectangle': 1}"
940,contour,0.327,1.139,1.479,2.975,335.23,7,"{'other': 5, 'rectangle': 2}"
941,contour,0.329,1.126,1.379,2.863,334.61,8,"{'other': 6, 'pentagon': 1, 'rectangle': 1}"
942,contour,0.26,1.365,1.417,3.072,333.48,7,"{'other': 4, 'triangle': 1, 'rectangle': 2}"
943,contour,0.258,1.324,1.453,3.068,332.39,8,"{'other': 7, 'rectangle': 1}"
944,contour,0.262,1.122,1.436,2.849,332.12,8,"{'other': 6, 'rectangle': 1, 'pentagon': 1}"
945,contour,0.255,1.275,1.435,2.995,331.82,8,"{'other': 6, 'pentagon': 1, 'rectangle': 1}"
946,contour,0.233,1.365,1.47,3.097,331.81,8,"{'other': 6, 'rectangle': 2}"
947,contour,0.262,1.156,1.365,2.814,333.02,7,"{'other': 4, 'triangle': 1, 'rectangle': 2}"
948,contour,0.255,1.193,1.386,2.861,335.62,8,"{'other': 4, 'pentagon': 2, 'triangle': 1, 'rectangle': 1}"
949,contour,0.25,1.145,1.462,2.889,335.78,7,"{'other': 4, 'pentagon': 1, 'triangle': 1, 'rectangle': 1}"
950,contour,0.249,1.2,1.378,2.857,335.87,7,"{'triangle': 2, 'other': 3, 'pentagon': 1, 'rectangle': 1}"
951,contour,0.259,1.307,1.41,3.007,335.45,7,"{'pentagon': 1, 'other': 3, 'triangle': 1, 'rectangle': 2}"
952,contour,0.259,1.199,1.415,2.901,336.34,7,"{'pentagon': 2, 'other': 4, 'rectangle': 1}"
953,contour,0.299,1.553,1.379,3.261,336.64,7,"{'pentagon': 1, 'other': 3, 'triangle': 1, 'rectangle': 2}"
954,contour,0.244,1.112,1.386,2.771,338.24,7,"{'pentagon': 2, 'other': 2, 'triangle': 1, 'rectangle': 2}"
955,contour,0.523,1.154,1.354,3.059,337.4,7,"{'other': 4, 'triangle': 1, 'rectangle': 2}"
956,contour,0.358,1.132,1.387,2.907,337.01,7,"{'pentagon': 1, 'other': 3, 'triangle': 1, 'rectangle': 2}"
957,contour,0.518,1.362,1.42,3.33,336.68,8,"{'other': 4, 'pentagon': 1, 'triangle': 1, 'rectangle': 2}"
958,contour,0.249,1.154,1.747,3.184,335.8,8,"{'other': 3, 'triangle': 2, 'rectangle': 2, 'pentagon': 1}"
959,contour,0.246,1.195,1.492,2.964,335.11,7,"{'triangle': 1, 'other': 3, 'rectangle': 2, 'pentagon': 1}"
960,contour,0.274,1.111,1.402,2.815,334.95,7,"{'pentagon': 1, 'other': 3, 'triangle': 1, 'rectangle': 2}"
961,contour,0.261,1.165,1.422,2.876,335.02,7,"{'other': 6, 'rectangle': 1}"
962,contour,0.252,1.28,1.787,3.357,333.09,7,"{'pentagon': 1, 'other': 4, 'rectangle': 2}"
963,contour,0.292,1.202,1.42,2.942,333.73,7,"{'pentagon': 1, 'other': 4, 'rectangle': 2}"
964,contour,0.243,1.138,1.421,2.828,337.33,7,"{'other': 5, 'rectangle': 2}"
965,contour,0.243,1.171,1.426,2.871,338.55,7,"{'other': 4, 'rectangle': 2, 'pentagon': 1}"
966,contour,0.348,1.224,1.408,3.008,337.76,7,"{'triangle': 2, 'other': 4, 'rectangle': 1}"
967,contour,0.253,1.51,1.771,3.564,334.91,7,"{'other': 4, 'rectangle': 3}"
968,contour,0.254,1.157,1.402,2.846,334.82,7,"{'other': 5, 'rectangle': 2}"
969,contour,0.277,1.189,1.431,2.926,334.23,7,"{'other': 5, 'rectangle': 2}"
970,contour,0.257,1.326,1.626,3.238,333.26,7,"{'triangle': 2, 'other': 3, 'rectangle': 2}"
971,contour,0.249,1.199,1.404,2.881,333.19,7,"{'other': 5, 'rectangle': 2}"
972,contour,0.659,1.405,1.408,3.5,331.62,7,"{'other': 5, 'rectangle': 2}"
973,contour,0.248,1.157,1.4,2.834,332.48,7,"{'other': 4, 'rectangle': 2, 'pentagon': 1}"
974,contour,0.315,1.163,1.442,2.947,332.12,7,"{'other': 4, 'rectangle': 2, 'pentagon': 1}"
975,contour,0.259,1.266,1.447,3.002,332.09,7,"{'other': 5, 'rectangle': 2}"
976,contour,0.272,1.16,1.388,2.849,333.0,8,"{'rectangle': 2, 'other': 3, 'triangle': 2, 'pentagon': 1}"
977,contour,0.24,1.152,1.529,2.95,332.5,7,"{'triangle': 1, 'other': 4, 'rectangle': 2}"
978,contour,0.259,1.146,1.479,2.914,332.3,8,"{'rectangle': 2, 'other': 5, 'triangle': 1}"
979,contour,0.47,1.852,1.522,3.874,328.72,7,"{'other': 4, 'rectangle': 2, 'triangle': 1}"
980,contour,0.243,1.164,1.429,2.866,328.69,8,"{'rectangle': 3, 'other': 5}"
981,contour,0.252,1.148,1.496,2.927,328.98,7,"{'triangle': 1, 'other': 4, 'rectangle': 2}"
982,contour,0.254,1.115,1.565,2.992,328.65,7,"{'other': 5, 'rectangle': 2}"
983,contour,0.405,1.168,1.458,3.059,329.37,7,"{'triangle': 2, 'other': 2, 'rectangle': 2, 'pentagon': 1}"
984,contour,0.401,1.215,1.395,3.038,328.41,7,"{'triangle': 1, 'other': 4, 'rectangle': 2}"
985,contour,0.28,1.138,1.422,2.869,329.1,8,"{'rectangle': 2, 'other': 5, 'triangle': 1}"
986,contour,0.262,1.177,1.444,2.914,329.07,8,"{'rectangle': 2, 'triangle': 3, 'other': 3}"
987,contour,0.49,1.17,1.427,3.12,329.83,8,"{'rectangle': 2, 'other': 4, 'triangle': 2}"
988,contour,0.259,1.137,1.416,2.84,331.08,7,"{'pentagon': 1, 'rectangle': 3, 'other': 3}"
989,contour,0.434,1.363,1.42,3.248,330.05,7,"{'triangle': 1, 'pentagon': 2, 'other': 3, 'rectangle': 1}"
990,contour,0.288,1.156,1.5,2.973,329.48,7,"{'pentagon': 3, 'rectangle': 2, 'other': 1, 'triangle': 1}"
991,contour,0.251,1.116,1.435,2.833,329.64,9,"{'rectangle': 3, 'other': 3, 'pentagon': 2, 'triangle': 1}"
992,contour,0.442,1.391,1.401,3.266,329.97,7,"{'pentagon': 1, 'other': 3, 'rectangle': 2, 'triangle': 1}"
993,contour,0.285,1.238,1.369,2.92,330.05,7,"{'pentagon': 2, 'other': 3, 'rectangle': 2}"
994,contour,0.258,1.173,1.447,2.908,329.76,7,"{'other': 4, 'rectangle': 2, 'triangle': 1}"
995,contour,0.57,1.209,1.433,3.243,328.42,7,"{'other': 4, 'pentagon': 1, 'triangle': 1, 'rectangle': 1}"
996,contour,0.309,1.194,1.44,3.032,328.33,7,"{'pentagon': 2, 'other': 3, 'rectangle': 2}"
997,contour,0.243,1.168,1.487,2.926,330.64,8,"{'rectangle': 3, 'pentagon': 1, 'other': 4}"
998,contour,0.463,1.305,1.472,3.269,329.11,8,"{'rectangle': 3, 'pentagon': 1, 'other': 3, 'triangle': 1}"
999,contour,0.249,1.262,1.451,2.994,328.86,7,"{'other': 5, 'rectangle': 2}"
1000,contour,0.241,1.144,1.498,2.912,330.04,8,"{'other': 4, 'pentagon': 1, 'rectangle': 2, 'triangle': 1}"
1001,contour,0.258,1.147,1.416,2.85,330.15,7,"{'pentagon': 3, 'other': 3, 'rectangle': 1}"
1002,contour,0.253,1.275,1.499,3.058,331.76,8,"{'rectangle': 3, 'pentagon': 1, 'other': 3, 'triangle': 1}"
1003,contour,0.235,1.162,1.453,2.881,331.59,8,"{'rectangle': 2, 'other': 5, 'triangle': 1}"
1004,contour,0.498,1.504,1.68,3.712,328.81,8,"{'other': 6, 'rectangle': 2}"
1005,contour,0.282,1.205,1.513,3.033,328.7,8,"{'other': 4, 'pentagon': 2, 'rectangle': 2}"
1006,contour,0.39,1.226,1.496,3.142,327.65,8,"{'other': 7, 'rectangle': 1}"
1007,contour,0.3,1.355,1.599,3.285,326.45,8,"{'other': 4, 'triangle': 2, 'pentagon': 1, 'rectangle': 1}"
1008,contour,0.252,1.182,1.587,3.051,325.97,9,"{'rectangle': 2, 'other': 2, 'pentagon': 3, 'triangle': 2}"
1009,contour,0.256,1.161,1.403,2.848,329.64,7,"{'pentagon': 2, 'rectangle': 2, 'other': 3}"
1010,contour,0.269,1.235,1.425,2.958,329.31,7,"{'pentagon': 2, 'rectangle': 2, 'other': 2, 'triangle': 1}"
1011,contour,0.245,1.112,1.497,2.884,329.46,7,"{'other': 4, 'pentagon': 1, 'rectangle': 2}"
1012,contour,0.26,1.124,1.454,2.867,329.91,8,"{'rectangle': 3, 'pentagon': 3, 'other': 2}"
1013,contour,0.446,1.269,1.479,3.228,329.3,8,"{'rectangle': 2, 'pentagon': 2, 'other': 2, 'triangle': 2}"
1014,contour,0.261,1.177,1.545,3.01,329.4,8,"{'rectangle': 2, 'pentagon': 1, 'other': 5}"
1015,contour,0.255,1.175,1.437,2.897,329.3,7,"{'other': 4, 'triangle': 1, 'rectangle': 2}"
1016,contour,0.299,1.351,1.512,3.194,328.29,8,"{'other': 4, 'pentagon': 2, 'rectangle': 2}"
1017,contour,0.449,1.403,1.467,3.35,327.47,7,"{'pentagon': 2, 'other': 2, 'rectangle': 2, 'triangle': 1}"
1018,contour,0.391,1.412,1.728,3.562,324.91,7,"{'triangle': 2, 'other': 3, 'rectangle': 2}"
1019,contour,0.255,1.128,1.45,2.864,326.26,7,"{'pentagon': 1, 'rectangle': 2, 'other': 3, 'triangle': 1}"
1020,contour,0.255,1.206,1.602,3.095,325.83,8,"{'rectangle': 3, 'pentagon': 1, 'triangle': 1, 'other': 3}"
1021,contour,0.431,1.129,1.444,3.035,325.11,8,"{'rectangle': 2, 'triangle': 3, 'other': 3}"
1022,contour,0.249,1.14,1.482,2.903,326.4,8,"{'rectangle': 2, 'pentagon': 1, 'other': 4, 'triangle': 1}"
1023,contour,0.293,1.872,1.973,4.172,322.01,9,"{'rectangle': 3, 'pentagon': 1, 'other': 5}"
1024,contour,0.28,1.157,1.416,2.883,322.1,7,"{'pentagon': 1, 'other': 5, 'rectangle': 1}"
1025,contour,0.252,1.144,1.431,2.856,323.45,7,"{'pentagon': 3, 'other': 3, 'rectangle': 1}"
1026,contour,0.281,1.249,1.488,3.052,323.37,7,"{'pentagon': 1, 'other': 3, 'rectangle': 2, 'triangle': 1}"
1027,contour,0.364,1.181,1.458,3.039,322.98,7,"{'pentagon': 1, 'other': 4, 'rectangle': 2}"
1028,contour,0.248,1.192,1.474,2.941,324.13,7,"{'pentagon': 1, 'other': 3, 'triangle': 1, 'rectangle': 2}"
1029,contour,0.312,1.203,1.464,3.008,324.07,7,"{'pentagon': 2, 'other': 2, 'triangle': 1, 'rectangle': 2}"
1030,contour,0.242,1.11,1.455,2.84,324.33,7,"{'pentagon': 2, 'other': 2, 'triangle': 1, 'rectangle': 2}"
1031,contour,0.245,1.307,1.513,3.092,323.48,8,"{'other': 5, 'rectangle': 3}"
1032,contour,0.26,1.156,1.436,2.881,324.1,7,"{'other': 3, 'rectangle': 2, 'triangle': 1, 'pentagon': 1}"
1033,contour,0.246,1.187,1.578,3.042,323.53,7,"{'triangle': 1, 'other': 4, 'rectangle': 2}"
1034,contour,0.253,1.182,1.486,2.95,326.22,8,"{'other': 7, 'rectangle': 1}"
1035,contour,0.261,1.192,1.483,2.965,326.46,8,"{'other': 5, 'triangle': 1, 'rectangle': 2}"
1036,contour,0.486,1.239,1.686,3.447,325.38,7,"{'pentagon': 1, 'other': 5, 'rectangle': 1}"
1037,contour,0.253,1.136,1.43,2.848,326.93,7,"{'other': 4, 'triangle': 1, 'rectangle': 2}"
1038,contour,0.289,1.168,1.469,2.955,327.27,7,"{'other': 6, 'rectangle': 1}"
1039,contour,0.25,1.14,1.533,2.954,326.9,7,"{'other': 6, 'rectangle': 1}"
1040,contour,0.519,1.299,1.427,3.274,325.78,7,"{'other': 4, 'rectangle': 2, 'pentagon': 1}"
1041,contour,0.254,1.203,1.459,2.944,325.56,7,"{'other': 4, 'rectangle': 2, 'pentagon': 1}"
1042,contour,0.397,1.265,1.465,3.167,324.51,7,"{'pentagon': 1, 'other': 4, 'rectangle': 2}"
1043,contour,0.237,1.118,1.412,2.795,326.04,7,"{'pentagon': 2, 'other': 4, 'rectangle': 1}"
1044,contour,0.51,1.249,1.406,3.192,325.39,7,"{'pentagon': 2, 'other': 4, 'rectangle': 1}"
1045,contour,0.256,1.141,1.492,2.919,325.31,8,"{'other': 4, 'triangle': 1, 'rectangle': 2, 'pentagon': 1}"
1046,contour,0.253,1.134,1.442,2.858,326.5,7,"{'pentagon': 2, 'other': 2, 'triangle': 1, 'rectangle': 2}"
1047,contour,0.526,1.168,1.498,3.227,326.94,7,"{'triangle': 1, 'other': 4, 'pentagon': 1, 'rectangle': 1}"
1048,contour,0.563,1.114,1.511,3.215,328.18,8,"{'other': 5, 'pentagon': 1, 'rectangle': 2}"
1049,contour,0.442,1.326,1.392,3.189,327.02,7,"{'pentagon': 2, 'other': 3, 'rectangle': 2}"
1050,contour,0.257,1.114,1.582,2.981,327.43,7,"{'pentagon': 2, 'other': 3, 'rectangle': 2}"
1051,contour,0.296,1.137,1.533,2.998,327.56,7,"{'pentagon': 1, 'other': 4, 'rectangle': 2}"
1052,contour,0.255,1.248,1.865,3.395,325.81,7,"{'pentagon': 1, 'other': 4, 'rectangle': 2}"
1053,contour,0.272,1.161,1.633,3.104,329.63,7,"{'other': 5, 'rectangle': 2}"
1054,contour,0.356,1.116,1.518,3.02,329.13,8,"{'other': 5, 'triangle': 1, 'rectangle': 2}"
1055,contour,0.554,1.243,1.444,3.275,327.63,7,"{'pentagon': 2, 'other': 3, 'rectangle': 2}"
1056,contour,0.243,1.124,1.425,2.819,328.47,7,"{'pentagon': 1, 'other': 4, 'rectangle': 2}"
1057,contour,0.264,1.142,1.44,2.876,329.05,7,"{'other': 5, 'rectangle': 2}"
1058,contour,0.314,1.19,1.481,3.015,328.79,7,"{'pentagon': 1, 'other': 4, 'rectangle': 2}"
1059,contour,0.246,1.154,1.538,2.965,328.95,7,"{'pentagon': 1, 'other': 4, 'rectangle': 2}"
1060,contour,0.292,1.15,1.451,2.923,328.65,7,"{'triangle': 1, 'other': 4, 'rectangle': 2}"
1061,contour,0.439,1.273,1.524,3.266,328.02,7,"{'pentagon': 1, 'other': 4, 'rectangle': 2}"
1062,contour,0.399,1.225,1.478,3.132,327.12,7,"{'pentagon': 1, 'other': 4, 'rectangle': 2}"
1063,contour,0.259,1.207,1.462,2.959,327.42,7,"{'pentagon': 1, 'other': 4, 'rectangle': 2}"
1064,contour,0.284,1.151,1.564,3.03,327.14,7,"{'pentagon': 1, 'other': 4, 'rectangle': 2}"
1065,contour,0.25,1.18,1.593,3.059,326.8,7,"{'pentagon': 1, 'other': 4, 'rectangle': 2}"
1066,contour,0.257,1.143,1.461,2.889,328.8,7,"{'pentagon': 2, 'other': 4, 'rectangle': 1}"
1067,contour,0.329,1.299,1.503,3.162,327.67,6,"{'pentagon': 1, 'other': 3, 'rectangle': 1, 'triangle': 1}"
1068,contour,0.258,1.264,1.912,3.465,325.86,7,"{'other': 4, 'pentagon': 1, 'rectangle': 2}"
1069,contour,0.256,1.156,1.455,2.896,326.06,7,"{'pentagon': 2, 'other': 3, 'rectangle': 2}"
1070,contour,0.26,1.128,1.481,2.9,327.39,7,"{'pentagon': 3, 'other': 2, 'rectangle': 2}"
1071,contour,0.238,1.174,1.513,2.956,327.35,7,"{'other': 5, 'rectangle': 2}"
1072,contour,0.291,1.218,1.455,2.995,327.96,6,"{'pentagon': 1, 'other': 4, 'rectangle': 1}"
1073,contour,0.302,1.144,1.505,2.981,327.29,7,"{'other': 4, 'pentagon': 1, 'rectangle': 2}"
1074,contour,0.496,1.27,1.449,3.245,327.1,7,"{'other': 3, 'pentagon': 1, 'triangle': 1, 'rectangle': 2}"
1075,contour,0.252,1.199,1.502,2.987,326.86,8,"{'rectangle': 2, 'pentagon': 2, 'triangle': 1, 'other': 3}"
1076,contour,0.303,1.178,1.388,2.901,326.71,7,"{'other': 5, 'rectangle': 2}"
1077,contour,0.25,1.145,1.52,2.95,327.7,7,"{'pentagon': 1, 'other': 4, 'rectangle': 2}"
1078,contour,0.243,1.141,1.494,2.904,328.81,7,"{'pentagon': 2, 'other': 2, 'triangle': 1, 'rectangle': 2}"
1079,contour,0.514,1.26,1.421,3.222,328.69,7,"{'pentagon': 2, 'other': 3, 'rectangle': 2}"
1080,contour,0.24,1.19,1.497,2.954,328.79,8,"{'rectangle': 2, 'pentagon': 2, 'other': 4}"
1081,contour,0.248,1.272,1.383,2.935,329.02,7,"{'pentagon': 2, 'rectangle': 3, 'other': 2}"
1082,contour,0.251,1.196,1.484,2.96,330.6,8,"{'rectangle': 2, 'pentagon': 2, 'triangle': 1, 'other': 3}"
1083,contour,0.522,1.654,1.417,3.624,328.72,8,"{'rectangle': 3, 'pentagon': 1, 'triangle': 2, 'other': 2}"
1084,contour,0.248,1.14,1.434,2.848,329.34,8,"{'other': 4, 'pentagon': 1, 'triangle': 1, 'rectangle': 2}"
1085,contour,0.245,1.2,1.422,2.897,330.71,8,"{'rectangle': 2, 'pentagon': 1, 'triangle': 1, 'other': 4}"
1086,contour,0.251,1.122,1.411,2.81,330.74,7,"{'pentagon': 1, 'other': 4, 'rectangle': 2}"
1087,contour,0.458,1.335,1.445,3.269,329.31,8,"{'rectangle': 2, 'pentagon': 1, 'other': 5}"
1088,contour,0.419,1.312,1.389,3.149,328.83,6,"{'pentagon': 2, 'triangle': 1, 'other': 2, 'rectangle': 1}"
1089,contour,0.307,1.385,1.52,3.243,327.83,7,"{'pentagon': 1, 'triangle': 1, 'other': 3, 'rectangle': 2}"
1090,contour,0.268,1.335,1.463,3.103,327.19,8,"{'rectangle': 3, 'pentagon': 2, 'other': 3}"
1091,contour,0.372,1.203,1.441,3.044,327.98,7,"{'other': 5, 'rectangle': 2}"
1092,contour,0.367,1.15,1.53,3.077,328.18,7,"{'pentagon': 1, 'other': 4, 'rectangle': 2}"
1093,contour,0.39,1.23,1.46,3.131,327.56,7,"{'pentagon': 1, 'triangle': 1, 'other': 3, 'rectangle': 2}"
1094,contour,0.284,1.316,1.488,3.118,327.25,7,"{'rectangle': 3, 'triangle': 1, 'other': 2, 'pentagon': 1}"
1095,contour,0.256,1.136,1.45,2.873,327.91,7,"{'pentagon': 1, 'triangle': 1, 'other': 3, 'rectangle': 2}"
1096,contour,0.255,1.152,1.445,2.88,327.95,7,"{'pentagon': 1, 'rectangle': 3, 'other': 3}"
1097,contour,0.264,1.232,1.573,3.102,328.16,8,"{'pentagon': 1, 'rectangle': 4, 'other': 3}"
1098,contour,0.278,1.301,1.539,3.15,329.29,7,"{'pentagon': 1, 'other': 4, 'rectangle': 2}"
1099,contour,0.259,1.123,1.522,2.934,329.16,7,"{'pentagon': 1, 'other': 4, 'rectangle': 2}"
1100,contour,0.346,1.318,1.447,3.156,328.24,8,"{'rectangle': 3, 'pentagon': 2, 'other': 3}"
1101,contour,0.334,1.128,1.44,2.933,328.32,8,"{'rectangle': 4, 'pentagon': 2, 'other': 2}"
1102,contour,0.251,1.18,1.422,2.881,328.73,7,"{'rectangle': 2, 'pentagon': 1, 'other': 4}"
1103,contour,0.249,1.138,1.449,2.863,329.16,8,"{'rectangle': 3, 'other': 5}"
1104,contour,0.252,1.148,1.43,2.858,330.56,9,"{'rectangle': 4, 'pentagon': 1, 'other': 4}"
1105,contour,0.248,1.152,1.431,2.861,331.02,8,"{'rectangle': 3, 'other': 5}"
1106,contour,0.298,1.159,1.465,2.95,330.85,8,"{'rectangle': 2, 'pentagon': 1, 'other': 5}"
1107,contour,0.27,1.16,1.435,2.895,331.05,8,"{'rectangle': 3, 'pentagon': 2, 'other': 3}"
1108,contour,0.538,1.374,1.433,3.376,329.33,8,"{'rectangle': 4, 'pentagon': 2, 'other': 2}"
1109,contour,0.493,1.237,1.467,3.227,329.32,9,"{'rectangle': 5, 'pentagon': 1, 'other': 3}"
1110,contour,0.261,1.203,1.489,2.982,329.21,9,"{'rectangle': 3, 'other': 5, 'pentagon': 1}"
1111,contour,0.255,1.225,1.561,3.07,328.72,9,"{'rectangle': 3, 'other': 5, 'pentagon': 1}"
1112,contour,0.357,1.399,1.489,3.276,327.59,7,"{'pentagon': 2, 'rectangle': 3, 'other': 2}"
1113,contour,0.241,1.141,1.483,2.897,330.21,9,"{'rectangle': 4, 'other': 2, 'pentagon': 3}"
1114,contour,0.248,1.13,1.528,2.937,329.89,9,"{'rectangle': 3, 'other': 4, 'pentagon': 2}"
1115,contour,0.248,1.145,1.525,2.946,329.71,7,"{'pentagon': 1, 'other': 4, 'rectangle': 2}"
1116,contour,0.255,1.225,1.522,3.031,328.91,8,"{'other': 5, 'pentagon': 1, 'rectangle': 2}"
1117,contour,0.254,1.188,1.511,2.984,329.94,8,"{'triangle': 2, 'rectangle': 3, 'pentagon': 1, 'other': 2}"
1118,contour,0.265,1.181,1.587,3.063,330.25,10,"{'rectangle': 2, 'other': 7, 'pentagon': 1}"
1119,contour,0.254,1.24,1.516,3.044,330.98,7,"{'pentagon': 2, 'rectangle': 3, 'other': 2}"
1120,contour,0.283,1.285,1.496,3.094,331.01,8,"{'rectangle': 3, 'other': 4, 'pentagon': 1}"
1121,contour,0.305,1.382,1.653,3.371,329.82,9,"{'rectangle': 3, 'other': 4, 'pentagon': 2}"
1122,contour,0.274,1.207,1.514,3.024,330.01,8,"{'other': 4, 'rectangle': 3, 'pentagon': 1}"
1123,contour,0.262,1.202,1.551,3.053,330.29,8,"{'other': 4, 'rectangle': 3, 'pentagon': 1}"
1124,contour,0.294,1.337,1.473,3.137,330.22,8,"{'other': 4, 'rectangle': 3, 'pentagon': 1}"
1125,contour,0.409,1.299,1.442,3.181,329.1,8,"{'rectangle': 3, 'other': 4, 'pentagon': 1}"
1126,contour,0.265,1.163,1.484,2.941,328.88,9,"{'rectangle': 3, 'other': 6}"
1127,contour,0.246,1.136,1.54,2.954,329.42,9,"{'rectangle': 3, 'other': 4, 'pentagon': 2}"
1128,contour,0.424,1.206,1.416,3.072,329.7,9,"{'rectangle': 4, 'pentagon': 1, 'other': 4}"
1129,contour,0.253,1.128,1.477,2.888,329.87,8,"{'rectangle': 4, 'pentagon': 1, 'other': 3}"
1130,contour,0.362,1.189,1.557,3.138,329.93,10,"{'rectangle': 4, 'other': 5, 'pentagon': 1}"
1131,contour,0.5,1.381,1.6,3.513,327.84,7,"{'pentagon': 3, 'other': 2, 'rectangle': 2}"
1132,contour,0.244,1.121,1.405,2.798,328.14,6,"{'rectangle': 3, 'pentagon': 1, 'other': 2}"
1133,contour,0.251,1.162,1.401,2.842,328.21,6,"{'other': 3, 'rectangle': 2, 'pentagon': 1}"
1134,contour,0.245,1.496,1.394,3.163,327.12,7,"{'other': 3, 'rectangle': 3, 'pentagon': 1}"
1135,contour,0.357,1.152,1.451,2.99,326.66,9,"{'rectangle': 4, 'other': 4, 'pentagon': 1}"
1136,contour,0.229,1.114,1.404,2.773,327.29,8,"{'pentagon': 1, 'other': 4, 'rectangle': 3}"
1137,contour,0.257,1.178,1.427,2.888,327.31,8,"{'pentagon': 1, 'other': 4, 'triangle': 1, 'rectangle': 2}"
1138,contour,0.481,1.39,1.38,3.281,327.66,9,"{'rectangle': 2, 'pentagon': 2, 'other': 5}"
1139,contour,0.48,1.56,1.413,3.482,326.74,8,"{'rectangle': 2, 'square': 1, 'pentagon': 1, 'other': 4}"
1140,contour,0.31,1.292,1.414,3.049,326.51,6,"{'pentagon': 1, 'other': 3, 'rectangle': 2}"
1141,contour,0.442,1.208,1.436,3.114,326.35,7,"{'other': 4, 'pentagon': 1, 'rectangle': 2}"
1142,contour,0.248,1.155,1.474,2.908,327.66,9,"{'rectangle': 3, 'square': 1, 'other': 5}"
1143,contour,0.263,1.127,1.448,2.867,327.77,8,"{'rectangle': 2, 'other': 6}"
1144,contour,0.339,1.335,1.494,3.196,326.84,9,"{'rectangle': 2, 'other': 5, 'pentagon': 2}"
1145,contour,0.317,1.176,1.449,2.967,326.77,8,"{'rectangle': 2, 'other': 4, 'pentagon': 1, 'triangle': 1}"
1146,contour,0.464,1.138,1.481,3.112,326.48,9,"{'other': 5, 'pentagon': 1, 'rectangle': 3}"
1147,contour,0.246,1.187,1.489,2.95,326.6,9,"{'pentagon': 1, 'other': 6, 'rectangle': 2}"
1148,contour,0.372,1.205,1.546,3.154,326.28,9,"{'pentagon': 2, 'other': 6, 'rectangle': 1}"
1149,contour,0.266,1.188,1.442,2.924,326.7,7,"{'pentagon': 1, 'other': 5, 'rectangle': 1}"
1150,contour,0.27,1.266,1.501,3.068,326.8,9,"{'pentagon': 3, 'rectangle': 2, 'other': 4}"
1151,contour,0.264,1.153,1.53,2.977,328.21,11,"{'pentagon': 2, 'rectangle': 3, 'other': 5, 'triangle': 1}"
1152,yolo,1.371,0.763,41.874,48.139,20.77,1,{'person': 1}
1153,yolo,1.009,1.555,40.32,44.143,21.67,1,{'person': 1}
1154,yolo,0.881,0.979,39.094,42.458,22.27,1,{'person': 1}
1155,yolo,0.905,0.774,41.184,43.711,22.42,1,{'person': 1}
1156,yolo,1.066,1.143,38.813,41.998,22.68,1,{'person': 1}
1157,yolo,0.796,1.046,37.774,40.79,22.97,1,{'person': 1}
1158,yolo,0.972,0.607,41.065,44.882,22.87,1,{'person': 1}
1159,yolo,1.162,1.028,42.658,46.0,22.72,1,{'person': 1}
1160,yolo,0.839,0.646,38.939,41.221,22.88,1,{'person': 1}
1161,yolo,0.979,0.747,40.21,42.856,22.93,1,{'person': 1}
1162,yolo,0.888,1.279,40.037,43.599,22.93,1,{'person': 1}
1163,yolo,1.023,0.89,39.701,42.588,22.97,1,{'person': 1}
1164,yolo,0.898,1.026,40.326,45.137,22.91,1,{'person': 1}
1165,yolo,1.436,0.897,40.316,43.637,22.91,1,{'person': 1}
1166,yolo,0.856,0.62,39.309,41.646,22.98,1,{'person': 1}
1167,yolo,0.838,1.151,39.359,42.475,23.01,1,{'person': 1}
1168,yolo,0.782,0.761,38.499,40.895,23.09,1,{'person': 1}
1169,yolo,0.864,1.166,42.334,45.6,23.02,1,{'person': 1}
1170,yolo,0.829,1.019,42.148,47.522,22.91,1,{'person': 1}
1171,yolo,1.004,1.096,41.457,44.66,22.88,1,{'person': 1}
1172,yolo,0.917,0.944,42.291,45.241,22.85,1,{'person': 1}
1173,yolo,1.023,0.785,41.021,43.813,22.84,1,{'person': 1}
1174,yolo,0.873,1.411,41.932,45.474,22.81,1,{'person': 1}
1175,yolo,1.085,1.325,38.878,42.201,22.84,1,{'person': 1}
1176,yolo,1.198,0.706,40.707,44.587,22.83,1,{'person': 1}
1177,yolo,1.117,0.874,43.763,46.726,22.77,1,{'person': 1}
1178,yolo,1.223,0.74,39.547,42.319,22.8,1,{'person': 1}
1179,yolo,0.793,0.749,39.046,41.439,22.84,1,{'person': 1}
1180,yolo,1.003,1.131,39.154,42.548,22.87,1,{'person': 1}
1181,yolo,0.961,0.713,41.143,43.686,22.87,1,{'person': 1}
1182,yolo,0.874,1.078,42.632,47.311,22.88,1,{'person': 1}
1183,yolo,0.99,1.294,43.698,46.935,22.83,1,{'person': 1}
1184,yolo,0.801,1.286,39.999,43.454,22.81,1,{'person': 1}
1185,yolo,1.22,0.989,37.606,40.964,22.86,1,{'person': 1}
1186,yolo,0.908,1.272,39.873,43.554,22.84,1,{'person': 1}
1187,yolo,1.231,1.262,44.701,48.511,22.7,1,{'person': 1}
1188,yolo,1.254,0.994,37.971,42.718,22.74,1,{'person': 1}
1189,yolo,1.174,0.856,36.986,39.938,22.84,1,{'person': 1}
1190,yolo,0.81,0.779,38.846,41.307,22.84,1,{'person': 1}
1191,yolo,0.834,1.056,37.887,40.809,22.88,1,{'person': 1}
1192,yolo,1.152,1.099,42.026,45.424,22.85,1,{'person': 1}
1193,yolo,0.934,0.606,41.681,44.066,22.82,1,{'person': 1}
1194,yolo,0.951,0.824,39.646,44.033,22.84,1,{'person': 1}
1195,yolo,1.068,0.709,38.96,41.546,22.88,1,{'person': 1}
1196,yolo,0.881,1.042,42.081,44.999,22.82,1,{'person': 1}
1197,yolo,1.14,0.709,40.866,43.582,22.8,1,{'person': 1}
1198,yolo,0.867,0.809,41.657,44.351,22.74,1,{'person': 1}
1199,yolo,0.888,0.81,37.248,39.905,22.84,1,{'person': 1}
1200,yolo,0.798,0.754,37.03,40.908,22.95,1,{'person': 1}
1201,yolo,1.319,0.954,42.855,45.971,22.93,1,{'person': 1}
1202,yolo,0.862,0.867,36.46,39.258,23.04,1,{'person': 1}
1203,yolo,0.988,1.039,40.246,43.246,23.05,1,{'person': 1}
1204,yolo,0.832,1.208,41.996,45.065,23.05,1,{'person': 1}
1205,yolo,0.989,0.822,41.52,44.214,23.02,1,{'person': 1}
1206,yolo,0.905,1.064,41.098,46.346,22.99,1,{'person': 1}
1207,yolo,1.087,1.258,41.351,44.782,23.02,1,{'person': 1}
1208,yolo,0.832,0.813,41.388,44.012,22.99,1,{'person': 1}
1209,yolo,1.156,0.649,37.519,40.22,23.01,1,{'person': 1}
1210,yolo,1.502,0.844,43.19,46.546,22.94,1,{'person': 1}
1211,yolo,1.112,0.703,40.97,43.88,22.94,1,{'person': 1}
1212,yolo,1.082,1.501,38.366,42.223,23.03,1,{'person': 1}
1213,yolo,0.902,0.755,41.451,44.236,23.08,1,{'person': 1}
1214,yolo,0.939,0.735,39.49,42.196,23.1,1,{'person': 1}
1215,yolo,1.033,1.007,43.13,47.652,22.98,1,{'person': 1}
1216,yolo,1.365,0.764,41.377,44.46,22.96,1,{'person': 1}
1217,yolo,0.995,1.205,46.41,49.64,22.94,1,{'person': 1}
1218,yolo,0.858,1.118,40.511,43.593,22.93,1,{'person': 1}
1219,yolo,1.163,0.657,43.115,45.839,22.83,1,{'person': 1}
1220,yolo,0.816,0.756,41.031,45.03,22.76,1,{'person': 1}
1221,yolo,1.26,0.857,40.75,43.687,22.71,1,{'person': 1}
1222,yolo,0.795,1.051,38.685,41.521,22.78,1,{'person': 1}
1223,yolo,1.093,1.016,41.022,44.206,22.78,1,{'person': 1}
1224,yolo,1.623,1.107,39.95,44.067,22.78,1,{'person': 1}
1225,yolo,0.786,1.056,40.138,43.159,22.75,1,{'person': 1}
1226,yolo,0.975,0.906,42.764,47.25,22.71,1,{'person': 1}
1227,yolo,1.006,0.84,40.537,43.351,22.71,1,{'person': 1}
1228,yolo,0.763,0.759,35.949,38.303,22.82,1,{'person': 1}
1229,yolo,0.864,0.728,41.366,43.909,22.75,1,{'person': 1}
1230,yolo,0.9,1.032,37.671,40.485,22.76,1,{'person': 1}
1231,yolo,0.788,1.035,40.828,43.55,22.8,1,{'person': 1}
1232,yolo,1.177,1.316,39.535,45.872,22.68,1,{'person': 1}
1233,yolo,1.268,0.77,39.813,42.785,22.69,1,{'person': 1}
1234,yolo,0.81,0.822,40.58,43.067,22.73,1,{'person': 1}
1235,yolo,0.969,0.957,39.11,42.143,22.76,1,{'person': 1}
1236,yolo,1.015,0.69,41.177,43.737,22.81,1,{'person': 1}
1237,yolo,0.998,1.142,43.083,46.431,22.78,1,{'person': 1}
1238,yolo,1.069,0.818,40.18,45.647,22.75,1,{'person': 1}
1239,yolo,1.247,1.221,39.152,42.454,22.71,1,{'person': 1}
1240,yolo,0.903,0.731,40.614,43.055,22.77,1,{'person': 1}
1241,yolo,0.868,1.418,39.921,43.427,22.78,1,{'person': 1}
1242,yolo,0.851,0.654,45.141,47.477,22.69,1,{'person': 1}
1243,yolo,0.839,0.96,40.871,43.522,22.7,1,{'person': 1}
1244,yolo,0.844,1.213,38.652,43.824,22.67,1,{'person': 1}
1245,yolo,1.202,1.121,40.605,44.084,22.73,1,{'person': 1}
1246,yolo,1.094,0.908,45.366,48.336,22.67,1,{'person': 1}
1247,yolo,1.328,0.867,41.267,44.463,22.76,1,{'person': 1}
1248,yolo,0.953,0.806,48.184,52.39,22.61,1,{'person': 1}
1249,yolo,1.559,0.961,47.111,50.975,22.52,1,{'person': 1}
1250,yolo,0.948,1.167,48.096,51.336,22.41,1,{'person': 1}
1251,yolo,0.934,0.8,43.951,46.527,22.37,1,{'person': 1}
1252,yolo,1.206,0.983,44.338,48.931,22.24,1,{'person': 1}
1253,yolo,1.237,1.653,49.62,53.988,22.08,1,{'person': 1}
1254,yolo,1.156,0.897,44.346,47.325,22.03,1,{'person': 1}
1255,yolo,0.91,1.292,47.468,50.919,21.9,1,{'person': 1}
1256,yolo,1.028,0.896,43.629,48.05,21.89,1,{'person': 1}
1257,yolo,1.192,0.765,45.352,48.121,21.82,1,{'person': 1}
1258,yolo,0.947,1.199,40.067,43.431,21.74,1,{'person': 1}
1259,yolo,0.836,1.3,43.616,46.93,21.69,1,{'person': 1}
1260,yolo,0.955,1.011,42.081,45.109,21.62,1,{'person': 1}
1261,yolo,0.928,0.823,42.364,46.422,21.57,1,{'person': 1}
1262,yolo,1.468,0.777,42.769,45.981,21.57,1,{'person': 1}
1263,yolo,0.939,1.649,44.327,48.103,21.49,1,{'person': 1}
1264,yolo,1.29,0.845,48.234,51.27,21.36,1,{'person': 1}
1265,yolo,0.875,0.719,48.349,52.728,21.2,1,{'person': 1}
1266,yolo,1.507,0.993,51.199,54.813,21.04,1,{'person': 1}
1267,yolo,1.11,0.965,50.307,53.431,20.93,1,{'person': 1}
1268,yolo,1.135,1.275,46.931,50.748,20.86,1,{'person': 1}
1269,yolo,0.913,1.365,46.498,51.647,20.73,1,{'person': 1}
1270,yolo,1.799,0.822,47.115,50.837,20.62,1,{'person': 1}
1271,yolo,0.953,1.405,49.303,52.762,20.49,1,{'person': 1}
1272,yolo,1.092,0.846,40.768,43.677,20.54,1,{'person': 1}
1273,yolo,1.033,1.035,43.895,46.995,20.49,1,{'person': 1}
1274,yolo,1.179,1.057,48.956,53.867,20.35,1,{'person': 1}
1275,yolo,1.254,1.252,50.742,54.336,20.21,1,{'person': 1}
1276,yolo,1.226,1.144,44.536,48.186,20.21,1,{'person': 1}
1277,yolo,1.03,0.86,43.52,46.362,20.19,1,{'person': 1}
1278,yolo,0.955,0.771,47.281,51.467,20.2,1,{'person': 1}
1279,yolo,1.917,1.801,52.112,57.582,20.11,1,{'person': 1}
1280,yolo,1.08,1.129,47.249,50.838,20.12,1,{'person': 1}
1281,yolo,1.101,0.858,48.285,51.251,20.05,1,{'person': 1}
1282,yolo,1.042,1.021,46.298,51.104,20.02,1,{'person': 1}
1283,yolo,1.201,0.828,46.817,49.706,20.08,1,{'person': 1}
1284,yolo,0.956,0.944,46.867,49.746,20.05,1,{'person': 1}
1285,yolo,1.351,1.412,54.154,58.042,19.95,1,{'person': 1}
1286,yolo,1.361,1.036,52.41,57.117,19.83,1,{'person': 1}
1287,yolo,1.687,1.087,57.037,61.007,19.67,1,{'person': 1}
1288,yolo,1.149,1.344,58.312,62.029,19.43,1,{'person': 1}
1289,yolo,1.2,0.954,51.889,55.032,19.33,1,{'person': 1}
1290,yolo,1.081,0.869,53.125,57.686,19.17,1,{'person': 1}
1291,yolo,1.826,1.035,51.432,55.328,19.06,1,{'person': 1}
1292,yolo,0.924,1.086,46.46,49.469,19.02,1,{'person': 1}
1293,yolo,1.05,0.872,45.06,47.814,19.02,1,{'person': 1}
1294,yolo,1.028,1.297,48.335,53.261,19.0,1,{'person': 1}
1295,yolo,1.547,0.866,44.175,47.471,19.06,1,{'person': 1}
1296,yolo,0.951,1.576,42.024,45.72,19.18,1,{'person': 1}
1297,yolo,1.272,0.76,43.999,46.93,19.26,1,{'person': 1}
1298,yolo,0.881,1.168,48.003,52.723,19.23,1,{'person': 1}
1299,yolo,1.638,0.954,48.229,51.829,19.23,1,{'person': 1}
1300,yolo,1.08,1.173,45.731,49.274,19.25,1,{'person': 1}
1301,yolo,1.402,0.971,49.809,53.346,19.24,1,{'person': 1}
1302,yolo,1.214,0.879,51.767,56.211,19.09,1,{'person': 1}
1303,yolo,1.897,1.024,48.969,52.981,19.01,1,{'person': 1}
1304,yolo,1.262,1.292,50.09,53.853,19.02,1,{'person': 1}
1305,yolo,0.879,0.937,49.514,52.203,19.04,1,{'person': 1}
1306,yolo,1.109,1.263,53.708,58.984,18.91,1,{'person': 1}
1307,yolo,1.794,0.953,48.41,52.211,18.84,1,{'person': 1}
1308,yolo,1.182,1.693,50.328,54.555,18.81,1,{'person': 1}
1309,yolo,1.054,1.544,48.48,52.74,18.86,1,{'person': 1}
1310,yolo,1.539,2.053,63.731,70.83,18.63,1,{'person': 1}
1311,yolo,2.121,1.457,77.689,82.77,18.27,1,{'person': 1}
1312,yolo,1.653,1.57,67.11,71.869,18.04,1,{'person': 1}
1313,yolo,1.541,0.888,55.137,58.697,17.95,1,{'person': 1}
1314,yolo,1.06,1.395,51.865,57.133,17.87,1,{'person': 1}
1315,yolo,1.601,1.405,64.237,68.578,17.76,1,{'person': 1}
1316,yolo,1.405,1.484,71.368,75.769,17.56,1,{'person': 1}
1317,yolo,1.713,1.516,70.723,75.351,17.42,1,{'person': 1}
1318,yolo,1.171,1.178,66.495,71.563,17.32,1,{'person': 1}
1319,yolo,1.81,1.21,55.984,60.113,17.27,1,{'person': 1}
1320,yolo,1.056,0.865,49.7,52.671,17.32,1,{'person': 1}
1321,yolo,1.187,1.125,48.983,52.591,17.35,1,{'person': 1}
1322,yolo,1.337,1.145,56.439,61.855,17.22,1,{'person': 1}
1323,yolo,1.732,0.918,60.324,64.197,17.06,1,{'person': 1}
1324,yolo,1.244,1.289,50.368,54.3,17.05,1,{'person': 1}
1325,yolo,0.911,0.809,48.596,51.337,17.01,1,{'person': 1}
1326,yolo,1.085,0.865,47.944,52.434,16.95,1,{'person': 1}
1327,yolo,1.573,1.046,51.958,55.608,16.87,1,{'person': 1}
1328,yolo,0.95,1.389,48.087,51.484,16.88,1,{'person': 1}
1329,yolo,1.533,0.988,52.459,56.042,16.84,1,{'person': 1}
1330,yolo,1.313,1.358,54.668,60.013,16.74,1,{'person': 1}
1331,yolo,1.739,1.411,54.72,59.109,16.68,1,{'person': 1}
1332,yolo,1.073,1.391,60.441,64.365,16.61,1,{'person': 1}
1333,yolo,1.298,1.411,53.86,57.805,16.57,1,{'person': 1}
1334,yolo,1.341,1.336,59.127,63.26,16.48,1,{'person': 1}
1335,yolo,1.151,1.398,53.678,57.625,16.43,1,{'person': 1}
1336,yolo,1.236,1.251,55.012,60.733,16.41,1,{'person': 1}
1337,yolo,1.485,0.863,50.133,53.566,16.4,1,{'person': 1}
1338,yolo,0.949,1.18,48.907,52.188,16.42,1,{'person': 1}
1339,yolo,1.157,0.809,46.19,49.127,16.46,1,{'person': 1}
1340,yolo,1.584,1.39,52.332,58.509,16.57,1,{'person': 1}
1341,yolo,2.086,1.22,50.156,54.86,16.83,1,{'person': 1}
1342,yolo,1.118,1.231,48.727,52.413,17.01,1,{'person': 1}
1343,yolo,1.516,1.159,48.135,52.148,17.08,1,{'person': 1}
1344,yolo,1.086,1.224,49.091,54.656,17.1,1,{'person': 1}
1345,yolo,1.694,1.285,53.037,57.257,17.21,1,{'person': 1}
1346,yolo,1.007,1.527,44.811,48.399,17.49,1,{'person': 1}
1347,yolo,1.237,1.117,57.434,61.018,17.63,1,{'person': 1}
1348,yolo,0.979,1.254,48.184,53.314,17.83,1,{'person': 1}
1349,yolo,1.541,1.657,52.147,56.524,17.86,1,{'person': 1}
1350,yolo,1.089,1.596,54.668,58.762,17.8,1,{'person': 1}
1351,yolo,1.056,0.875,48.722,51.806,17.81,1,{'person': 1}
1352,yolo,1.051,1.227,47.384,52.633,17.91,1,{'person': 1}
1353,yolo,1.623,1.27,51.408,55.616,18.0,1,{'person': 1}
1354,yolo,1.341,0.85,44.454,47.627,18.07,1,{'person': 1}
1355,yolo,0.921,1.294,48.234,51.615,18.07,1,{'person': 1}
1356,yolo,0.912,1.052,46.208,50.713,18.09,1,{'person': 1}
1357,yolo,1.834,0.883,47.653,51.406,18.13,1,{'person': 1}
1358,yolo,1.124,0.92,47.649,51.009,18.14,1,{'person': 1}
1359,yolo,2.472,1.549,53.124,58.572,18.11,1,{'person': 1}
1360,yolo,1.938,0.895,71.406,76.607,17.93,1,{'person': 1}
1361,yolo,1.668,1.198,55.849,59.8,17.92,1,{'person': 1}
1362,yolo,1.245,0.82,57.12,60.343,17.97,1,{'person': 1}
1363,yolo,0.898,0.88,45.213,47.911,18.07,1,{'person': 1}
1364,yolo,0.991,1.454,55.279,61.193,18.09,1,{'person': 1}
1365,yolo,2.119,0.97,65.193,69.478,17.97,1,{'person': 1}
1366,yolo,1.0,1.134,48.729,51.837,18.06,1,{'person': 1}
1367,yolo,1.416,1.434,55.662,59.72,18.0,1,{'person': 1}
1368,yolo,1.655,0.94,53.81,59.112,17.92,1,{'person': 1}
1369,yolo,2.926,0.957,60.979,66.141,17.74,1,{'person': 1}
1370,yolo,1.889,1.41,54.89,59.6,17.73,1,{'person': 1}
1371,yolo,1.693,0.854,52.611,56.274,17.71,1,{'person': 1}
1372,yolo,1.118,1.365,55.755,61.38,17.62,1,{'person': 1}
1373,yolo,2.287,1.493,59.09,64.371,17.5,1,{'person': 1}
1374,yolo,1.379,1.431,56.919,61.159,17.43,1,{'person': 1}
1375,yolo,1.285,1.629,63.412,68.134,17.32,1,{'person': 1}
1376,yolo,1.463,0.899,56.673,61.574,17.19,2,"{'cell phone': 1, 'person': 1}"
1377,yolo,1.881,1.0,57.079,61.164,17.19,2,"{'cell phone': 1, 'person': 1}"
1378,yolo,1.355,1.336,59.115,63.309,17.09,2,"{'cell phone': 1, 'person': 1}"
1379,yolo,1.217,1.037,58.488,62.247,17.03,2,"{'person': 1, 'cell phone': 1}"
1380,yolo,1.481,1.149,58.718,64.138,16.98,1,{'person': 1}
1381,yolo,2.117,1.044,58.285,62.785,16.88,2,"{'person': 1, 'cell phone': 1}"
1382,yolo,1.404,1.192,57.205,61.192,16.8,2,"{'person': 1, 'cell phone': 1}"
1383,yolo,1.327,1.577,57.728,62.301,16.73,2,"{'person': 1, 'cell phone': 1}"
1384,yolo,1.308,1.515,59.953,66.204,16.56,2,"{'person': 1, 'cell phone': 1}"
1385,yolo,2.068,1.531,61.26,66.534,16.43,2,"{'cell phone': 1, 'person': 1}"
1386,yolo,1.377,1.036,50.05,53.647,16.4,2,"{'person': 1, 'cell phone': 1}"
1387,yolo,1.344,1.191,54.603,58.312,16.34,1,{'person': 1}
1388,yolo,1.171,1.079,61.052,66.287,16.2,2,"{'person': 1, 'cell phone': 1}"
1389,yolo,2.251,1.175,56.346,61.116,16.18,2,"{'person': 1, 'cell phone': 1}"
1390,yolo,1.612,1.242,57.149,61.57,16.31,2,"{'cell phone': 1, 'person': 1}"
1391,yolo,1.347,1.073,55.063,58.798,16.32,2,"{'cell phone': 1, 'person': 1}"
1392,yolo,1.341,1.351,55.602,62.196,16.31,2,"{'person': 1, 'cell phone': 1}"
1393,yolo,2.31,1.358,58.726,63.961,16.17,2,"{'person': 1, 'cell phone': 1}"
1394,yolo,1.421,1.351,54.253,58.793,16.19,2,"{'person': 1, 'cell phone': 1}"
1395,yolo,1.169,1.465,57.14,60.909,16.26,1,{'person': 1}
1396,yolo,1.179,0.964,52.747,57.983,16.21,2,"{'person': 1, 'cell phone': 1}"
1397,yolo,2.126,0.851,55.279,59.276,16.21,1,{'person': 1}
1398,yolo,1.641,1.013,55.639,59.483,16.21,1,{'person': 1}
1399,yolo,2.092,1.054,55.846,60.319,16.26,1,{'person': 1}
1400,yolo,2.258,1.557,57.31,66.39,16.2,1,{'person': 1}
1401,yolo,2.178,1.035,57.551,61.991,16.15,1,{'person': 1}
1402,yolo,1.162,1.388,59.313,63.288,16.13,1,{'person': 1}
1403,yolo,1.286,1.065,57.412,60.95,16.16,1,{'person': 1}
1404,yolo,1.441,1.526,59.758,66.478,16.12,1,{'person': 1}
1405,yolo,2.275,1.436,58.344,63.381,16.16,1,{'person': 1}
1406,yolo,1.27,1.186,56.619,60.522,16.17,1,{'person': 1}
1407,yolo,1.451,1.456,59.341,63.759,16.15,1,{'person': 1}
1408,yolo,1.203,1.716,75.316,81.536,15.99,1,{'person': 1}
1409,yolo,2.124,1.065,69.238,73.481,15.89,1,{'person': 1}
1410,yolo,1.135,1.462,56.81,61.21,15.92,2,{'person': 2}
1411,yolo,1.205,1.457,53.693,57.559,15.96,2,{'person': 2}
1412,yolo,1.33,1.482,66.338,72.947,15.86,3,"{'cell phone': 1, 'person': 2}"
1413,yolo,2.181,1.117,62.237,66.975,15.82,3,"{'cell phone': 1, 'person': 2}"
1414,yolo,1.325,1.24,68.099,72.13,15.77,3,"{'cell phone': 1, 'person': 2}"
1415,yolo,1.283,1.185,61.659,65.545,15.78,3,"{'cell phone': 1, 'person': 2}"
1416,yolo,1.66,1.224,61.894,68.46,15.66,3,"{'cell phone': 1, 'person': 2}"
1417,yolo,2.235,1.527,62.094,68.215,15.58,3,"{'cell phone': 1, 'person': 2}"
1418,yolo,1.278,1.474,58.18,62.709,15.61,3,"{'cell phone': 1, 'person': 2}"
1419,yolo,1.245,1.443,58.409,62.712,15.6,2,"{'cell phone': 1, 'person': 1}"
1420,yolo,1.453,1.13,56.89,63.262,15.58,3,"{'cell phone': 1, 'person': 2}"
1421,yolo,2.339,1.01,55.674,60.49,15.57,3,"{'cell phone': 1, 'person': 2}"
1422,yolo,2.167,1.453,53.106,58.682,15.6,3,"{'cell phone': 1, 'person': 2}"
1423,yolo,1.669,1.481,54.429,58.697,15.64,2,"{'cell phone': 1, 'person': 1}"
1424,yolo,1.518,1.514,56.041,63.147,15.6,2,"{'cell phone': 1, 'person': 1}"
1425,yolo,1.755,1.57,56.922,62.223,15.59,2,"{'cell phone': 1, 'person': 1}"
1426,yolo,1.462,1.02,58.926,62.85,15.55,3,"{'cell phone': 1, 'person': 2}"
1427,yolo,1.389,1.2,60.967,65.09,15.51,3,"{'cell phone': 1, 'person': 2}"
1428,yolo,1.232,1.079,53.669,58.689,15.51,3,"{'cell phone': 1, 'person': 2}"
1429,yolo,1.754,1.702,55.339,60.336,15.51,2,"{'cell phone': 1, 'person': 1}"
1430,yolo,1.398,1.123,51.499,55.568,15.6,2,"{'cell phone': 1, 'person': 1}"
1431,yolo,1.553,1.369,54.125,58.651,15.63,2,"{'cell phone': 1, 'person': 1}"
1432,yolo,1.72,0.999,54.031,59.711,15.66,2,"{'cell phone': 1, 'person': 1}"
1433,yolo,2.343,1.039,54.275,58.853,15.68,2,"{'cell phone': 1, 'person': 1}"
1434,yolo,1.104,0.92,56.927,59.975,15.73,2,"{'cell phone': 1, 'person': 1}"
1435,yolo,1.191,0.966,54.906,58.321,15.77,2,"{'cell phone': 1, 'person': 1}"
1436,yolo,1.022,1.043,51.429,56.885,15.8,2,"{'cell phone': 1, 'person': 1}"
1437,yolo,2.021,1.592,66.07,70.864,15.74,2,"{'cell phone': 1, 'person': 1}"
1438,yolo,1.069,1.275,55.167,58.93,15.93,2,"{'cell phone': 1, 'person': 1}"
1439,yolo,1.136,1.389,53.318,57.315,16.07,2,"{'cell phone': 1, 'person': 1}"
1440,yolo,1.5,1.155,57.849,63.594,16.05,2,"{'cell phone': 1, 'person': 1}"
1441,yolo,2.562,1.339,57.637,63.242,16.0,2,"{'cell phone': 1, 'person': 1}"
1442,yolo,2.021,1.311,53.805,58.834,16.12,2,"{'cell phone': 1, 'person': 1}"
1443,yolo,1.658,1.002,61.261,65.331,16.14,2,"{'cell phone': 1, 'person': 1}"
1444,yolo,1.143,1.019,58.731,63.822,16.21,2,"{'cell phone': 1, 'person': 1}"
1445,yolo,1.864,1.003,58.252,62.288,16.24,2,"{'cell phone': 1, 'person': 1}"
1446,yolo,1.166,0.958,57.889,61.273,16.3,2,"{'cell phone': 1, 'person': 1}"
1447,yolo,1.282,1.438,57.843,62.161,16.35,2,"{'cell phone': 1, 'person': 1}"
1448,yolo,1.354,1.523,56.483,63.225,16.35,2,"{'cell phone': 1, 'person': 1}"
1449,yolo,1.654,0.994,55.599,59.438,16.38,2,"{'cell phone': 1, 'person': 1}"
1450,yolo,1.122,1.351,57.142,61.165,16.4,2,"{'cell phone': 1, 'person': 1}"
1451,yolo,1.157,1.186,51.223,54.813,16.45,2,"{'cell phone': 1, 'person': 1}"
1452,yolo,1.384,1.488,55.263,61.339,16.42,2,"{'cell phone': 1, 'person': 1}"
1453,yolo,1.962,1.152,64.256,68.799,16.33,2,"{'cell phone': 1, 'person': 1}"
1454,yolo,1.538,1.517,64.574,69.287,16.28,2,"{'person': 1, 'cell phone': 1}"
1455,yolo,1.691,1.401,69.205,73.947,16.18,2,"{'person': 1, 'cell phone': 1}"
1456,yolo,1.305,0.996,55.746,59.327,16.21,2,"{'person': 1, 'cell phone': 1}"
1457,yolo,1.398,1.69,64.444,69.099,16.17,2,"{'person': 1, 'cell phone': 1}"
1458,yolo,1.869,1.033,70.617,76.617,16.02,2,"{'cell phone': 1, 'person': 1}"
1459,yolo,2.613,2.459,63.194,69.975,15.93,3,"{'person': 2, 'cell phone': 1}"
1460,yolo,1.708,1.602,63.003,68.171,15.83,2,{'person': 2}
1461,yolo,1.18,1.811,61.867,66.331,15.77,1,{'person': 1}
1462,yolo,1.216,2.014,56.923,63.35,15.74,1,{'person': 1}
1463,yolo,2.038,1.168,59.61,64.029,15.69,1,{'person': 1}
1464,yolo,1.27,1.302,58.395,62.293,15.67,1,{'person': 1}
1465,yolo,1.252,1.601,58.657,63.001,15.64,1,{'person': 1}
1466,yolo,1.317,1.78,56.002,62.043,15.59,1,{'person': 1}
1467,yolo,2.501,1.021,53.082,57.668,15.7,1,{'person': 1}
1468,yolo,1.167,1.712,58.064,62.622,15.67,1,{'person': 1}
1469,yolo,2.198,1.456,59.398,64.583,15.61,1,{'person': 1}
1470,yolo,1.513,1.008,53.834,58.993,15.65,1,{'person': 1}
1471,yolo,2.249,1.075,56.292,60.705,15.67,1,{'person': 1}
1472,yolo,1.421,1.384,56.534,61.1,15.65,1,{'person': 1}
1473,yolo,1.615,1.482,55.92,60.598,15.69,1,{'person': 1}
1474,yolo,1.2,0.956,55.349,60.537,15.72,1,{'person': 1}
1475,yolo,1.853,1.713,59.986,65.208,15.69,1,{'person': 1}
1476,yolo,1.399,1.828,61.336,66.406,15.65,1,{'person': 1}
1477,yolo,1.203,1.512,57.938,62.074,15.65,1,{'person': 1}
1478,yolo,1.295,1.043,58.11,63.515,15.65,1,{'person': 1}
1479,yolo,2.033,1.298,53.931,58.477,15.66,1,{'person': 1}
1480,yolo,1.185,0.943,54.859,58.225,15.68,1,{'person': 1}
1481,yolo,1.169,1.5,55.816,59.738,15.64,1,{'person': 1}
1482,yolo,1.284,1.003,58.021,63.082,15.63,1,{'person': 1}
1483,yolo,2.032,1.368,57.733,62.479,15.68,1,{'person': 1}
1484,yolo,1.572,0.908,55.189,58.81,15.76,1,{'person': 1}
1485,yolo,1.745,1.57,57.489,62.222,15.86,1,{'person': 1}
1486,yolo,1.536,1.346,61.505,67.85,15.79,1,{'person': 1}
1487,yolo,1.603,1.088,53.559,57.339,15.89,1,{'person': 1}
1488,yolo,1.276,1.374,56.769,60.625,16.03,1,{'person': 1}
1489,yolo,1.123,1.036,66.461,69.655,16.03,1,{'person': 1}
1490,yolo,1.266,1.007,59.425,64.246,16.06,1,{'person': 1}
1491,yolo,1.697,1.641,61.236,65.923,16.07,1,{'person': 1}
1492,yolo,1.113,1.609,85.66,89.717,15.84,1,{'person': 1}
1493,yolo,1.677,1.872,59.983,65.45,15.83,1,{'person': 1}
1494,yolo,1.708,1.368,60.7,67.62,15.79,1,{'person': 1}
1495,yolo,1.838,0.977,65.908,69.781,15.73,1,{'person': 1}
1496,yolo,1.351,1.115,61.189,64.747,15.71,1,{'person': 1}
1497,yolo,1.244,1.094,58.138,61.608,15.67,1,{'person': 1}
1498,yolo,1.224,1.768,74.143,80.293,15.53,1,{'person': 1}
1499,yolo,2.464,1.474,71.038,76.491,15.44,1,{'person': 1}
1500,yolo,1.671,1.107,71.144,75.149,15.31,1,{'person': 1}
1501,yolo,2.006,1.059,56.102,60.393,15.31,1,{'person': 1}
1502,yolo,1.504,1.169,56.989,62.994,15.3,1,{'person': 1}
1503,yolo,2.725,1.585,72.149,78.274,15.16,1,{'person': 1}
1504,yolo,1.778,1.595,69.231,74.347,15.05,1,{'person': 1}
1505,yolo,1.888,1.184,62.31,66.995,15.04,1,{'person': 1}
1506,yolo,1.56,1.13,60.376,67.28,15.03,1,{'person': 1}
1507,yolo,3.025,1.66,63.371,69.702,14.98,1,{'person': 1}
1508,yolo,1.756,1.808,62.73,68.039,14.94,1,{'person': 1}
1509,yolo,1.587,1.892,60.374,65.313,14.89,1,{'person': 1}
1510,yolo,1.316,1.897,60.682,67.228,14.83,1,{'person': 1}
1511,yolo,2.012,1.499,59.973,64.627,14.79,1,{'person': 1}
1512,yolo,1.253,1.717,63.883,68.064,14.75,1,{'person': 1}
1513,yolo,1.648,1.5,61.732,66.305,14.73,1,{'person': 1}
1514,yolo,1.132,1.033,58.438,63.393,14.69,1,{'person': 1}
1515,yolo,1.817,1.097,55.788,59.906,14.71,1,{'person': 1}
1516,yolo,1.399,1.048,62.295,65.892,14.72,1,{'person': 1}
1517,yolo,1.464,1.671,59.068,63.735,14.68,1,{'person': 1}
1518,yolo,1.192,2.086,58.663,65.331,14.64,1,{'person': 1}
1519,yolo,1.638,0.904,62.692,66.198,14.67,1,{'person': 1}
1520,yolo,1.301,1.501,60.893,65.121,14.66,1,{'person': 1}
1521,yolo,1.156,1.042,54.073,57.31,14.73,1,{'person': 1}
1522,yolo,1.559,1.439,65.1,71.098,14.86,1,{'person': 1}
1523,yolo,2.059,1.029,58.007,62.388,14.88,1,{'person': 1}
1524,yolo,1.166,1.564,59.831,63.915,14.91,1,{'person': 1}
1525,yolo,1.084,1.516,56.386,60.249,14.98,1,{'person': 1}
1526,yolo,1.362,0.9,53.585,58.351,15.03,1,{'person': 1}
1527,yolo,2.326,1.579,64.971,70.362,14.96,1,{'person': 1}
1528,yolo,1.456,1.708,67.248,71.959,15.03,1,{'person': 1}
1529,yolo,1.834,1.815,64.299,69.465,15.08,1,{'person': 1}
1530,yolo,1.456,1.628,63.535,69.451,15.12,1,{'person': 1}
1531,yolo,1.963,1.477,68.196,72.947,15.03,1,{'person': 1}
1532,yolo,1.915,1.329,68.469,73.214,14.95,1,{'person': 1}
1533,yolo,1.62,1.819,69.071,74.188,14.98,1,{'person': 1}
1534,yolo,1.476,1.601,74.279,81.345,14.93,1,{'person': 1}
1535,yolo,2.178,1.81,67.47,73.17,14.88,1,{'person': 1}
1536,yolo,1.59,1.817,65.346,70.382,14.86,1,{'person': 1}
1537,yolo,1.371,1.712,69.523,74.176,14.83,1,{'person': 1}
1538,yolo,1.507,1.177,67.986,73.868,14.79,1,{'person': 1}
1539,yolo,2.057,1.187,72.294,77.107,14.7,1,{'person': 1}
1540,yolo,1.725,1.175,66.282,70.784,14.67,1,{'person': 1}
1541,yolo,1.749,1.956,73.943,79.198,14.57,1,{'person': 1}
1542,yolo,2.111,1.73,74.49,82.479,14.47,1,{'person': 1}
1543,yolo,2.184,1.81,82.103,87.926,14.32,1,{'person': 1}
1544,yolo,1.949,1.795,81.711,87.375,14.16,1,{'person': 1}
1545,yolo,2.874,1.9,114.441,122.585,13.75,1,{'person': 1}
1546,yolo,5.698,1.229,91.376,99.593,13.54,1,{'person': 1}
1547,yolo,2.092,1.46,72.546,77.326,13.46,1,{'person': 1}
1548,yolo,1.374,1.769,68.898,75.42,13.4,1,{'person': 1}
1549,yolo,2.061,1.083,56.214,60.589,13.43,1,{'person': 1}
1550,yolo,1.465,1.626,61.529,66.145,13.43,1,{'person': 1}
1551,yolo,1.462,1.562,61.802,66.244,13.37,1,{'person': 1}
1552,yolo,1.589,1.421,62.488,69.063,13.39,1,{'person': 1}
1553,yolo,2.268,1.682,62.204,67.896,13.35,1,{'person': 1}
1554,yolo,1.38,1.709,69.473,73.883,13.29,1,{'person': 1}
1555,yolo,1.198,1.17,64.607,68.144,13.25,1,{'person': 1}
1556,yolo,1.546,1.718,72.233,79.903,13.12,1,{'person': 1}
1557,yolo,2.222,1.833,67.911,73.571,13.1,1,{'person': 1}
1558,yolo,1.443,1.515,61.969,66.393,13.14,1,{'person': 1}
1559,yolo,1.441,1.675,61.098,65.439,13.16,1,{'person': 1}
1560,yolo,1.264,1.101,59.384,65.825,13.18,1,{'person': 1}
1561,yolo,1.577,1.099,63.237,67.147,13.21,1,{'person': 1}
1562,yolo,1.577,1.803,56.971,61.502,13.28,1,{'person': 1}
1563,yolo,1.599,1.0,62.931,66.676,13.33,1,{'person': 1}
1564,yolo,1.394,1.193,62.563,68.79,13.4,1,{'person': 1}
1565,yolo,2.167,1.569,57.317,62.518,13.47,1,{'person': 1}
1566,yolo,1.561,1.81,63.249,68.339,13.48,1,{'person': 1}
1567,yolo,1.401,0.994,64.861,68.468,13.51,1,{'person': 1}
1568,yolo,1.783,1.529,62.922,69.784,13.54,1,{'person': 1}
1569,yolo,1.847,1.416,64.722,69.73,13.58,1,{'person': 1}
1570,yolo,1.408,1.509,61.197,65.342,13.62,1,{'person': 1}
1571,yolo,1.199,1.058,61.316,64.71,13.71,1,{'person': 1}
1572,yolo,1.579,1.492,67.972,74.668,13.76,1,{'person': 1}
1573,yolo,1.958,1.472,60.872,65.874,13.9,1,{'person': 1}
1574,yolo,1.939,1.015,57.106,61.332,14.07,1,{'person': 1}
1575,yolo,1.891,1.097,63.511,67.814,14.44,1,{'person': 1}
1576,yolo,1.432,1.062,58.91,64.793,14.68,1,{'person': 1}
1577,yolo,1.798,1.928,85.705,90.921,14.58,1,{'person': 1}
1578,yolo,1.746,1.852,76.963,82.251,14.54,1,{'person': 1}
1579,yolo,1.605,1.38,69.526,76.371,14.43,1,{'person': 1}
1580,yolo,1.918,1.059,64.155,68.446,14.41,1,{'person': 1}
1581,yolo,1.499,1.917,76.071,80.861,14.31,1,{'person': 1}
1582,yolo,1.462,1.122,69.061,72.949,14.28,1,{'person': 1}
1583,yolo,1.691,1.982,73.462,81.479,14.19,1,{'person': 1}
1584,yolo,2.706,1.762,68.098,73.978,14.19,1,{'person': 1}
1585,yolo,1.355,1.729,72.29,76.979,14.13,1,{'person': 1}
1586,yolo,1.815,2.231,71.597,77.33,14.15,1,{'person': 1}
1587,yolo,1.495,1.13,61.209,66.847,14.19,1,{'person': 1}
1588,yolo,2.407,1.06,64.982,69.742,14.17,1,{'person': 1}
1589,yolo,1.337,1.705,58.119,62.788,14.19,1,{'person': 1}
1590,yolo,1.341,1.032,59.454,62.965,14.21,1,{'person': 1}
1591,yolo,1.282,0.962,59.002,63.984,14.23,1,{'person': 1}
1592,yolo,1.845,1.266,64.678,68.861,14.18,1,{'person': 1}
1593,yolo,1.528,1.068,58.507,62.444,14.21,1,{'person': 1}
1594,yolo,1.282,1.599,61.725,66.056,14.23,1,{'person': 1}
1595,yolo,1.507,0.958,61.168,66.091,14.2,1,{'person': 1}
1596,yolo,2.106,1.054,57.495,61.752,14.25,1,{'person': 1}
1597,yolo,1.168,1.615,57.432,61.621,14.29,1,{'person': 1}
1598,yolo,1.55,1.704,63.606,68.566,14.3,1,{'person': 1}
1599,yolo,1.496,1.206,57.285,63.075,14.35,1,{'person': 1}
1600,yolo,1.99,1.411,59.007,63.582,14.36,1,{'person': 1}
1601,yolo,1.418,1.004,61.455,65.118,14.36,1,{'person': 1}
1602,yolo,1.513,1.084,59.718,63.627,14.43,1,{'person': 1}
1603,yolo,1.285,1.102,59.967,65.096,14.44,1,{'person': 1}
